step_share,jump_ratio,step_over_gap,step_pos,path_over_gap,run,tier,prompt_id,seed,DR,Mmid,dino,clip,pix,abrupt,online
0.06760277599096298,32.70223617553711,0.5409993529319763,0.4732142857142857,8.002620697021484,R1,high,P01H,42,0.2188595980405807,0.1081081081081081,0.9612834453582764,0.4752006530761719,0.8643697500228882,False,False
0.0253165103495121,4.240626811981201,0.14107979834079742,0.07142857142857142,5.5726399421691895,R1,high,P01H,43,0.3899084627628326,0.2882882882882883,0.9877305626869202,0.4961796998977661,0.8499504923820496,False,False
0.041280023753643036,5.994225025177002,0.21547944843769073,0.42857142857142855,5.219944953918457,R1,high,P01H,44,0.2304056584835052,0.1891891891891892,0.9630113840103148,0.4758339524269104,0.9151155948638916,False,False
0.1527172029018402,21.484355926513672,0.832349956035614,0.16964285714285715,5.450270175933838,R1,high,P02H,42,0.3665714859962463,0.1261261261261261,0.7415554523468018,0.4675695896148681,0.883534848690033,True,False
0.055362775921821594,24.520153045654297,0.6146672964096069,0.4107142857142857,11.102538108825684,R1,high,P02H,43,0.3788688778877258,0.3063063063063063,1.0281020402908323,0.4894450902938843,0.8480965495109558,False,False
0.019982121884822845,2.3839128017425537,0.1538505256175995,0.15178571428571427,7.699409008026123,R1,high,P02H,44,0.3111121952533722,0.1711711711711711,1.041551947593689,0.4620754718780517,0.8089801073074341,False,False
0.026325387880206108,3.582634210586548,0.6348293423652649,0.6071428571428571,24.11471939086914,R1,high,P03H,42,0.4998024702072143,0.4774774774774775,0.7580409049987793,0.2730611562728882,0.9606642127037048,False,False
0.022839564830064774,2.913804292678833,0.851603627204895,0.26785714285714285,37.28633499145508,R1,high,P03H,43,0.4170341491699219,0.3513513513513513,0.6916404366493225,0.279171884059906,0.9432389736175536,False,False
0.021537499502301216,1.9968568086624146,0.5938714742660522,0.22321428571428573,27.573833465576172,R1,high,P03H,44,0.4991952180862427,0.0990990990990991,0.6890080571174622,0.3579896688461303,0.9465471506118774,False,False
0.041794802993535995,5.875702857971191,0.6801671981811523,0.8660714285714286,16.27396583557129,R1,high,P04H,42,0.5115640759468079,0.045045045045045,0.600055992603302,0.2208446860313415,0.9929393529891968,False,False
0.01983594335615635,1.997788667678833,0.8016482591629028,0.2767857142857143,40.41392135620117,R1,high,P04H,43,0.6933605670928955,0.5225225225225225,0.6436781287193298,0.3010459542274475,0.9058797955513,False,False
0.02075619250535965,2.691640853881836,0.8594406247138977,0.4017857142857143,41.40646743774414,R1,high,P04H,44,0.8784747123718262,0.6486486486486487,0.6592342853546143,0.1983303427696228,0.9513954520225524,False,False
0.021432071924209595,2.230327606201172,0.5941526293754578,0.33035714285714285,27.72259521484375,R1,high,P05H,42,0.6018710732460022,0.4504504504504504,0.9827249646186828,0.4759860038757324,1.0266987085342407,False,False
0.02833371050655842,3.1016602516174316,0.8815133571624756,0.16071428571428573,31.11182403564453,R1,high,P05H,43,0.6850706934928894,0.5135135135135135,0.9647729992866516,0.4232716560363769,1.0442242622375488,False,False
0.04110094904899597,5.23940372467041,1.5844351053237915,0.26785714285714285,38.549842834472656,R1,high,P05H,44,0.5380000472068787,0.5855855855855856,0.9879730343818665,0.4505544304847717,1.0497446060180664,False,False
0.039231885224580765,6.747399806976318,0.1844276636838913,0.08035714285714286,4.700963497161865,R1,high,P06H,42,0.2014235407114029,0.2792792792792792,0.9806668758392334,0.4143548011779785,0.8330869674682617,False,False
0.055701203644275665,37.7027702331543,0.41572755575180054,0.26785714285714285,7.463529109954834,R1,high,P06H,43,0.1563375741243362,0.1171171171171171,1.005301594734192,0.4324915409088135,0.8834311366081238,False,False
0.032074518501758575,7.9191389083862305,0.26230698823928833,0.22321428571428573,8.17805004119873,R1,high,P06H,44,0.2093205749988556,0.1171171171171171,0.9983325600624084,0.4081817865371704,0.8389516472816467,False,False
0.02414429746568203,5.807435512542725,0.31561043858528137,0.29464285714285715,13.071842193603516,R1,high,P07H,42,0.3702477812767029,0.09009009009009,1.0277444124221802,0.435484766960144,0.7564296722412109,False,False
0.042173855006694794,12.120274543762207,0.3599132299423218,0.25892857142857145,8.534036636352539,R1,high,P07H,43,0.2372701168060302,0.2252252252252252,1.0062681436538696,0.4105416536331177,0.8776676654815674,False,False
0.023636730387806892,5.58642053604126,0.38666924834251404,0.05357142857142857,16.358829498291016,R1,high,P07H,44,0.3373394906520843,0.063063063063063,0.985041320323944,0.4895201325416565,0.758611261844635,False,False
0.07591159641742706,17.411663055419922,0.6350682377815247,0.008928571428571428,8.365891456604004,R1,high,P08H,42,0.3675394356250763,0.2342342342342342,1.0139449834823608,0.3884828090667724,0.9529079794883728,True,False
0.05907198786735535,16.794801712036133,0.29933714866638184,0.017857142857142856,5.067327976226807,R1,high,P08H,43,0.3691661655902862,0.2162162162162162,1.0075950622558594,0.4101274013519287,0.961197555065155,False,False
0.0552295558154583,7.960571765899658,0.3764593005180359,0.0625,6.81626558303833,R1,high,P08H,44,0.3518728017807007,0.2792792792792792,1.0002928972244265,0.4643821716308594,0.94828462600708,False,False
0.026409180834889412,2.645505666732788,0.9153092503547668,0.0,34.65875244140625,R1,high,P09H,42,0.604594349861145,0.7837837837837838,0.9430845379829408,0.4123174548149109,0.7780449390411377,False,False
0.02156730554997921,2.067671775817871,1.1323517560958862,0.0,52.5031623840332,R1,high,P09H,43,0.9019961953163148,0.7657657657657657,0.8987104892730713,0.5162885189056396,0.7421147227287292,False,False
0.022632239386439323,2.068683385848999,0.9605447053909302,0.017857142857142856,42.441436767578125,R1,high,P09H,44,0.5909912586212158,0.6216216216216216,0.9566075801849364,0.4725403189659118,0.861601710319519,False,False
0.022698216140270233,2.77376389503479,0.1770363450050354,0.08928571428571429,7.7995710372924805,R1,high,P10H,42,1.5282336473464966,0.5495495495495496,0.8633378744125366,0.4492248296737671,0.452422022819519,False,False
0.03588888794183731,4.296860218048096,0.2603354752063751,0.26785714285714285,7.25393009185791,R1,high,P10H,43,0.8341830968856812,0.4234234234234234,0.9694121479988098,0.4839855432510376,0.5832571387290955,False,False
0.05186953768134117,7.495663642883301,0.38072067499160767,0.1875,7.339966773986816,R1,high,P10H,44,0.9346004128456116,0.3513513513513513,0.9673793315887452,0.521384596824646,0.7413479685783386,False,False
0.02930382266640663,3.9309396743774414,0.18191136419773102,0.7232142857142857,6.207769393920898,R1,high,P11H,42,0.2324092388153076,0.045045045045045,0.9947289228439332,0.4631502032279968,1.1306662559509275,False,False
0.026892894878983498,3.6445043087005615,0.12654155492782593,0.30357142857142855,4.705389976501465,R1,high,P11H,43,0.2283928990364074,0.0990990990990991,0.9712607264518738,0.4359375238418579,1.0953075885772705,False,False
0.033765845000743866,5.563239097595215,0.17860177159309387,0.7053571428571429,5.289421081542969,R1,high,P11H,44,0.3425371646881103,0.045045045045045,0.9626429677009584,0.4009506702423095,1.0086910724639893,False,False
0.022731708362698555,3.1983509063720703,0.32547274231910706,0.6339285714285714,14.31800651550293,R1,high,P12H,42,0.4336347877979278,0.2792792792792792,0.9307236671447754,0.4917777776718139,0.877729594707489,False,False
0.02750316821038723,3.2050654888153076,0.4428333044052124,0.3392857142857143,16.10117530822754,R1,high,P12H,43,0.4713688492774963,0.3693693693693693,0.937796115875244,0.5307897329330444,0.8347966074943542,False,False
0.017249414697289467,2.113966464996338,0.1965916007757187,0.4375,11.397000312805176,R1,high,P12H,44,0.4102959632873535,0.2702702702702703,0.9411872625350952,0.4976664185523987,0.8220895528793335,False,False
0.024653419852256775,7.127659320831299,0.158648282289505,0.07142857142857142,6.435142517089844,R1,high,P13H,42,0.4872244894504547,0.3423423423423423,0.973843514919281,0.4593563675880432,0.9377205967903136,False,False
0.024342164397239685,2.854580879211426,0.24728812277317047,0.5446428571428571,10.158838272094727,R1,high,P13H,43,0.3977848887443542,0.2702702702702703,0.9722458720207214,0.4550157189369201,0.9309099912643432,False,False
0.03560268133878708,3.443312883377075,0.25610941648483276,0.2857142857142857,7.19354248046875,R1,high,P13H,44,0.2932494878768921,0.1531531531531531,0.9717490673065186,0.4212028980255127,0.98465895652771,False,False
0.02848534844815731,5.599645614624023,0.1578158289194107,0.2767857142857143,5.540245532989502,R1,high,P14H,42,0.1206735745072364,0.2072072072072072,0.9383891820907592,0.4968672394752502,0.9337234497070312,False,False
0.02166818268597126,2.1892683506011963,0.4012814164161682,0.26785714285714285,18.519386291503906,R1,high,P14H,43,0.4688906967639923,0.2972972972972973,0.931554079055786,0.52934730052948,0.8184349536895752,False,False
0.02135911025106907,2.0500757694244385,0.22267372906208038,0.21428571428571427,10.425233840942383,R1,high,P14H,44,0.3053021132946014,0.2972972972972973,0.9576407670974731,0.5052523016929626,0.9845015406608582,False,False
0.02799316495656967,5.54272985458374,0.4355936050415039,0.5892857142857143,15.560712814331055,R1,high,P15H,42,0.2688423693180084,0.072072072072072,0.9510506987571716,0.604723334312439,0.9735817909240724,False,False
0.015103946439921856,1.4335987567901611,0.2974150776863098,0.6428571428571429,19.69121551513672,R1,high,P15H,43,0.3373736143112182,0.1531531531531531,1.0357707738876345,0.6223694086074829,0.9526162147521972,False,False
0.02773255854845047,2.923628330230713,0.74564528465271,0.7142857142857143,26.88699722290039,R1,high,P15H,44,0.4263546466827392,0.072072072072072,1.0448477268218994,0.5443874597549438,0.9043270349502563,False,False
0.05142210051417351,10.511967658996582,0.26696863770484924,0.42857142857142855,5.191709995269775,R1,high,P16H,42,0.0695377439260482,0.1801801801801801,0.9719672799110411,0.4770284295082092,1.1666666269302368,False,True
0.04037472978234291,17.752487182617188,0.23032157123088837,0.16071428571428573,5.704597473144531,R1,high,P16H,43,0.2407561242580413,0.1531531531531531,0.9896607398986816,0.5373905897140503,1.0785634517669678,False,False
0.028483940288424492,3.118105411529541,0.1400403380393982,0.5267857142857143,4.91646671295166,R1,high,P16H,44,0.1320962011814117,0.2252252252252252,0.951047420501709,0.5082496404647827,1.2288278341293335,False,False
0.03671406954526901,16.098669052124023,0.268095999956131,0.24107142857142858,7.3022685050964355,R1,high,P17H,42,0.2310139536857605,0.1801801801801801,0.963796854019165,0.5440541505813599,0.8803357481956482,False,False
0.042134545743465424,28.339414596557617,0.3987988233566284,0.4017857142857143,9.464890480041504,R1,high,P17H,43,0.2129435688257217,0.1531531531531531,0.9756292104721068,0.531732439994812,0.8557096719741821,False,False
0.028226511552929878,4.618246555328369,0.27845072746276855,0.36607142857142855,9.86486530303955,R1,high,P17H,44,0.1112291142344474,0.2072072072072072,0.9588172435760498,0.566246747970581,0.8647288084030151,False,True
0.023870114237070084,2.6809399127960205,0.413122296333313,0.22321428571428573,17.30709457397461,R1,high,P18H,42,0.6306691765785217,0.4774774774774775,0.9581049084663392,0.3889907002449035,0.9473702907562256,False,False
0.03679948300123215,5.398674011230469,0.4724351465702057,0.33035714285714285,12.838092803955078,R1,high,P18H,43,0.498278796672821,0.4054054054054054,0.938462734222412,0.3792625069618225,1.0506864786148071,False,False
0.017319709062576294,1.6611719131469727,0.39300787448883057,0.4107142857142857,22.69136619567871,R1,high,P18H,44,0.634707510471344,0.4774774774774775,0.9677277207374572,0.4478463530540466,1.0280647277832031,False,False
0.01958579383790493,2.3770060539245605,0.49085769057273865,0.6071428571428571,25.06192398071289,R1,high,P19H,42,0.6490057110786438,0.4234234234234234,0.9637221693992616,0.5113089084625244,0.6614232063293457,False,False
0.04636796936392784,5.711332321166992,1.0055443048477173,0.7589285714285714,21.68618392944336,R1,high,P19H,43,0.7240613102912903,0.5765765765765766,0.979777455329895,0.5225080847740173,0.6658166646957397,False,False
0.015429346822202206,1.6122376918792725,0.39565372467041016,0.6428571428571429,25.642932891845703,R1,high,P19H,44,0.7135919332504272,0.2612612612612612,0.9636756777763368,0.4839175939559936,0.7019528150558472,False,False
0.03194621205329895,7.933490753173828,0.24712620675563812,0.44642857142857145,7.735697269439697,R1,high,P20H,42,0.1973133385181427,0.0990990990990991,1.0140897035598757,0.5486209392547607,1.576559066772461,False,False
0.04283361881971359,13.529008865356445,0.25128287076950073,0.35714285714285715,5.866487503051758,R1,high,P20H,43,0.4279608428478241,0.2162162162162162,1.029374599456787,0.5345819592475891,1.6008572578430176,False,False
0.07370017468929291,15.671027183532715,0.3960648775100708,0.21428571428571427,5.374001979827881,R1,high,P20H,44,0.1694928109645843,0.036036036036036,1.0341235399246216,0.5652387142181396,1.6135187149047852,False,False
0.044192224740982056,44.08076477050781,0.18264152109622955,0.2767857142857143,4.132887840270996,R1,high,P21H,42,0.0746936351060867,0.072072072072072,1.0002923011779783,0.6272400617599487,1.1314127445220947,False,True
0.036867089569568634,131.0703125,0.7154287695884705,0.26785714285714285,19.405620574951172,R1,high,P21H,43,0.0135028138756752,0.2522522522522522,1.003332257270813,0.6287878751754761,1.1034016609191897,False,True
0.026164740324020386,94.5085220336914,0.9055708646774292,0.24107142857142858,34.6103515625,R1,high,P21H,44,0.1429557055234909,0.3513513513513513,1.0289900302886963,0.6322095394134521,1.138692855834961,False,False
0.02660091407597065,3.1834447383880615,0.23264619708061218,0.5892857142857143,8.745797157287598,R1,high,P22H,42,0.4245811104774475,0.2072072072072072,0.9482151865959167,0.6033592820167542,0.8907825946807861,False,False
0.035195425152778625,6.372287273406982,0.3435802757740021,0.35714285714285715,9.76207160949707,R1,high,P22H,43,0.3233966529369354,0.2072072072072072,1.00128173828125,0.5269863605499268,0.9471622109413148,False,False
0.02644381672143936,5.572815418243408,0.22015677392482758,0.33035714285714285,8.325453758239746,R1,high,P22H,44,0.2801524400711059,0.2252252252252252,1.0291283130645752,0.516017735004425,1.017709255218506,False,False
0.020677538588643074,2.323533535003662,0.3123778998851776,0.6517857142857143,15.107111930847168,R1,high,P23H,42,0.2616536021232605,0.2792792792792792,1.011264085769653,0.3833743333816528,0.924743354320526,False,False
0.017175372689962387,1.9332716464996338,0.29107582569122314,0.5892857142857143,16.947277069091797,R1,high,P23H,43,0.3158778548240661,0.1981981981981982,1.025318622589111,0.4599366188049316,1.0633901357650757,False,False
0.02002698928117752,2.2653822898864746,0.5578845143318176,0.4107142857142857,27.856632232666016,R1,high,P23H,44,0.3577645123004913,0.1891891891891892,1.007401466369629,0.4259698987007141,1.0887621641159058,False,False
0.023313045501708984,2.4786112308502197,0.20997442305088043,0.5,9.006735801696777,R1,high,P24H,42,0.5826928615570068,0.4504504504504504,0.967316508293152,0.6291310787200928,0.9251785278320312,False,False
0.04136660322546959,6.847034931182861,0.27956637740135193,0.21428571428571427,6.758262634277344,R1,high,P24H,43,0.3231741786003113,0.1261261261261261,0.975692868232727,0.6207418441772461,0.9537668824195862,False,False
0.032109182327985764,5.258474826812744,0.30453258752822876,0.21428571428571427,9.484284400939941,R1,high,P24H,44,0.5693420767784119,0.2432432432432432,0.9585490226745604,0.6247490644454956,0.9229518175125122,False,False
0.03777129203081131,6.021344184875488,0.6775524616241455,0.5357142857142857,17.938291549682617,R1,high,P25H,42,0.4809509813785553,0.018018018018018,0.9838753938674928,0.5576696991920471,0.5502440333366394,False,False
0.024670539423823357,2.284796953201294,0.5303680896759033,0.5357142857142857,21.49803352355957,R1,high,P25H,43,0.3610032796859741,0.054054054054054,1.003044605255127,0.5614707469940186,0.5147795081138611,False,False
0.029175084084272385,4.410751819610596,0.4893455505371094,0.4732142857142857,16.772722244262695,R1,high,P25H,44,0.3183240890502929,0.1981981981981982,1.010129690170288,0.517387866973877,0.5685437321662903,False,False
0.019711419939994812,1.7419567108154297,0.30147525668144226,0.6696428571428571,15.29444694519043,R1,high,P26H,42,0.3747615218162536,0.1081081081081081,1.026954174041748,0.6211886405944824,0.8664407730102539,False,False
0.019189072772860527,2.0031228065490723,0.40650713443756104,0.6071428571428571,21.184301376342773,R1,high,P26H,43,0.4460445642471313,0.09009009009009,0.9732735753059388,0.6436824202537537,0.8539745807647705,False,False
0.016653884202241898,1.3747544288635254,0.4159986674785614,0.21428571428571427,24.979076385498047,R1,high,P26H,44,0.748400092124939,0.072072072072072,1.0168626308441162,0.5989166498184204,0.8911552429199219,False,False
0.029796816408634186,3.07139253616333,0.2371397316455841,0.07142857142857142,7.958559513092041,R1,high,P27H,42,0.4179340004920959,0.3693693693693693,0.9842872023582458,0.5631046891212463,1.2667279243469238,False,False
0.04043957218527794,5.1246514320373535,0.17604802548885345,0.008928571428571428,4.353360176086426,R1,high,P27H,43,0.3181856870651245,0.3603603603603603,0.9562029838562012,0.585328221321106,1.2645801305770874,False,False
0.04068051651120186,6.688902854919434,0.5856992602348328,0.21428571428571427,14.397537231445312,R1,high,P27H,44,0.4429912269115448,0.045045045045045,0.9905967712402344,0.5710816383361816,1.2271840572357178,False,False
0.032390788197517395,2.909569025039673,0.2864435315132141,0.16071428571428573,8.843364715576172,R1,high,P28H,42,0.3240488171577453,0.2522522522522522,1.0035260915756226,0.58359694480896,0.9141878485679626,False,False
0.036887116730213165,5.613132953643799,0.31481966376304626,0.16071428571428573,8.534677505493164,R1,high,P28H,43,0.2310631871223449,0.1441441441441441,0.9866362810134888,0.5986596941947937,0.9346669912338256,False,False
0.034503038972616196,33.315467834472656,0.30622047185897827,0.3392857142857143,8.875173568725586,R1,high,P28H,44,0.2152128219604492,0.1441441441441441,1.020148515701294,0.6184862852096558,0.9787381291389464,False,False
0.034393224865198135,5.398468494415283,0.2309703528881073,0.6607142857142857,6.715577125549316,R1,high,P29H,42,0.5419955849647522,0.5045045045045045,1.0307660102844238,0.6656415462493896,1.0815192461013794,False,False
0.03609057515859604,7.520813941955566,0.2020341157913208,0.3392857142857143,5.59797477722168,R1,high,P29H,43,0.3929069936275482,0.3873873873873873,1.0134745836257937,0.6691194772720337,1.048943281173706,False,False
0.04323560371994972,7.65714168548584,0.13373392820358276,0.5625,3.0931434631347656,R1,high,P29H,44,0.2886220216751098,0.2702702702702703,1.0136805772781372,0.6842086315155029,1.1566120386123655,False,False
0.02032654359936714,4.4752349853515625,0.026039618998765945,0.42857142857142855,1.2810648679733276,R1,high,P30H,42,0.0523658096790313,0.2252252252252252,1.028456449508667,0.5665619373321533,0.9502676129341124,False,True
0.017413876950740814,2.2731268405914307,0.026906412094831467,0.5714285714285714,1.5451133251190186,R1,high,P30H,43,0.1371595114469528,0.2792792792792792,1.0186641216278076,0.5853312611579895,0.9266222715377808,False,False
0.020169856026768684,2.7360804080963135,0.03709227964282036,0.5714285714285714,1.8389958143234253,R1,high,P30H,44,0.1163506433367729,0.2432432432432432,0.9644806385040284,0.5096978545188904,0.9242243766784668,False,True
0.019068755209445953,2.5446455478668213,0.07301018387079239,0.5357142857142857,3.8287856578826904,R1,low,P01L,42,0.3995802104473114,0.2432432432432432,0.3486518859863281,0.1323038339614868,0.7487712502479553,False,False
0.01960093341767788,2.203033924102783,0.06706811487674713,0.05357142857142857,3.421679735183716,R1,low,P01L,43,0.2863529622554779,0.2882882882882883,0.1032699942588806,0.1392945051193237,0.6538048386573792,False,False
0.04663800820708275,12.604299545288086,0.2647358775138855,0.21428571428571427,5.676397323608398,R1,low,P01L,44,0.3687728941440582,0.081081081081081,0.1944012641906738,0.1329407691955566,0.7096536755561829,False,False
0.046737831085920334,6.180542945861816,0.249724879860878,0.008928571428571428,5.343099594116211,R1,low,P06L,42,0.3546831011772156,0.4414414414414414,0.9073150157928468,0.3632093667984009,0.8829370141029358,False,False
0.013348127715289593,1.4528751373291016,0.41728997230529785,0.125,31.262062072753906,R1,low,P06L,43,0.6850451231002808,0.7297297297297297,0.7185764312744141,0.1734261512756347,1.0393754243850708,False,False
0.03305713087320328,7.638660430908203,0.28053444623947144,0.21428571428571427,8.48635196685791,R1,low,P06L,44,0.2407466024160385,0.2072072072072072,0.6390891671180725,0.2878319025039673,0.8900290727615356,False,False
0.031068962067365646,3.79105281829834,0.3797970712184906,0.5892857142857143,12.224324226379395,R1,low,P09L,42,0.4399754106998443,0.4774774774774775,0.7299018502235413,0.1592835187911987,0.8672255277633667,False,False
0.022875109687447548,2.7102463245391846,0.6784648895263672,0.08035714285714286,29.659523010253906,R1,low,P09L,43,0.5956738591194153,0.1441441441441441,0.4891654849052429,0.2398167848587036,0.9043744802474976,False,False
0.03852909058332443,4.186646938323975,0.9740622043609619,0.08928571428571429,25.28121566772461,R1,low,P09L,44,0.3949073553085327,0.0,0.5432265996932983,0.2829193472862243,0.9040369391441344,False,False
0.016721030697226524,2.054314374923706,0.09676137566566467,0.24107142857142858,5.786807060241699,R1,low,P10L,42,0.3307035565376282,0.2432432432432432,0.6583950519561768,0.385000467300415,0.6680316925048828,False,False
0.020105965435504913,2.561042070388794,0.084937185049057,0.125,4.224476337432861,R1,low,P10L,43,0.263030469417572,0.2792792792792792,0.6203498840332031,0.2961295843124389,0.6476515531539917,False,False
0.025934932753443718,3.213336944580078,0.18160980939865112,0.21428571428571427,7.002516746520996,R1,low,P10L,44,0.4435485601425171,0.2342342342342342,0.5050454139709473,0.3783685564994812,0.7082663178443909,False,False
0.05952168628573418,6.927284240722656,0.1736232340335846,0.2767857142857143,2.9169743061065674,R1,low,P11L,42,0.2257488369941711,0.3333333333333333,0.4794397950172424,0.2161265611648559,0.4177244007587433,False,False
0.017212720587849617,2.4616401195526123,0.052087198942899704,0.2857142857142857,3.026087760925293,R1,low,P11L,43,0.165017768740654,0.2162162162162162,0.2394423484802246,0.111679196357727,0.6606460213661194,False,False
0.02207118831574917,2.6138222217559814,0.07752210646867752,0.42857142857142855,3.512366771697998,R1,low,P11L,44,0.2369699478149414,0.09009009009009,0.4102662801742553,0.1652761101722717,0.4918493032455444,False,False
0.08025603741407394,11.132035255432129,0.16273464262485504,0.35714285714285715,2.027693510055542,R1,low,P14L,42,0.135253444314003,0.2432432432432432,0.6479144096374512,0.287176251411438,0.8173085451126099,False,False
0.030977435410022736,4.217306137084961,0.07831747829914093,0.2857142857142857,2.5282106399536133,R1,low,P14L,43,0.244133785367012,0.1261261261261261,0.3720131516456604,0.1974408626556396,0.6672502756118774,False,False
0.021530892699956894,2.6159753799438477,0.10658864676952362,0.8214285714285714,4.950498580932617,R1,low,P14L,44,0.2583184242248535,0.2522522522522522,0.3318883180618286,0.2186813354492187,0.7539554834365845,False,False
0.03562323749065399,5.249137878417969,0.6714274287223816,0.5625,18.848018646240234,R1,low,P17L,42,0.5627155900001526,0.4864864864864865,0.4325727224349975,0.2695838212966919,0.6204431056976318,False,False
0.022891947999596596,2.6611557006835938,0.17306606471538544,0.39285714285714285,7.5601277351379395,R1,low,P17L,43,0.3836748898029327,0.3333333333333333,0.2900258302688598,0.2556569576263428,0.6403353214263916,False,False
0.024086160585284233,3.2122390270233154,0.20320013165473938,0.35714285714285715,8.436385154724121,R1,low,P17L,44,0.3890767395496368,0.0990990990990991,0.3069297075271606,0.1655341386795044,0.8118918538093567,False,False
0.052886996418237686,16.746379852294922,0.5854502320289612,0.6160714285714286,11.069833755493164,R1,low,P19L,42,0.2652509212493896,0.3423423423423423,0.8050398826599121,0.4020713567733764,0.7282463908195496,False,False
0.05193007364869118,6.0759406089782715,0.27986040711402893,0.3392857142857143,5.3891777992248535,R1,low,P19L,43,0.2699269354343414,0.1801801801801801,0.6310333609580994,0.3349423408508301,0.7380673885345459,False,False
0.04361451789736748,6.9752678871154785,0.2969329357147217,0.21428571428571427,6.808121681213379,R1,low,P19L,44,0.3043816387653351,0.2072072072072072,0.8303700685501099,0.4054116606712341,0.7486059665679932,False,False
0.12767399847507477,22.091812133789062,0.279069185256958,0.16071428571428573,2.1857948303222656,R1,low,P23L,42,0.2040704190731048,0.1531531531531531,0.2240952253341674,0.1499130725860595,1.2834216356277466,False,False
0.055777084082365036,9.813899993896484,0.10526975989341736,0.16071428571428573,1.8873300552368164,R1,low,P23L,43,0.2038029432296753,0.1711711711711711,0.1205244064331054,0.1138986349105835,1.2022327184677124,False,False
0.024801790714263916,3.5999739170074463,0.04082688316702843,0.375,1.6461265087127686,R1,low,P23L,44,0.1674662381410598,0.1711711711711711,0.1425179839134216,0.110803484916687,1.1641076803207395,False,False
0.05019042268395424,8.68779468536377,0.19966310262680054,0.16071428571428573,3.978111743927002,R1,low,P28L,42,0.3365627825260162,0.3153153153153153,0.2094349265098571,0.1584940552711486,1.0797282457351685,False,False
0.068943090736866,18.507213592529297,0.3141573369503021,0.09821428571428571,4.556763172149658,R1,low,P28L,43,0.1941225379705429,0.2612612612612612,0.2905809879302978,0.1854907870292663,1.1707024574279783,False,False
0.09909538924694061,37.59564971923828,0.5322993993759155,0.21428571428571427,5.371585845947266,R1,low,P28L,44,0.1310484111309051,0.036036036036036,0.4684293270111084,0.2506862282752991,1.2830419540405271,False,False
0.055099327117204666,32.197052001953125,0.5080491304397583,0.5047619047619047,9.22060489654541,R2,high,P01H,42,0.2175351679325103,0.2307692307692307,0.9612834453582764,0.4752006530761719,0.8643697500228882,False,False
0.19969268143177032,30.178979873657227,0.7168740630149841,0.17142857142857143,3.5898866653442383,R2,high,P02H,42,0.4327459335327148,0.4615384615384615,0.7415554523468018,0.4675695896148681,0.883534848690033,True,False
0.02204330451786518,2.2731003761291504,0.3923207223415375,0.29523809523809524,17.7977294921875,R2,high,P03H,42,0.3621748685836792,0.4326923076923077,0.7580409049987793,0.2730611562728882,0.9606642127037048,False,False
0.04304691404104233,7.250721454620361,0.37869808077812195,0.0,8.797334671020508,R2,high,P04H,42,0.4110498130321502,0.0673076923076923,0.600055992603302,0.2208446860313415,0.9929393529891968,False,False
0.030543694272637367,2.809344530105591,0.7324749827384949,0.2571428571428571,23.981218338012695,R2,high,P05H,42,0.6109315752983093,0.2980769230769231,0.9827249646186828,0.4759860038757324,1.0266987085342407,False,False
0.2855718731880188,42.672332763671875,0.7895289063453674,0.009523809523809525,2.7647292613983154,R2,high,P06H,42,0.2366658002138137,0.3173076923076923,0.9806668758392334,0.4143548011779785,0.8330869674682617,True,False
0.0247733723372221,5.983396053314209,0.3059965968132019,0.3333333333333333,12.351835250854492,R2,high,P07H,42,0.362765371799469,0.0769230769230769,1.0277444124221802,0.435484766960144,0.7564296722412109,False,False
0.1280219852924347,23.035051345825195,0.6706384420394897,0.009523809523809525,5.238462924957275,R2,high,P08H,42,0.3813450634479522,0.25,1.0139449834823608,0.3884828090667724,0.9529079794883728,True,False
0.04506849870085716,3.347412109375,1.085877776145935,0.0,24.093942642211914,R2,high,P09H,42,0.5338831543922424,0.0,0.9430845379829408,0.4123174548149109,0.7780449390411377,False,False
0.029150091111660004,3.485650062561035,0.27318426966667175,0.7333333333333333,9.371644973754883,R2,high,P10H,42,1.751131534576416,0.4134615384615384,0.8633378744125366,0.4492248296737671,0.452422022819519,False,False
0.04670802876353264,12.09134578704834,0.1944248229265213,0.7047619047619048,4.1625566482543945,R2,high,P11H,42,0.2790339887142181,0.1153846153846153,0.9947289228439332,0.4631502032279968,1.1306662559509275,False,False
0.03813984990119934,6.970670700073242,0.34429439902305603,0.6,9.027155876159668,R2,high,P12H,42,0.2013889402151107,0.1634615384615384,0.9307236671447754,0.4917777776718139,0.877729594707489,False,False
0.02502131462097168,2.6864235401153564,0.20059920847415924,0.19047619047619047,8.017132759094238,R2,high,P13H,42,0.4509792327880859,0.2884615384615384,0.973843514919281,0.4593563675880432,0.9377205967903136,False,False
0.033105965703725815,3.0622551441192627,0.17980295419692993,0.19047619047619047,5.4311347007751465,R2,high,P14H,42,0.1590671837329864,0.2211538461538461,0.9383891820907592,0.4968672394752502,0.9337234497070312,False,False
0.01900227926671505,1.5855169296264648,0.3382982313632965,0.5904761904761905,17.80303382873535,R2,high,P15H,42,0.3223012685775757,0.1346153846153846,0.9510506987571716,0.604723334312439,0.9735817909240724,False,False
0.05925287678837776,74.82242584228516,0.2609255313873291,0.21904761904761905,4.403592586517334,R2,high,P16H,42,0.0080989161506295,0.0769230769230769,0.9719672799110411,0.4770284295082092,1.1666666269302368,False,True
0.05450967326760292,24.961376190185547,0.3264882266521454,0.45714285714285713,5.989546298980713,R2,high,P17H,42,0.2524178624153137,0.2019230769230769,0.963796854019165,0.5440541505813599,0.8803357481956482,False,False
0.029258185997605324,3.398590326309204,0.5261611938476562,0.23809523809523808,17.983383178710938,R2,high,P18H,42,0.6588096618652344,0.4615384615384615,0.9581049084663392,0.3889907002449035,0.9473702907562256,False,False
0.02040649577975273,2.1340677738189697,0.40314382314682007,0.7238095238095238,19.75566291809082,R2,high,P19H,42,0.8476563692092896,0.625,0.9637221693992616,0.5113089084625244,0.6614232063293457,False,False
0.03548730909824371,14.059913635253906,0.27939462661743164,0.38095238095238093,7.873085975646973,R2,high,P20H,42,0.1228091940283775,0.1057692307692307,1.0140897035598757,0.5486209392547607,1.576559066772461,False,False
0.06446070224046707,34.549354553222656,0.24473075568675995,0.2571428571428571,3.796588659286499,R2,high,P21H,42,0.0758451372385025,0.0576923076923076,1.0002923011779783,0.6272400617599487,1.1314127445220947,False,True
0.044313762336969376,5.5339250564575195,0.44142886996269226,0.5714285714285714,9.961440086364746,R2,high,P22H,42,0.4687168896198272,0.3846153846153846,0.9482151865959167,0.6033592820167542,0.8907825946807861,False,False
0.02354772761464119,2.8429017066955566,0.27240172028541565,0.4,11.568068504333496,R2,high,P23H,42,0.2503550946712494,0.2115384615384615,1.011264085769653,0.3833743333816528,0.924743354320526,False,False
0.04965962469577789,10.48237419128418,0.39955052733421326,0.11428571428571428,8.045782089233398,R2,high,P24H,42,0.5179364681243896,0.4134615384615384,0.967316508293152,0.6291310787200928,0.9251785278320312,False,False
0.05006472393870354,17.073448181152344,0.8641529679298401,0.49523809523809526,17.26071548461914,R2,high,P25H,42,0.2825421094894409,0.0769230769230769,0.9838753938674928,0.5576696991920471,0.5502440333366394,False,False
0.0325484462082386,3.4309709072113037,0.514442503452301,0.2761904761904762,15.805440902709961,R2,high,P26H,42,0.2475581914186477,0.0576923076923076,1.026954174041748,0.6211886405944824,0.8664407730102539,False,False
0.060553159564733505,25.680646896362305,0.3898334503173828,0.0761904761904762,6.437870979309082,R2,high,P27H,42,0.3229331374168396,0.3942307692307692,0.9842872023582458,0.5631046891212463,1.2667279243469238,False,False
0.10047167539596558,134.04637145996094,0.7515645623207092,0.009523809523809525,7.480362415313721,R2,high,P28H,42,0.303261786699295,0.2692307692307692,1.0035260915756226,0.58359694480896,0.9141878485679626,True,False
0.06093912199139595,28.679828643798828,0.3893921971321106,0.1523809523809524,6.38985538482666,R2,high,P29H,42,0.4871563911437988,0.4711538461538461,1.0307660102844238,0.6656415462493896,1.0815192461013794,False,False
0.02478705905377865,6.496129035949707,0.03185967728495598,0.4380952380952381,1.2853351831436157,R2,high,P30H,42,0.066800370812416,0.2115384615384615,1.028456449508667,0.5665619373321533,0.9502676129341124,False,True
0.021342743188142776,2.682284355163574,0.08188284188508987,0.2857142857142857,3.8365659713745117,R2,low,P01L,42,0.4497851729393005,0.3653846153846153,0.3486518859863281,0.1323038339614868,0.7487712502479553,False,False
0.0308943223208189,3.8941071033477783,0.1650622934103012,0.0,5.342803478240967,R2,low,P06L,42,0.29411780834198,0.2307692307692307,0.9073150157928468,0.3632093667984009,0.8829370141029358,False,False
0.08633392304182053,26.084020614624023,0.42118147015571594,0.009523809523809525,4.878516674041748,R2,low,P09L,42,0.2991207838058471,0.2307692307692307,0.7299018502235413,0.1592835187911987,0.8672255277633667,False,False
0.01972675696015358,2.22836971282959,0.1213696077466011,0.37142857142857144,6.1525373458862305,R2,low,P10L,42,0.2685820162296295,0.2884615384615384,0.6583950519561768,0.385000467300415,0.6680316925048828,False,False
0.026116080582141876,2.805194854736328,0.06649874895811081,0.29523809523809524,2.5462758541107178,R2,low,P11L,42,0.2507122159004211,0.173076923076923,0.4794397950172424,0.2161265611648559,0.4177244007587433,False,False
0.09144099056720734,18.14746856689453,0.22825667262077332,0.38095238095238093,2.496218204498291,R2,low,P14L,42,0.131235659122467,0.2788461538461538,0.6479144096374512,0.287176251411438,0.8173085451126099,False,False
0.04009092599153519,7.597290992736816,0.6920560598373413,0.6,17.262163162231445,R2,low,P17L,42,0.4974645674228668,0.3365384615384615,0.4325727224349975,0.2695838212966919,0.6204431056976318,False,False
0.048843760043382645,17.965927124023438,0.6117710471153259,0.6,12.525059700012207,R2,low,P19L,42,0.2397515624761581,0.3461538461538461,0.8050398826599121,0.4020713567733764,0.7282463908195496,False,False
0.09128031879663467,14.160480499267578,0.1783064305782318,0.17142857142857143,1.9533941745758057,R2,low,P23L,42,0.1557104885578155,0.1923076923076923,0.2240952253341674,0.1499130725860595,1.2834216356277466,False,False
0.04696136713027954,9.353882789611816,0.18177960813045502,0.11428571428571428,3.870832920074463,R2,low,P28L,42,0.283913791179657,0.4326923076923077,0.2094349265098571,0.1584940552711486,1.0797282457351685,False,False
0.027156541123986244,4.043232440948486,0.16576415300369263,0.08571428571428572,6.104022979736328,R2,high,P01H,43,0.3898744583129883,0.2019230769230769,0.9877305626869202,0.4961796998977661,0.8499504923820496,False,False
0.05864148586988449,26.314208984375,0.5825181603431702,0.09523809523809523,9.933550834655762,R2,high,P02H,43,0.3764330148696899,0.125,1.0281020402908323,0.4894450902938843,0.8480965495109558,False,False
0.024738049134612083,4.601136684417725,0.7020086646080017,0.42857142857142855,28.377689361572266,R2,high,P03H,43,0.3369484543800354,0.3653846153846153,0.6916404366493225,0.279171884059906,0.9432389736175536,False,False
0.020927004516124725,1.8059005737304688,0.7337124347686768,0.37142857142857144,35.0605583190918,R2,high,P04H,43,0.5590646266937256,0.4326923076923077,0.6436781287193298,0.3010459542274475,0.9058797955513,False,False
0.033036697655916214,4.202864646911621,0.9323321580886841,0.17142857142857143,28.221107482910156,R2,high,P05H,43,0.5721197128295898,0.4711538461538461,0.9647729992866516,0.4232716560363769,1.0442242622375488,False,False
0.05466265231370926,40.17699432373047,0.36820629239082336,0.2761904761904762,6.73597526550293,R2,high,P06H,43,0.1480562090873718,0.0576923076923076,1.005301594734192,0.4324915409088135,0.8834311366081238,False,False
0.032937344163656235,10.632532119750977,0.26394468545913696,0.23809523809523808,8.01353931427002,R2,high,P07H,43,0.2079196870326995,0.1153846153846153,1.0062681436538696,0.4105416536331177,0.8776676654815674,False,False
0.0800122395157814,49.24905014038086,0.5124633312225342,0.2761904761904762,6.404811382293701,R2,high,P08H,43,0.169765830039978,0.2596153846153846,1.0075950622558594,0.4101274013519287,0.961197555065155,False,False
0.024815784767270088,2.1288962364196777,0.9861832857131958,0.11428571428571428,39.74015808105469,R2,high,P09H,43,0.894762396812439,0.6634615384615384,0.8987104892730713,0.5162885189056396,0.7421147227287292,False,False
0.03180496394634247,3.895347833633423,0.27313825488090515,0.8952380952380953,8.587912559509277,R2,high,P10H,43,0.5418251752853394,0.2211538461538461,0.9694121479988098,0.4839855432510376,0.5832571387290955,False,False
0.03654699772596359,4.232239723205566,0.20103847980499268,0.11428571428571428,5.500820636749268,R2,high,P11H,43,0.3784584999084472,0.1057692307692307,0.9712607264518738,0.4359375238418579,1.0953075885772705,False,False
0.02558439038693905,4.854596138000488,0.3606913685798645,0.20952380952380953,14.098101615905762,R2,high,P12H,43,0.4954256117343902,0.3173076923076923,0.937796115875244,0.5307897329330444,0.8347966074943542,False,False
0.0266501996666193,3.2325832843780518,0.30521634221076965,0.580952380952381,11.452685356140137,R2,high,P13H,43,0.4245105683803558,0.3076923076923077,0.9722458720207214,0.4550157189369201,0.9309099912643432,False,False
0.023243481293320656,2.930680274963379,0.40771421790122986,0.2857142857142857,17.541013717651367,R2,high,P14H,43,0.4377455115318298,0.2980769230769231,0.931554079055786,0.52934730052948,0.8184349536895752,False,False
0.022440670058131218,2.169966697692871,0.5277242660522461,0.3904761904761905,23.516422271728516,R2,high,P15H,43,0.3777253627777099,0.2115384615384615,1.0357707738876345,0.6223694086074829,0.9526162147521972,False,False
0.0395401306450367,16.083036422729492,0.19852030277252197,0.2,5.020730018615723,R2,high,P16H,43,0.2418423891067505,0.1538461538461538,0.9896607398986816,0.5373905897140503,1.0785634517669678,False,False
0.0427834689617157,20.719987869262695,0.3136518597602844,0.24761904761904763,7.331146240234375,R2,high,P17H,43,0.2324552536010742,0.0769230769230769,0.9756292104721068,0.531732439994812,0.8557096719741821,False,False
0.021619455888867378,2.4303529262542725,0.2497650384902954,0.3619047619047619,11.552790641784668,R2,high,P18H,43,0.4496570825576782,0.3557692307692308,0.938462734222412,0.3792625069618225,1.0506864786148071,False,False
0.024658383801579475,2.2798140048980713,0.4698277413845062,0.6761904761904762,19.053468704223633,R2,high,P19H,43,0.6176642179489136,0.4615384615384615,0.979777455329895,0.5225080847740173,0.6658166646957397,False,False
0.030167218297719955,4.5701003074646,0.16920419037342072,0.11428571428571428,5.6088762283325195,R2,high,P20H,43,0.3949477970600128,0.2019230769230769,1.029374599456787,0.5345819592475891,1.6008572578430176,False,False
0.05197056010365486,308.3523254394531,0.8137425780296326,0.22857142857142856,15.657760620117188,R2,high,P21H,43,0.0089450702071189,0.2115384615384615,1.003332257270813,0.6287878751754761,1.1034016609191897,False,True
0.04097822308540344,22.577301025390625,0.6936730742454529,0.24761904761904763,16.927846908569336,R2,high,P22H,43,0.2870159745216369,0.1923076923076923,1.00128173828125,0.5269863605499268,0.9471622109413148,False,False
0.02271350286900997,2.4403865337371826,0.5457404255867004,0.5523809523809524,24.027135848999023,R2,high,P23H,43,0.3319025337696075,0.2307692307692307,1.025318622589111,0.4599366188049316,1.0633901357650757,False,False
0.04024890065193176,7.3466410636901855,0.28859251737594604,0.17142857142857143,7.170196056365967,R2,high,P24H,43,0.3186278939247131,0.125,0.975692868232727,0.6207418441772461,0.9537668824195862,False,False
0.021278006955981255,1.7486761808395386,0.5762022137641907,0.4666666666666667,27.079708099365234,R2,high,P25H,43,0.3756104707717895,0.0576923076923076,1.003044605255127,0.5614707469940186,0.5147795081138611,False,False
0.020503897219896317,1.800734281539917,0.43720152974128723,0.45714285714285713,21.32284927368164,R2,high,P26H,43,0.4573041200637817,0.2403846153846154,0.9732735753059388,0.6436824202537537,0.8539745807647705,False,False
0.023880282416939735,2.2665886878967285,0.19968768954277039,0.01904761904761905,8.362031936645508,R2,high,P27H,43,0.2588679790496826,0.3942307692307692,0.9562029838562012,0.585328221321106,1.2645801305770874,False,False
0.02267972193658352,2.6683993339538574,0.1944732517004013,0.18095238095238095,8.574764251708984,R2,high,P28H,43,0.3857302665710449,0.2980769230769231,0.9866362810134888,0.5986596941947937,0.9346669912338256,False,False
0.055471207946538925,11.621458053588867,0.3115197420120239,0.17142857142857143,5.615881443023682,R2,high,P29H,43,0.3804650902748108,0.2692307692307692,1.0134745836257937,0.6691194772720337,1.048943281173706,False,False
0.01929883286356926,2.1439976692199707,0.031222939491271973,0.8952380952380953,1.6178667545318604,R2,high,P30H,43,0.1900271028280258,0.25,1.0186641216278076,0.5853312611579895,0.9266222715377808,False,False
0.024324264377355576,2.5185294151306152,0.06595571339130402,0.05714285714285714,2.711519479751587,R2,low,P01L,43,0.4212251901626587,0.5769230769230769,0.1032699942588806,0.1392945051193237,0.6538048386573792,False,False
0.018671993166208267,1.7618141174316406,0.5131142735481262,0.41904761904761906,27.480422973632812,R2,low,P06L,43,0.6712397336959839,0.5576923076923077,0.7185764312744141,0.1734261512756347,1.0393754243850708,False,False
0.06633349508047104,8.860162734985352,0.8321858048439026,0.09523809523809523,12.54548454284668,R2,low,P09L,43,0.5366238355636597,0.0576923076923076,0.4891654849052429,0.2398167848587036,0.9043744802474976,True,False
0.05674142390489578,5.869203567504883,0.2695253789424896,0.13333333333333333,4.750063896179199,R2,low,P10L,43,0.2894326150417328,0.4134615384615384,0.6203498840332031,0.2961295843124389,0.6476515531539917,False,False
0.02562219463288784,4.974299907684326,0.07915393263101578,0.34285714285714286,3.0892722606658936,R2,low,P11L,43,0.1560980379581451,0.0961538461538461,0.2394423484802246,0.111679196357727,0.6606460213661194,False,False
0.04689202830195427,8.982319831848145,0.11232192814350128,0.1523809523809524,2.3953309059143066,R2,low,P14L,43,0.215859830379486,0.0961538461538461,0.3720131516456604,0.1974408626556396,0.6672502756118774,False,False
0.0561562106013298,7.112434387207031,0.3558064103126526,0.6666666666666666,6.33601188659668,R2,low,P17L,43,0.3222509622573852,0.3557692307692308,0.2900258302688598,0.2556569576263428,0.6403353214263916,False,False
0.05381358042359352,6.2335381507873535,0.29560479521751404,0.3619047619047619,5.493125915527344,R2,low,P19L,43,0.317904531955719,0.173076923076923,0.6310333609580994,0.3349423408508301,0.7380673885345459,False,False
0.06278695166110992,10.686429023742676,0.11714697629213333,0.17142857142857143,1.8657853603363037,R2,low,P23L,43,0.1769062429666519,0.2692307692307692,0.1205244064331054,0.1138986349105835,1.2022327184677124,False,False
0.06961030513048172,29.89847755432129,0.4029882550239563,0.10476190476190476,5.7892045974731445,R2,low,P28L,43,0.1623940169811248,0.1346153846153846,0.2905809879302978,0.1854907870292663,1.1707024574279783,False,False
0.04175065457820892,5.75043249130249,0.2132934182882309,0.5047619047619047,5.108744144439697,R2,high,P01H,44,0.2229183912277221,0.0769230769230769,0.9630113840103148,0.4758339524269104,0.9151155948638916,False,False
0.022189462557435036,2.3716719150543213,0.12209664285182953,0.12380952380952381,5.502460479736328,R2,high,P02H,44,0.3872351348400116,0.2980769230769231,1.041551947593689,0.4620754718780517,0.8089801073074341,False,False
0.0229825209826231,2.5475287437438965,0.5551450252532959,0.6666666666666666,24.15509796142578,R2,high,P03H,44,0.4419896602630615,0.4134615384615384,0.6890080571174622,0.3579896688461303,0.9465471506118774,False,False
0.02373303286731243,3.464775323867798,0.7578305602073669,0.2571428571428571,31.93146514892578,R2,high,P04H,44,0.7034255266189575,0.6923076923076923,0.6592342853546143,0.1983303427696228,0.9513954520225524,False,False
0.03848808631300926,7.61391544342041,1.142531156539917,0.2761904761904762,29.685319900512695,R2,high,P05H,44,0.4984174966812134,0.3557692307692308,0.9879730343818665,0.4505544304847717,1.0497446060180664,False,False
0.052561260759830475,9.39470100402832,0.4099712371826172,0.1523809523809524,7.799874305725098,R2,high,P06H,44,0.2153351306915283,0.0673076923076923,0.9983325600624084,0.4081817865371704,0.8389516472816467,False,False
0.02569001168012619,8.144514083862305,0.40379229187965393,0.1523809523809524,15.717870712280273,R2,high,P07H,44,0.3477690517902374,0.0673076923076923,0.985041320323944,0.4895201325416565,0.758611261844635,False,False
0.03646470978856087,16.061525344848633,0.19395624101161957,0.23809523809523808,5.319012641906738,R2,high,P08H,44,0.1489318013191223,0.2980769230769231,1.0002928972244265,0.4643821716308594,0.94828462600708,False,False
0.024369364604353905,1.72609281539917,0.6985888481140137,0.047619047619047616,28.666685104370117,R2,high,P09H,44,0.5709542036056519,0.2115384615384615,0.9566075801849364,0.4725403189659118,0.861601710319519,False,False
0.0381222628057003,4.2023773193359375,0.48241060972213745,0.2,12.654301643371582,R2,high,P10H,44,1.085016846656799,0.2019230769230769,0.9673793315887452,0.521384596824646,0.7413479685783386,False,False
0.05356432497501373,11.445318222045898,0.23597417771816254,0.22857142857142856,4.405435562133789,R2,high,P11H,44,0.1749173998832702,0.0673076923076923,0.9626429677009584,0.4009506702423095,1.0086910724639893,False,False
0.021923353895545006,2.5626566410064697,0.242288738489151,0.45714285714285713,11.051628112792969,R2,high,P12H,44,0.4334058761596679,0.2692307692307692,0.9411872625350952,0.4976664185523987,0.8220895528793335,False,False
0.06680063903331757,44.066402435302734,0.5285525321960449,0.2571428571428571,7.912386894226074,R2,high,P13H,44,0.2777515053749084,0.0384615384615384,0.9717490673065186,0.4212028980255127,0.98465895652771,False,False
0.028487086296081543,3.0075907707214355,0.3402010500431061,0.23809523809523808,11.942290306091309,R2,high,P14H,44,0.1973570883274078,0.2403846153846154,0.9576407670974731,0.5052523016929626,0.9845015406608582,False,False
0.026466824114322662,2.900495767593384,0.5960658192634583,0.6476190476190476,22.5212459564209,R2,high,P15H,44,0.3633696436882019,0.0865384615384615,1.0448477268218994,0.5443874597549438,0.9043270349502563,False,False
0.023959767073392868,2.2305049896240234,0.10220818221569061,0.3142857142857143,4.265825271606445,R2,high,P16H,44,0.1129393726587295,0.2019230769230769,0.951047420501709,0.5082496404647827,1.2288278341293335,False,True
0.03163542598485947,5.681920051574707,0.2747112810611725,0.38095238095238093,8.683660507202148,R2,high,P17H,44,0.1041258871555328,0.2019230769230769,0.9588172435760498,0.566246747970581,0.8647288084030151,False,True
0.021211251616477966,1.970772385597229,0.493635892868042,0.5523809523809524,23.27235984802246,R2,high,P18H,44,0.6539630889892578,0.4615384615384615,0.9677277207374572,0.4478463530540466,1.0280647277832031,False,False
0.027276547625660896,4.641997337341309,0.8332005739212036,0.12380952380952381,30.546409606933594,R2,high,P19H,44,0.6996287107467651,0.0961538461538461,0.9636756777763368,0.4839175939559936,0.7019528150558472,False,False
0.06814291328191757,14.100761413574219,0.47867295145988464,0.24761904761904763,7.024544715881348,R2,high,P20H,44,0.1779964566230774,0.0288461538461538,1.0341235399246216,0.5652387142181396,1.6135187149047852,False,False
0.029375014826655388,66.4980239868164,0.7855449318885803,0.23809523809523808,26.741943359375,R2,high,P21H,44,0.1417124569416046,0.3365384615384615,1.0289900302886963,0.6322095394134521,1.138692855834961,False,False
0.05277475714683533,13.674662590026855,0.4590170383453369,0.3047619047619048,8.697662353515625,R2,high,P22H,44,0.2707723379135132,0.1057692307692307,1.0291283130645752,0.516017735004425,1.017709255218506,False,False
0.023025548085570335,2.4693429470062256,0.5018779039382935,0.45714285714285713,21.796566009521484,R2,high,P23H,44,0.3225711584091186,0.1057692307692307,1.007401466369629,0.4259698987007141,1.0887621641159058,False,False
0.04763687029480934,6.2978291511535645,0.49986740946769714,0.22857142857142856,10.493288040161133,R2,high,P24H,44,0.276360273361206,0.0865384615384615,0.9585490226745604,0.6247490644454956,0.9229518175125122,False,False
0.029458733275532722,5.879572868347168,0.5446045398712158,0.47619047619047616,18.487031936645508,R2,high,P25H,44,0.3208518326282501,0.1057692307692307,1.010129690170288,0.517387866973877,0.5685437321662903,False,False
0.026844751089811325,2.1761465072631836,0.6009270548820496,0.23809523809523808,22.385271072387695,R2,high,P26H,44,0.2930651307106018,0.0576923076923076,1.0168626308441162,0.5989166498184204,0.8911552429199219,False,False
0.05704430863261223,6.854745864868164,0.626492440700531,0.22857142857142856,10.982558250427246,R2,high,P27H,44,0.4154629707336426,0.0384615384615384,0.9905967712402344,0.5710816383361816,1.2271840572357178,False,False
0.03803331032395363,8.942670822143555,0.31385090947151184,0.01904761904761905,8.25200080871582,R2,high,P28H,44,0.2510140240192413,0.125,1.020148515701294,0.6184862852096558,0.9787381291389464,False,False
0.024428749457001686,3.2399251461029053,0.06737067550420761,0.6285714285714286,2.7578437328338623,R2,high,P29H,44,0.2386323809623718,0.2692307692307692,1.0136805772781372,0.6842086315155029,1.1566120386123655,False,False
0.01847280189394951,1.7208369970321655,0.033887770026922226,0.45714285714285713,1.8344683647155762,R2,high,P30H,44,0.1697548478841781,0.2596153846153846,0.9644806385040284,0.5096978545188904,0.9242243766784668,False,False
0.2795286178588867,62.24333953857422,1.3385175466537476,0.22857142857142856,4.788481712341309,R2,low,P01L,44,0.3751932382583618,0.0,0.1944012641906738,0.1329407691955566,0.7096536755561829,True,False
0.057005226612091064,28.6249942779541,0.6672059297561646,0.24761904761904763,11.704294204711914,R2,low,P06L,44,0.2051659077405929,0.1057692307692307,0.6390891671180725,0.2878319025039673,0.8900290727615356,False,False
0.07017233967781067,7.690441131591797,1.1633802652359009,0.10476190476190476,16.578901290893555,R2,low,P09L,44,0.3866546750068664,0.0,0.5432265996932983,0.2829193472862243,0.9040369391441344,True,False
0.02053072117269039,2.29594349861145,0.13277198374271393,0.19047619047619047,6.466991424560547,R2,low,P10L,44,0.371515154838562,0.3461538461538461,0.5050454139709473,0.3783685564994812,0.7082663178443909,False,False
0.026959603652358055,3.1230030059814453,0.08195380121469498,0.45714285714285713,3.0398740768432617,R2,low,P11L,44,0.2541508674621582,0.0961538461538461,0.4102662801742553,0.1652761101722717,0.4918493032455444,False,False
0.022703098133206367,2.3712706565856934,0.08301624655723572,0.5333333333333333,3.656604290008545,R2,low,P14L,44,0.2932799458503723,0.2211538461538461,0.3318883180618286,0.2186813354492187,0.7539554834365845,False,False
0.05385095626115799,9.176155090332031,0.31427958607673645,0.3238095238095238,5.836100101470947,R2,low,P17L,44,0.2940005660057068,0.1346153846153846,0.3069297075271606,0.1655341386795044,0.8118918538093567,False,False
0.03448067978024483,5.005343914031982,0.24433422088623047,0.2,7.086119651794434,R2,low,P19L,44,0.32326740026474,0.1923076923076923,0.8303700685501099,0.4054116606712341,0.7486059665679932,False,False
0.04891037195920944,7.967667102813721,0.08851893991231918,0.3238095238095238,1.8098193407058716,R2,low,P23L,44,0.1435257047414779,0.125,0.1425179839134216,0.110803484916687,1.1641076803207395,False,False
0.04315273091197014,12.2911376953125,0.21041752398014069,0.3523809523809524,4.876111030578613,R2,low,P28L,44,0.1563251763582229,0.0673076923076923,0.4684293270111084,0.2506862282752991,1.2830419540405271,False,False
0.05425633490085602,19.633697509765625,0.2321329116821289,0.2571428571428571,4.278448104858398,R3,high,P01H,42,0.1807892322540283,0.0673076923076923,0.9612834453582764,0.4752006530761719,0.8643697500228882,False,False
0.2532593309879303,36.104557037353516,0.9451890587806702,0.17142857142857143,3.732099771499634,R3,high,P02H,42,0.2983597218990326,0.0,0.7415554523468018,0.4675695896148681,0.883534848690033,True,False
0.10007728636264801,22.637325286865234,0.5584162473678589,0.2761904761904762,5.579849720001221,R3,high,P03H,42,0.290108859539032,0.0192307692307692,0.7580409049987793,0.2730611562728882,0.9606642127037048,True,False
0.047682806849479675,7.059335231781006,0.3421846628189087,0.0,7.17626953125,R3,high,P04H,42,0.4014195799827575,0.0384615384615384,0.600055992603302,0.2208446860313415,0.9929393529891968,False,False
0.026415960863232613,2.7017323970794678,0.07862483710050583,0.0761904761904762,2.976414203643799,R3,high,P05H,42,0.2135647237300872,0.1923076923076923,0.9827249646186828,0.4759860038757324,1.0266987085342407,False,False
0.3899945616722107,181.35528564453125,0.9930791258811951,0.0761904761904762,2.5463922023773193,R3,high,P06H,42,0.1084528788924217,0.0,0.9806668758392334,0.4143548011779785,0.8330869674682617,True,True
0.06686221063137054,13.739660263061523,0.370671808719635,0.3333333333333333,5.543816089630127,R3,high,P07H,42,0.2786828279495239,0.0384615384615384,1.0277444124221802,0.435484766960144,0.7564296722412109,False,False
0.23612087965011597,49.934791564941406,0.9347577691078186,0.17142857142857143,3.958810329437256,R3,high,P08H,42,0.3066681027412414,0.1634615384615384,1.0139449834823608,0.3884828090667724,0.9529079794883728,True,False
0.3446708619594574,176.3036346435547,0.9363942742347717,0.0,2.71677827835083,R3,high,P09H,42,0.0495194420218467,0.0576923076923076,0.9430845379829408,0.4123174548149109,0.7780449390411377,True,True
0.03457215428352356,4.065591812133789,0.12031375616788864,0.009523809523809525,3.480076789855957,R3,high,P10H,42,0.2152271419763565,0.2403846153846154,0.8633378744125366,0.4492248296737671,0.452422022819519,False,False
0.48233652114868164,124.36019897460938,0.9915968775749207,0.17142857142857143,2.055819511413574,R3,high,P11H,42,0.1313955783843994,0.0,0.9947289228439332,0.4631502032279968,1.1306662559509275,True,False
0.0678374245762825,14.533761978149414,0.20471912622451782,0.5904761904761905,3.0177903175354004,R3,high,P12H,42,0.1684632450342178,0.1346153846153846,0.9307236671447754,0.4917777776718139,0.877729594707489,False,False
0.03442784771323204,5.568706512451172,0.1612095832824707,0.08571428571428572,4.682534694671631,R3,high,P13H,42,0.2760166525840759,0.2019230769230769,0.973843514919281,0.4593563675880432,0.9377205967903136,False,False
0.13338376581668854,51.67571258544922,0.26094210147857666,0.2761904761904762,1.9563257694244385,R3,high,P14H,42,0.0982383787631988,0.0288461538461538,0.9383891820907592,0.4968672394752502,0.9337234497070312,False,True
0.093778096139431,23.87740707397461,0.25945547223091125,0.2857142857142857,2.766695737838745,R3,high,P15H,42,0.2207326591014862,0.0384615384615384,0.9510506987571716,0.604723334312439,0.9735817909240724,False,False
0.06067667528986931,33.80537414550781,0.15176336467266083,0.38095238095238093,2.5011813640594482,R3,high,P16H,42,0.0230193622410297,0.0673076923076923,0.9719672799110411,0.4770284295082092,1.1666666269302368,False,True
0.03431839868426323,6.956374645233154,0.09493281692266464,0.37142857142857144,2.7662367820739746,R3,high,P17H,42,0.2211769968271255,0.0673076923076923,0.963796854019165,0.5440541505813599,0.8803357481956482,False,False
0.03590376302599907,4.291417598724365,0.21284717321395874,0.8571428571428571,5.928268909454346,R3,high,P18H,42,0.4049520492553711,0.3461538461538461,0.9581049084663392,0.3889907002449035,0.9473702907562256,False,False
0.024664709344506264,2.94211745262146,0.07066096365451813,0.5523809523809524,2.864861011505127,R3,high,P19H,42,0.1341545283794403,0.173076923076923,0.9637221693992616,0.5113089084625244,0.6614232063293457,False,False
0.10271429270505905,37.38639831542969,0.4154476821422577,0.5238095238095238,4.044692039489746,R3,high,P20H,42,0.1019185706973075,0.0384615384615384,1.0140897035598757,0.5486209392547607,1.576559066772461,False,True
0.2001926153898239,108.1106185913086,0.54129958152771,0.29523809523809524,2.7038938999176025,R3,high,P21H,42,0.076084017753601,0.0192307692307692,1.0002923011779783,0.6272400617599487,1.1314127445220947,False,True
0.2596660256385803,43.566139221191406,0.9750691056251526,0.09523809523809523,3.755089044570923,R3,high,P22H,42,0.457047700881958,0.0,0.9482151865959167,0.6033592820167542,0.8907825946807861,True,False
0.10019029676914215,114.50617980957031,0.5926113724708557,0.3904761904761905,5.914857864379883,R3,high,P23H,42,0.0712479278445243,0.0576923076923076,1.011264085769653,0.3833743333816528,0.924743354320526,True,True
0.09533192217350006,14.815407752990723,0.2816570997238159,0.17142857142857143,2.954488754272461,R3,high,P24H,42,0.2345283925533294,0.0192307692307692,0.967316508293152,0.6291310787200928,0.9251785278320312,False,False
0.372636079788208,72.66508483886719,1.0165568590164185,0.17142857142857143,2.728015184402466,R3,high,P25H,42,0.2593198418617248,0.0,0.9838753938674928,0.5576696991920471,0.5502440333366394,True,False
0.028040548786520958,4.355125427246094,0.05623256787657738,0.29523809523809524,2.005401849746704,R3,high,P26H,42,0.1617639362812042,0.1634615384615384,1.026954174041748,0.6211886405944824,0.8664407730102539,False,False
0.05388142913579941,8.380632400512695,0.2560712993144989,0.0761904761904762,4.752496242523193,R3,high,P27H,42,0.1207717359066009,0.1442307692307692,0.9842872023582458,0.5631046891212463,1.2667279243469238,False,False
0.11978979408740997,85.72151947021484,0.4152396023273468,0.0761904761904762,3.466402292251587,R3,high,P28H,42,0.0940164029598236,0.0576923076923076,1.0035260915756226,0.58359694480896,0.9141878485679626,False,True
0.25834545493125916,189.0439910888672,1.0203827619552612,0.38095238095238093,3.949683427810669,R3,high,P29H,42,0.019769687205553,0.0192307692307692,1.0307660102844238,0.6656415462493896,1.0815192461013794,True,True
0.6775947213172913,247.1497802734375,1.0234004259109497,0.29523809523809524,1.5103429555892944,R3,high,P30H,42,0.0563894100487232,0.0,1.028456449508667,0.5665619373321533,0.9502676129341124,True,True
0.080392025411129,12.345952033996582,0.3073718547821045,0.8571428571428571,3.8234126567840576,R3,low,P01L,42,0.4732182621955871,0.1538461538461538,0.3486518859863281,0.1323038339614868,0.7487712502479553,False,False
0.027361834421753883,3.075808525085449,0.16413038969039917,0.0,5.998515605926514,R3,low,P06L,42,0.3343289494514465,0.1346153846153846,0.9073150157928468,0.3632093667984009,0.8829370141029358,False,False
0.09924323856830597,31.887357711791992,0.5551503300666809,0.009523809523809525,5.593835353851318,R3,low,P09L,42,0.2960467934608459,0.1923076923076923,0.7299018502235413,0.1592835187911987,0.8672255277633667,False,False
0.022402305155992508,2.603804349899292,0.16878187656402588,0.38095238095238093,7.534130096435547,R3,low,P10L,42,0.3027566373348236,0.1826923076923076,0.6583950519561768,0.385000467300415,0.6680316925048828,False,False
0.04088323563337326,5.049007415771484,0.09378872811794281,0.8476190476190476,2.294063091278076,R3,low,P11L,42,0.1564484238624572,0.1826923076923076,0.4794397950172424,0.2161265611648559,0.4177244007587433,False,False
0.025618109852075577,4.492680549621582,0.05539184808731079,0.38095238095238093,2.162214517593384,R3,low,P14L,42,0.1280620694160461,0.2788461538461538,0.6479144096374512,0.287176251411438,0.8173085451126099,False,False
0.04273650795221329,12.37559700012207,0.538484513759613,0.6666666666666666,12.600105285644531,R3,low,P17L,42,0.3567167222499847,0.2019230769230769,0.4325727224349975,0.2695838212966919,0.6204431056976318,False,False
0.07522555440664291,27.97174072265625,0.5700101256370544,0.6571428571428571,7.5773468017578125,R3,low,P19L,42,0.1790772229433059,0.25,0.8050398826599121,0.4020713567733764,0.7282463908195496,True,False
0.15048015117645264,27.017431259155273,0.32630258798599243,0.37142857142857144,2.168409585952759,R3,low,P23L,42,0.1520636230707168,0.0288461538461538,0.2240952253341674,0.1499130725860595,1.2834216356277466,False,False
0.04575232043862343,8.560683250427246,0.1723862886428833,0.0761904761904762,3.767815589904785,R3,low,P28L,42,0.2567093968391418,0.2692307692307692,0.2094349265098571,0.1584940552711486,1.0797282457351685,False,False
0.0737750455737114,30.174592971801758,0.5773621201515198,0.10476190476190476,7.825981616973877,R3,high,P01H,43,0.4187457859516144,0.0673076923076923,0.9877305626869202,0.4961796998977661,0.8499504923820496,True,False
0.10375891625881195,39.87718963623047,0.7659926414489746,0.11428571428571428,7.382427215576172,R3,high,P02H,43,0.3560276627540588,0.0576923076923076,1.0281020402908323,0.4894450902938843,0.8480965495109558,True,False
0.0762985423207283,32.10005187988281,0.4250850975513458,0.580952380952381,5.5713396072387695,R3,high,P03H,43,0.0630776137113571,0.0576923076923076,0.6916404366493225,0.279171884059906,0.9432389736175536,False,True
0.047607798129320145,5.539562702178955,1.0347718000411987,0.05714285714285714,21.735342025756836,R3,high,P04H,43,0.5536974668502808,0.4134615384615384,0.6436781287193298,0.3010459542274475,0.9058797955513,False,False
0.22300608456134796,138.5087432861328,1.1562130451202393,0.2857142857142857,5.184670448303223,R3,high,P05H,43,0.0511669218540191,0.0096153846153846,0.9647729992866516,0.4232716560363769,1.0442242622375488,True,True
0.08669774979352951,53.48511505126953,0.43898722529411316,0.2857142857142857,5.063421249389648,R3,high,P06H,43,0.1392520666122436,0.0384615384615384,1.005301594734192,0.4324915409088135,0.8834311366081238,False,False
0.05957195162773132,21.55464744567871,0.363525390625,0.2857142857142857,6.102291107177734,R3,high,P07H,43,0.2029991894960403,0.0673076923076923,1.0062681436538696,0.4105416536331177,0.8776676654815674,False,False
0.11555060744285583,65.0237808227539,0.5413638949394226,0.2857142857142857,4.685080528259277,R3,high,P08H,43,0.1586434245109558,0.2596153846153846,1.0075950622558594,0.4101274013519287,0.961197555065155,False,False
0.13453786075115204,49.08986282348633,1.116532564163208,0.3047619047619048,8.29902172088623,R3,high,P09H,43,0.2613628506660461,0.0096153846153846,0.8987104892730713,0.5162885189056396,0.7421147227287292,True,False
0.051642391830682755,5.887088775634766,0.2585906386375427,0.8952380952380953,5.007332801818848,R3,high,P10H,43,0.378926932811737,0.2403846153846154,0.9694121479988098,0.4839855432510376,0.5832571387290955,False,False
0.05308174341917038,25.893718719482422,0.24967612326145172,0.4,4.703615665435791,R3,high,P11H,43,0.1683603227138519,0.1442307692307692,0.9712607264518738,0.4359375238418579,1.0953075885772705,False,False
0.11617967486381531,20.90133285522461,0.7175644040107727,0.29523809523809524,6.176333904266357,R3,high,P12H,43,0.4462867975234985,0.0096153846153846,0.937796115875244,0.5307897329330444,0.8347966074943542,True,False
0.06082930415868759,30.582767486572266,0.6946813464164734,0.37142857142857144,11.420175552368164,R3,high,P13H,43,0.4002454280853271,0.0576923076923076,0.9722458720207214,0.4550157189369201,0.9309099912643432,True,False
0.10639683157205582,47.3209342956543,0.4681937098503113,0.2761904761904762,4.400447845458984,R3,high,P14H,43,0.2617443203926086,0.0288461538461538,0.931554079055786,0.52934730052948,0.8184349536895752,False,False
0.11247566342353821,49.208744049072266,0.8383691906929016,0.29523809523809524,7.45378303527832,R3,high,P15H,43,0.3118088245391845,0.0769230769230769,1.0357707738876345,0.6223694086074829,0.9526162147521972,True,False
0.11077786237001419,52.45260238647461,0.6216695308685303,0.1523809523809524,5.6118574142456055,R3,high,P16H,43,0.2523904144763946,0.048076923076923,0.9896607398986816,0.5373905897140503,1.0785634517669678,True,False
0.10853569954633713,40.75099182128906,0.4182486832141876,0.2571428571428571,3.8535587787628174,R3,high,P17H,43,0.2239804863929748,0.0384615384615384,0.9756292104721068,0.531732439994812,0.8557096719741821,False,False
0.041029997169971466,10.19817066192627,0.39957937598228455,0.06666666666666667,9.738713264465332,R3,high,P18H,43,0.4655383229255676,0.2692307692307692,0.938462734222412,0.3792625069618225,1.0506864786148071,False,False
0.06778869777917862,30.29585075378418,0.9336052536964417,0.3238095238095238,13.772284507751465,R3,high,P19H,43,0.1530162841081619,0.1057692307692307,0.979777455329895,0.5225080847740173,0.6658166646957397,True,False
0.030552078038454056,8.082595825195312,0.23822033405303955,0.2857142857142857,7.797189235687256,R3,high,P20H,43,0.2592377364635467,0.2211538461538461,1.029374599456787,0.5345819592475891,1.6008572578430176,False,False
0.12460099160671234,265.9153747558594,0.7238433361053467,0.2857142857142857,5.809290409088135,R3,high,P21H,43,0.0099344439804553,0.0673076923076923,1.003332257270813,0.6287878751754761,1.1034016609191897,True,True
0.0895128846168518,46.03727722167969,0.7149510383605957,0.1619047619047619,7.9871296882629395,R3,high,P22H,43,0.2910194993019104,0.048076923076923,1.00128173828125,0.5269863605499268,0.9471622109413148,True,False
0.1482791006565094,36.59442138671875,0.2815520763397217,0.5619047619047619,1.8987981081008911,R3,high,P23H,43,0.07792379707098,0.048076923076923,1.025318622589111,0.4599366188049316,1.0633901357650757,False,True
0.056649304926395416,21.971437454223633,0.38288336992263794,0.2761904761904762,6.758836269378662,R3,high,P24H,43,0.2961076498031616,0.0673076923076923,0.975692868232727,0.6207418441772461,0.9537668824195862,False,False
0.0549895279109478,27.153554916381836,0.5304100513458252,0.24761904761904763,9.645655632019043,R3,high,P25H,43,0.3325842618942261,0.1634615384615384,1.003044605255127,0.5614707469940186,0.5147795081138611,False,False
0.05912340432405472,22.09850311279297,0.3252558410167694,0.37142857142857144,5.5013041496276855,R3,high,P26H,43,0.2091846019029617,0.125,0.9732735753059388,0.6436824202537537,0.8539745807647705,False,False
0.20924562215805054,132.04156494140625,0.9721293449401855,0.3619047619047619,4.645876884460449,R3,high,P27H,43,0.1762053221464157,0.0,0.9562029838562012,0.585328221321106,1.2645801305770874,True,False
0.09301943331956863,48.25078201293945,0.3314672112464905,0.05714285714285714,3.5634188652038574,R3,high,P28H,43,0.2048018127679824,0.048076923076923,0.9866362810134888,0.5986596941947937,0.9346669912338256,False,False
0.06644944846630096,30.470977783203125,0.4871272146701813,0.17142857142857143,7.330793857574463,R3,high,P29H,43,0.3467442691326141,0.1153846153846153,1.0134745836257937,0.6691194772720337,1.048943281173706,False,False
0.044843003153800964,8.255722999572754,0.08070185780525208,0.2761904761904762,1.7996532917022705,R3,high,P30H,43,0.2011239230632782,0.0865384615384615,1.0186641216278076,0.5853312611579895,0.9266222715377808,False,False
0.025149034336209297,2.740187406539917,0.06982699036598206,0.08571428571428572,2.7765276432037354,R3,low,P01L,43,0.4249728322029114,0.5192307692307693,0.1032699942588806,0.1392945051193237,0.6538048386573792,False,False
0.018914664164185524,1.750931978225708,0.5412314534187317,0.41904761904761906,28.614381790161133,R3,low,P06L,43,0.666637659072876,0.5576923076923077,0.7185764312744141,0.1734261512756347,1.0393754243850708,False,False
0.06968507170677185,13.012456893920898,0.9691554307937622,0.09523809523809523,13.907647132873535,R3,low,P09L,43,0.5278458595275879,0.1442307692307692,0.4891654849052429,0.2398167848587036,0.9043744802474976,True,False
0.05897665396332741,6.189219951629639,0.2732490301132202,0.13333333333333333,4.633172988891602,R3,low,P10L,43,0.2813378572463989,0.4134615384615384,0.6203498840332031,0.2961295843124389,0.6476515531539917,False,False
0.028206685557961464,5.845633506774902,0.08942436426877975,0.3047619047619048,3.17032527923584,R3,low,P11L,43,0.1502523124217987,0.1826923076923076,0.2394423484802246,0.111679196357727,0.6606460213661194,False,False
0.07033251225948334,19.25861930847168,0.2216600626707077,0.1523809523809524,3.151601791381836,R3,low,P14L,43,0.2077069729566574,0.0673076923076923,0.3720131516456604,0.1974408626556396,0.6672502756118774,False,False
0.053051866590976715,6.4528350830078125,0.3441084027290344,0.6666666666666666,6.486263275146484,R3,low,P17L,43,0.3169535994529724,0.3461538461538461,0.2900258302688598,0.2556569576263428,0.6403353214263916,False,False
0.04083934798836708,5.483366966247559,0.2132309377193451,0.3619047619047619,5.221212863922119,R3,low,P19L,43,0.2979235053062439,0.1634615384615384,0.6310333609580994,0.3349423408508301,0.7380673885345459,False,False
0.05383014306426048,8.986387252807617,0.10016202181577682,0.17142857142857143,1.860705018043518,R3,low,P23L,43,0.1705261766910553,0.2788461538461538,0.1205244064331054,0.1138986349105835,1.2022327184677124,False,False
0.09664364904165268,36.554664611816406,0.48596876859664917,0.10476190476190476,5.028460502624512,R3,low,P28L,43,0.1580564975738525,0.0865384615384615,0.2905809879302978,0.1854907870292663,1.1707024574279783,False,False
0.16197600960731506,53.67755889892578,0.6779781579971313,0.22857142857142856,4.185670375823975,R3,high,P01H,44,0.2263354361057281,0.0576923076923076,0.9630113840103148,0.4758339524269104,0.9151155948638916,True,False
0.08595308661460876,22.303253173828125,0.6945188045501709,0.19047619047619047,8.080207824707031,R3,high,P02H,44,0.3273759484291076,0.1057692307692307,1.041551947593689,0.4620754718780517,0.8089801073074341,True,False
0.0729745626449585,43.23918533325195,0.5306503176689148,0.4666666666666667,7.2717156410217285,R3,high,P03H,44,0.1140341013669967,0.0865384615384615,0.6890080571174622,0.3579896688461303,0.9465471506118774,False,True
0.025131188333034515,3.521172523498535,0.7291352152824402,0.26666666666666666,29.013160705566406,R3,high,P04H,44,0.7514806985855103,0.7692307692307693,0.6592342853546143,0.1983303427696228,0.9513954520225524,False,False
0.08542358130216599,74.41124725341797,0.8511397838592529,0.3238095238095238,9.963756561279297,R3,high,P05H,44,0.1247201636433601,0.0192307692307692,0.9879730343818665,0.4505544304847717,1.0497446060180664,True,False
0.09418076276779175,54.27518081665039,0.48216724395751953,0.12380952380952381,5.119593620300293,R3,high,P06H,44,0.1476176679134369,0.0673076923076923,0.9983325600624084,0.4081817865371704,0.8389516472816467,False,False
0.07279986143112183,14.410734176635742,0.42697674036026,0.3047619047619048,5.865076541900635,R3,high,P07H,44,0.3347654938697815,0.048076923076923,0.985041320323944,0.4895201325416565,0.758611261844635,False,False
0.13663029670715332,161.02142333984375,0.9455153346061707,0.24761904761904763,6.920246124267578,R3,high,P08H,44,0.0578614324331283,0.0192307692307692,1.0002928972244265,0.4643821716308594,0.94828462600708,True,True
0.06541085988283157,112.06334686279297,0.6769090294837952,0.11428571428571428,10.348573684692383,R3,high,P09H,44,0.0636438727378845,0.1538461538461538,0.9566075801849364,0.4725403189659118,0.861601710319519,True,True
0.02531532756984234,2.8912599086761475,0.17671705782413483,0.22857142857142856,6.980634689331055,R3,high,P10H,44,0.4172023832798004,0.0865384615384615,0.9673793315887452,0.521384596824646,0.7413479685783386,False,False
0.0992729514837265,30.79221534729004,0.3496118485927582,0.3238095238095238,3.5217230319976807,R3,high,P11H,44,0.0920478478074073,0.0288461538461538,0.9626429677009584,0.4009506702423095,1.0086910724639893,False,True
0.13753262162208557,68.05593872070312,0.8137387633323669,0.45714285714285713,5.916696071624756,R3,high,P12H,44,0.182009220123291,0.0192307692307692,0.9411872625350952,0.4976664185523987,0.8220895528793335,True,False
0.08992770314216614,61.7778205871582,0.731758177280426,0.17142857142857143,8.137182235717773,R3,high,P13H,44,0.2756332457065582,0.048076923076923,0.9717490673065186,0.4212028980255127,0.98465895652771,True,False
0.08875252306461334,29.413928985595703,0.470488041639328,0.22857142857142856,5.301123142242432,R3,high,P14H,44,0.0577565357089042,0.0192307692307692,0.9576407670974731,0.5052523016929626,0.9845015406608582,False,True
0.21216313540935516,54.729270935058594,0.8363255262374878,0.45714285714285713,3.9418985843658447,R3,high,P15H,44,0.2802725434303283,0.0192307692307692,1.0448477268218994,0.5443874597549438,0.9043270349502563,True,False
0.028163373470306396,2.8393843173980713,0.09177250415086746,0.3904761904761905,3.2585763931274414,R3,high,P16H,44,0.1106892898678779,0.1057692307692307,0.951047420501709,0.5082496404647827,1.2288278341293335,False,True
0.04610418528318405,12.707914352416992,0.1785048544406891,0.37142857142857144,3.8717713356018066,R3,high,P17H,44,0.0953051000833511,0.0769230769230769,0.9588172435760498,0.566246747970581,0.8647288084030151,False,True
0.028128469362854958,2.561723232269287,0.10699014365673065,0.22857142857142856,3.8036248683929443,R3,high,P18H,44,0.1058254390954971,0.2019230769230769,0.9677277207374572,0.4478463530540466,1.0280647277832031,False,True
0.04058482125401497,9.714844703674316,1.05018949508667,0.2,25.87640953063965,R3,high,P19H,44,0.5003798007965088,0.2307692307692307,0.9636756777763368,0.4839175939559936,0.7019528150558472,False,False
0.04838050529360771,7.76584005355835,0.2679804265499115,0.22857142857142856,5.5390167236328125,R3,high,P20H,44,0.1842817366123199,0.125,1.0341235399246216,0.5652387142181396,1.6135187149047852,False,False
0.47470933198928833,115.35847473144531,1.014104962348938,0.22857142857142856,2.1362648010253906,R3,high,P21H,44,0.1165403425693512,0.0,1.0289900302886963,0.6322095394134521,1.138692855834961,True,True
0.10992489010095596,23.688922882080078,0.39822646975517273,0.3333333333333333,3.6227142810821533,R3,high,P22H,44,0.2675623297691345,0.0192307692307692,1.0291283130645752,0.516017735004425,1.017709255218506,False,False
0.05016663298010826,15.169400215148926,0.07697949558496475,0.5428571428571428,1.5344760417938232,R3,high,P23H,44,0.0767411142587661,0.1057692307692307,1.007401466369629,0.4259698987007141,1.0887621641159058,False,True
0.08371245115995407,52.5313720703125,0.6421105861663818,0.22857142857142856,7.670431137084961,R3,high,P24H,44,0.207754909992218,0.0288461538461538,0.9585490226745604,0.6247490644454956,0.9229518175125122,True,False
0.11474012583494186,68.59848022460938,0.9008766412734985,0.2,7.851452827453613,R3,high,P25H,44,0.2557911276817322,0.0576923076923076,1.010129690170288,0.517387866973877,0.5685437321662903,True,False
0.19582431018352509,82.11195373535156,0.8408121466636658,0.24761904761904763,4.293706893920898,R3,high,P26H,44,0.0690951347351074,0.0384615384615384,1.0168626308441162,0.5989166498184204,0.8911552429199219,True,True
0.04499480500817299,5.874549388885498,0.4970409870147705,0.5047619047619047,11.046629905700684,R3,high,P27H,44,0.2990035116672516,0.125,0.9905967712402344,0.5710816383361816,1.2271840572357178,False,False
0.06381003558635712,37.91646957397461,0.3753567934036255,0.19047619047619047,5.882410049438477,R3,high,P28H,44,0.2392262816429138,0.1057692307692307,1.020148515701294,0.6184862852096558,0.9787381291389464,False,False
0.10103806108236313,57.60136413574219,0.8228086829185486,0.4380952380952381,8.14355182647705,R3,high,P29H,44,0.1896898746490478,0.048076923076923,1.0136805772781372,0.6842086315155029,1.1566120386123655,True,False
0.04947918280959129,8.979129791259766,0.11749496310949326,0.22857142857142856,2.374634265899658,R3,high,P30H,44,0.1686132252216339,0.0769230769230769,0.9644806385040284,0.5096978545188904,0.9242243766784668,False,False
0.1243838518857956,27.235937118530273,0.5956383943557739,0.22857142857142856,4.7887115478515625,R3,low,P01L,44,0.3391981124877929,0.0192307692307692,0.1944012641906738,0.1329407691955566,0.7096536755561829,True,False
0.050563592463731766,16.284597396850586,0.533500075340271,0.24761904761904763,10.551071166992188,R3,low,P06L,44,0.2256935536861419,0.125,0.6390891671180725,0.2878319025039673,0.8900290727615356,False,False
0.05311977490782738,5.322580814361572,0.9688827395439148,0.0761904761904762,18.239585876464844,R3,low,P09L,44,0.4033232033252716,0.0192307692307692,0.5432265996932983,0.2829193472862243,0.9040369391441344,False,False
0.02059130370616913,2.1857893466949463,0.15823940932750702,0.3047619047619048,7.684769153594971,R3,low,P10L,44,0.3602093458175659,0.2980769230769231,0.5050454139709473,0.3783685564994812,0.7082663178443909,False,False
0.04519941285252571,8.079136848449707,0.16486333310604095,0.22857142857142856,3.6474661827087402,R3,low,P11L,44,0.2532142996788025,0.048076923076923,0.4102662801742553,0.1652761101722717,0.4918493032455444,False,False
0.026940245181322098,2.789210796356201,0.08609142899513245,0.5333333333333333,3.195643901824951,R3,low,P14L,44,0.2115511894226074,0.2403846153846154,0.3318883180618286,0.2186813354492187,0.7539554834365845,False,False
0.07462239265441895,13.083930015563965,0.39963406324386597,0.3238095238095238,5.355417728424072,R3,low,P17L,44,0.2904095351696014,0.048076923076923,0.3069297075271606,0.1655341386795044,0.8118918538093567,False,False
0.035984598100185394,5.406504154205322,0.24803847074508667,0.1523809523809524,6.892906665802002,R3,low,P19L,44,0.317879855632782,0.1826923076923076,0.8303700685501099,0.4054116606712341,0.7486059665679932,False,False
0.04416608437895775,7.423837661743164,0.07611530274152756,0.8666666666666667,1.7233879566192627,R3,low,P23L,44,0.1435017585754394,0.1826923076923076,0.1425179839134216,0.110803484916687,1.1641076803207395,False,False
0.09387000650167465,22.151708602905273,0.35487857460975647,0.22857142857142856,3.7805323600769043,R3,low,P28L,44,0.1644014716148376,0.0384615384615384,0.4684293270111084,0.2506862282752991,1.2830419540405271,False,False
