prompt_id,seed,tier,DR_R1,DR_R2,DR_R3,dDR_R2_minus_R1,dDR_R3_minus_R1,dDR_R3_minus_R2,realized_dino
P01H,42,high,0.21885959804058075,0.21753516793251038,0.18078923225402832,-0.0013244301080703735,-0.03807036578655243,-0.036745935678482056,0.9612834453582764
P01H,43,high,0.38990846276283264,0.3898744583129883,0.4187457859516144,-3.400444984436035e-05,0.02883732318878174,0.0288713276386261,0.9877305626869202
P01H,44,high,0.23040565848350525,0.22291839122772217,0.22633543610572815,-0.007487267255783081,-0.0040702223777771,0.0034170448780059814,0.9630113840103149
P01L,42,low,0.3995802104473114,0.44978517293930054,0.47321826219558716,0.050204962491989136,0.07363805174827576,0.02343308925628662,0.3486518859863281
P01L,43,low,0.2863529622554779,0.4212251901626587,0.4249728322029114,0.1348722279071808,0.13861986994743347,0.0037476420402526855,0.10326999425888062
P01L,44,low,0.3687728941440582,0.3751932382583618,0.33919811248779297,0.006420344114303589,-0.02957478165626526,-0.03599512577056885,0.19440126419067383
P02H,42,high,0.36657148599624634,0.43274593353271484,0.2983597218990326,0.0661744475364685,-0.06821176409721375,-0.13438621163368225,0.7415554523468018
P02H,43,high,0.37886887788772583,0.37643301486968994,0.35602766275405884,-0.0024358630180358887,-0.022841215133666992,-0.020405352115631104,1.0281020402908325
P02H,44,high,0.3111121952533722,0.3872351348400116,0.32737594842910767,0.0761229395866394,0.016263753175735474,-0.05985918641090393,1.041551947593689
P03H,42,high,0.49980247020721436,0.3621748685836792,0.290108859539032,-0.13762760162353516,-0.20969361066818237,-0.07206600904464722,0.7580409049987793
P03H,43,high,0.4170341491699219,0.3369484543800354,0.06307761371135712,-0.08008569478988647,-0.35395653545856476,-0.2738708406686783,0.6916404366493225
P03H,44,high,0.4991952180862427,0.4419896602630615,0.11403410136699677,-0.05720555782318115,-0.3851611167192459,-0.32795555889606476,0.6890080571174622
P04H,42,high,0.5115640759468079,0.41104981303215027,0.40141957998275757,-0.10051426291465759,-0.11014449596405029,-0.0096302330493927,0.600055992603302
P04H,43,high,0.6933605670928955,0.5590646266937256,0.5536974668502808,-0.13429594039916992,-0.13966310024261475,-0.005367159843444824,0.6436781287193298
P04H,44,high,0.8784747123718262,0.7034255266189575,0.7514806985855103,-0.17504918575286865,-0.12699401378631592,0.048055171966552734,0.6592342853546143
P05H,42,high,0.6018710732460022,0.6109315752983093,0.21356472373008728,0.009060502052307129,-0.3883063495159149,-0.39736685156822205,0.9827249646186829
P05H,43,high,0.6850706934928894,0.5721197128295898,0.051166921854019165,-0.11295098066329956,-0.6339037716388702,-0.5209527909755707,0.9647729992866516
P05H,44,high,0.5380000472068787,0.4984174966812134,0.12472016364336014,-0.03958255052566528,-0.4132798835635185,-0.37369733303785324,0.9879730343818665
P06H,42,high,0.2014235407114029,0.23666580021381378,0.10845287889242172,0.03524225950241089,-0.09297066181898117,-0.12821292132139206,0.9806668758392334
P06H,43,high,0.15633757412433624,0.14805620908737183,0.13925206661224365,-0.008281365036964417,-0.01708550751209259,-0.008804142475128174,1.005301594734192
P06H,44,high,0.2093205749988556,0.21533513069152832,0.1476176679134369,0.0060145556926727295,-0.0617029070854187,-0.06771746277809143,0.9983325600624084
P06L,42,low,0.3546831011772156,0.29411780834198,0.33432894945144653,-0.060565292835235596,-0.020354151725769043,0.04021114110946655,0.9073150157928467
P06L,43,low,0.6850451231002808,0.6712397336959839,0.666637659072876,-0.013805389404296875,-0.018407464027404785,-0.00460207462310791,0.7185764312744141
P06L,44,low,0.2407466024160385,0.20516590774059296,0.22569355368614197,-0.03558069467544556,-0.015053048729896545,0.02052764594554901,0.6390891671180725
P07H,42,high,0.3702477812767029,0.362765371799469,0.2786828279495239,-0.007482409477233887,-0.09156495332717896,-0.08408254384994507,1.0277444124221802
P07H,43,high,0.23727011680603027,0.20791968703269958,0.20299918949604034,-0.02935042977333069,-0.03427092730998993,-0.004920497536659241,1.0062681436538696
P07H,44,high,0.33733949065208435,0.3477690517902374,0.3347654938697815,0.010429561138153076,-0.0025739967823028564,-0.013003557920455933,0.9850413203239441
P08H,42,high,0.3675394356250763,0.38134506344795227,0.30666810274124146,0.013805627822875977,-0.06087133288383484,-0.07467696070671082,1.0139449834823608
P08H,43,high,0.36916616559028625,0.16976583003997803,0.1586434245109558,-0.19940033555030823,-0.21052274107933044,-0.011122405529022217,1.0075950622558594
P08H,44,high,0.3518728017807007,0.14893180131912231,0.05786143243312836,-0.20294100046157837,-0.2940113693475723,-0.09107036888599396,1.0002928972244263
P09H,42,high,0.604594349861145,0.5338831543922424,0.04951944202184677,-0.07071119546890259,-0.5550749078392982,-0.48436371237039566,0.9430845379829407
P09H,43,high,0.9019961953163147,0.894762396812439,0.26136285066604614,-0.007233798503875732,-0.6406333446502686,-0.6333995461463928,0.8987104892730713
P09H,44,high,0.5909912586212158,0.5709542036056519,0.06364387273788452,-0.020037055015563965,-0.5273473858833313,-0.5073103308677673,0.9566075801849365
P09L,42,low,0.43997541069984436,0.29912078380584717,0.29604679346084595,-0.1408546268939972,-0.1439286172389984,-0.0030739903450012207,0.7299018502235413
P09L,43,low,0.5956738591194153,0.5366238355636597,0.5278458595275879,-0.059050023555755615,-0.06782799959182739,-0.008777976036071777,0.4891654849052429
P09L,44,low,0.3949073553085327,0.38665467500686646,0.4033232033252716,-0.00825268030166626,0.008415848016738892,0.01666852831840515,0.5432265996932983
P10H,42,high,1.5282336473464966,1.751131534576416,0.2152271419763565,0.22289788722991943,-1.31300650537014,-1.5359043926000595,0.8633378744125366
P10H,43,high,0.8341830968856812,0.5418251752853394,0.37892693281173706,-0.2923579216003418,-0.4552561640739441,-0.1628982424736023,0.9694121479988098
P10H,44,high,0.9346004128456116,1.0850168466567993,0.4172023832798004,0.15041643381118774,-0.5173980295658112,-0.6678144633769989,0.9673793315887451
P10L,42,low,0.3307035565376282,0.2685820162296295,0.3027566373348236,-0.06212154030799866,-0.027946919202804565,0.03417462110519409,0.6583950519561768
P10L,43,low,0.263030469417572,0.2894326150417328,0.2813378572463989,0.026402145624160767,0.018307387828826904,-0.008094757795333862,0.6203498840332031
P10L,44,low,0.4435485601425171,0.371515154838562,0.3602093458175659,-0.07203340530395508,-0.08333921432495117,-0.011305809020996094,0.5050454139709473
P11H,42,high,0.23240923881530762,0.27903398871421814,0.13139557838439941,0.04662474989891052,-0.1010136604309082,-0.14763841032981873,0.9947289228439331
P11H,43,high,0.22839289903640747,0.37845849990844727,0.16836032271385193,0.1500656008720398,-0.06003257632255554,-0.21009817719459534,0.9712607264518738
P11H,44,high,0.34253716468811035,0.17491739988327026,0.09204784780740738,-0.1676197648048401,-0.250489316880703,-0.08286955207586288,0.9626429677009583
P11L,42,low,0.22574883699417114,0.25071221590042114,0.15644842386245728,0.02496337890625,-0.06930041313171387,-0.09426379203796387,0.47943979501724243
P11L,43,low,0.165017768740654,0.15609803795814514,0.1502523124217987,-0.00891973078250885,-0.014765456318855286,-0.0058457255363464355,0.2394423484802246
P11L,44,low,0.2369699478149414,0.2541508674621582,0.2532142996788025,0.017180919647216797,0.016244351863861084,-0.0009365677833557129,0.41026628017425537
P12H,42,high,0.43363478779792786,0.20138894021511078,0.16846324503421783,-0.23224584758281708,-0.26517154276371,-0.032925695180892944,0.9307236671447754
P12H,43,high,0.47136884927749634,0.49542561173439026,0.44628679752349854,0.02405676245689392,-0.025082051753997803,-0.049138814210891724,0.9377961158752441
P12H,44,high,0.4102959632873535,0.43340587615966797,0.18200922012329102,0.023109912872314453,-0.2282867431640625,-0.25139665603637695,0.9411872625350952
P13H,42,high,0.4872244894504547,0.45097923278808594,0.2760166525840759,-0.036245256662368774,-0.21120783686637878,-0.17496258020401,0.973843514919281
P13H,43,high,0.39778488874435425,0.42451056838035583,0.40024542808532715,0.026725679636001587,0.0024605393409729004,-0.024265140295028687,0.9722458720207214
P13H,44,high,0.2932494878768921,0.27775150537490845,0.2756332457065582,-0.015497982501983643,-0.017616242170333862,-0.0021182596683502197,0.9717490673065186
P14H,42,high,0.12067357450723648,0.15906718373298645,0.09823837876319885,0.03839360922574997,-0.022435195744037628,-0.0608288049697876,0.9383891820907593
P14H,43,high,0.4688906967639923,0.43774551153182983,0.26174432039260864,-0.031145185232162476,-0.20714637637138367,-0.1760011911392212,0.9315540790557861
P14H,44,high,0.30530211329460144,0.19735708832740784,0.057756535708904266,-0.1079450249671936,-0.24754557758569717,-0.13960055261850357,0.9576407670974731
P14L,42,low,0.135253444314003,0.13123565912246704,0.12806206941604614,-0.00401778519153595,-0.007191374897956848,-0.0031735897064208984,0.6479144096374512
P14L,43,low,0.24413378536701202,0.21585983037948608,0.2077069729566574,-0.02827395498752594,-0.036426812410354614,-0.008152857422828674,0.3720131516456604
P14L,44,low,0.2583184242248535,0.2932799458503723,0.21155118942260742,0.0349615216255188,-0.046767234802246094,-0.08172875642776489,0.3318883180618286
P15H,42,high,0.2688423693180084,0.3223012685775757,0.2207326591014862,0.05345889925956726,-0.04810971021652222,-0.10156860947608948,0.9510506987571716
P15H,43,high,0.33737361431121826,0.37772536277770996,0.31180882453918457,0.0403517484664917,-0.02556478977203369,-0.06591653823852539,1.0357707738876343
P15H,44,high,0.42635464668273926,0.3633696436882019,0.28027254343032837,-0.06298500299453735,-0.1460821032524109,-0.08309710025787354,1.0448477268218994
P16H,42,high,0.06953774392604828,0.00809891615062952,0.02301936224102974,-0.06143882777541876,-0.04651838168501854,0.014920446090400219,0.9719672799110413
P16H,43,high,0.24075612425804138,0.2418423891067505,0.25239041447639465,0.0010862648487091064,0.011634290218353271,0.010548025369644165,0.9896607398986816
P16H,44,high,0.13209620118141174,0.11293937265872955,0.11068928986787796,-0.01915682852268219,-0.021406911313533783,-0.002250082790851593,0.951047420501709
P17H,42,high,0.2310139536857605,0.2524178624153137,0.22117699682712555,0.021403908729553223,-0.009836956858634949,-0.03124086558818817,0.963796854019165
P17H,43,high,0.21294356882572174,0.23245525360107422,0.22398048639297485,0.019511684775352478,0.011036917567253113,-0.008474767208099365,0.9756292104721069
P17H,44,high,0.11122911423444748,0.10412588715553284,0.09530510008335114,-0.007103227078914642,-0.015924014151096344,-0.008820787072181702,0.9588172435760498
P17L,42,low,0.5627155900001526,0.4974645674228668,0.35671672224998474,-0.06525102257728577,-0.20599886775016785,-0.14074784517288208,0.43257272243499756
P17L,43,low,0.38367488980293274,0.32225096225738525,0.3169535994529724,-0.061423927545547485,-0.06672129034996033,-0.005297362804412842,0.29002583026885986
P17L,44,low,0.38907673954963684,0.2940005660057068,0.29040953516960144,-0.09507617354393005,-0.0986672043800354,-0.0035910308361053467,0.30692970752716064
P18H,42,high,0.6306691765785217,0.6588096618652344,0.4049520492553711,0.028140485286712646,-0.22571712732315063,-0.2538576126098633,0.9581049084663391
P18H,43,high,0.49827879667282104,0.4496570825576782,0.4655383229255676,-0.04862171411514282,-0.03274047374725342,0.015881240367889404,0.9384627342224121
P18H,44,high,0.634707510471344,0.6539630889892578,0.10582543909549713,0.01925557851791382,-0.5288820713758469,-0.5481376498937607,0.9677277207374573
P19H,42,high,0.6490057110786438,0.8476563692092896,0.1341545283794403,0.19865065813064575,-0.5148511826992035,-0.7135018408298492,0.9637221693992615
P19H,43,high,0.7240613102912903,0.6176642179489136,0.15301628410816193,-0.10639709234237671,-0.5710450261831284,-0.46464793384075165,0.979777455329895
P19H,44,high,0.7135919332504272,0.6996287107467651,0.5003798007965088,-0.01396322250366211,-0.21321213245391846,-0.19924890995025635,0.9636756777763367
P19L,42,low,0.26525092124938965,0.23975156247615814,0.17907722294330597,-0.025499358773231506,-0.08617369830608368,-0.06067433953285217,0.8050398826599121
P19L,43,low,0.26992693543434143,0.317904531955719,0.2979235053062439,0.047977596521377563,0.027996569871902466,-0.019981026649475098,0.6310333609580994
P19L,44,low,0.3043816387653351,0.32326740026474,0.317879855632782,0.018885761499404907,0.0134982168674469,-0.005387544631958008,0.8303700685501099
P20H,42,high,0.1973133385181427,0.12280919402837753,0.10191857069730759,-0.07450414448976517,-0.09539476782083511,-0.020890623331069946,1.0140897035598755
P20H,43,high,0.4279608428478241,0.3949477970600128,0.25923773646354675,-0.03301304578781128,-0.16872310638427734,-0.13571006059646606,1.029374599456787
P20H,44,high,0.16949281096458435,0.1779964566230774,0.18428173661231995,0.008503645658493042,0.014788925647735596,0.006285279989242554,1.0341235399246216
P21H,42,high,0.07469363510608673,0.0758451372385025,0.07608401775360107,0.0011515021324157715,0.0013903826475143433,0.00023888051509857178,1.0002923011779785
P21H,43,high,0.013502813875675201,0.008945070207118988,0.009934443980455399,-0.004557743668556213,-0.003568369895219803,0.0009893737733364105,1.003332257270813
P21H,44,high,0.1429557055234909,0.14171245694160461,0.1165403425693512,-0.0012432485818862915,-0.02641536295413971,-0.025172114372253418,1.0289900302886963
P22H,42,high,0.4245811104774475,0.46871688961982727,0.457047700881958,0.04413577914237976,0.0324665904045105,-0.011669188737869263,0.9482151865959167
P22H,43,high,0.3233966529369354,0.28701597452163696,0.2910194993019104,-0.03638067841529846,-0.032377153635025024,0.0040035247802734375,1.00128173828125
P22H,44,high,0.28015244007110596,0.2707723379135132,0.2675623297691345,-0.009380102157592773,-0.012590110301971436,-0.003210008144378662,1.0291283130645752
P23H,42,high,0.2616536021232605,0.2503550946712494,0.07124792784452438,-0.011298507452011108,-0.19040567427873611,-0.179107166826725,1.0112640857696533
P23H,43,high,0.31587785482406616,0.33190253376960754,0.07792379707098007,0.016024678945541382,-0.2379540577530861,-0.25397873669862747,1.0253186225891113
P23H,44,high,0.35776451230049133,0.32257115840911865,0.07674111425876617,-0.03519335389137268,-0.28102339804172516,-0.24583004415035248,1.007401466369629
P23L,42,low,0.20407041907310486,0.15571048855781555,0.15206362307071686,-0.04835993051528931,-0.052006796002388,-0.003646865487098694,0.22409522533416748
P23L,43,low,0.2038029432296753,0.17690624296665192,0.1705261766910553,-0.026896700263023376,-0.033276766538619995,-0.006380066275596619,0.12052440643310547
P23L,44,low,0.16746623814105988,0.14352570474147797,0.14350175857543945,-0.02394053339958191,-0.023964479565620422,-2.3946166038513184e-05,0.14251798391342163
P24H,42,high,0.5826928615570068,0.5179364681243896,0.23452839255332947,-0.06475639343261719,-0.34816446900367737,-0.2834080755710602,0.9673165082931519
P24H,43,high,0.3231741786003113,0.31862789392471313,0.2961076498031616,-0.0045462846755981445,-0.027066528797149658,-0.022520244121551514,0.975692868232727
P24H,44,high,0.5693420767784119,0.27636027336120605,0.20775490999221802,-0.2929818034172058,-0.36158716678619385,-0.06860536336898804,0.9585490226745605
P25H,42,high,0.4809509813785553,0.2825421094894409,0.25931984186172485,-0.19840887188911438,-0.22163113951683044,-0.023222267627716064,0.9838753938674927
P25H,43,high,0.3610032796859741,0.37561047077178955,0.3325842618942261,0.01460719108581543,-0.028419017791748047,-0.04302620887756348,1.003044605255127
P25H,44,high,0.31832408905029297,0.3208518326282501,0.2557911276817322,0.0025277435779571533,-0.06253296136856079,-0.06506070494651794,1.010129690170288
P26H,42,high,0.37476152181625366,0.24755819141864777,0.16176393628120422,-0.1272033303976059,-0.21299758553504944,-0.08579425513744354,1.026954174041748
P26H,43,high,0.44604456424713135,0.45730412006378174,0.20918460190296173,0.01125955581665039,-0.23685996234416962,-0.24811951816082,0.9732735753059387
P26H,44,high,0.748400092124939,0.2930651307106018,0.06909513473510742,-0.45533496141433716,-0.6793049573898315,-0.22396999597549438,1.0168626308441162
P27H,42,high,0.41793400049209595,0.3229331374168396,0.12077173590660095,-0.09500086307525635,-0.297162264585495,-0.20216140151023865,0.9842872023582458
P27H,43,high,0.3181856870651245,0.2588679790496826,0.1762053221464157,-0.059317708015441895,-0.1419803649187088,-0.0826626569032669,0.9562029838562012
P27H,44,high,0.4429912269115448,0.4154629707336426,0.2990035116672516,-0.02752825617790222,-0.1439877152442932,-0.11645945906639099,0.9905967712402344
P28H,42,high,0.32404881715774536,0.30326178669929504,0.09401640295982361,-0.020787030458450317,-0.23003241419792175,-0.20924538373947144,1.0035260915756226
P28H,43,high,0.23106318712234497,0.3857302665710449,0.20480181276798248,0.15466707944869995,-0.026261374354362488,-0.18092845380306244,0.9866362810134888
P28H,44,high,0.21521282196044922,0.25101402401924133,0.23922628164291382,0.035801202058792114,0.0240134596824646,-0.011787742376327515,1.020148515701294
P28L,42,low,0.33656278252601624,0.283913791179657,0.25670939683914185,-0.05264899134635925,-0.07985338568687439,-0.027204394340515137,0.20943492650985718
P28L,43,low,0.1941225379705429,0.16239401698112488,0.15805649757385254,-0.03172852098941803,-0.03606604039669037,-0.004337519407272339,0.29058098793029785
P28L,44,low,0.13104841113090515,0.15632517635822296,0.16440147161483765,0.02527676522731781,0.033353060483932495,0.008076295256614685,0.4684293270111084
P29H,42,high,0.5419955849647522,0.48715639114379883,0.019769687205553055,-0.05483919382095337,-0.5222258977591991,-0.4673867039382458,1.0307660102844238
P29H,43,high,0.3929069936275482,0.3804650902748108,0.34674426913261414,-0.012441903352737427,-0.04616272449493408,-0.033720821142196655,1.0134745836257935
P29H,44,high,0.28862202167510986,0.23863238096237183,0.18968987464904785,-0.04998964071273804,-0.09893214702606201,-0.048942506313323975,1.0136805772781372
P30H,42,high,0.05236580967903137,0.06680037081241608,0.05638941004872322,0.014434561133384705,0.004023600369691849,-0.010410960763692856,1.028456449508667
P30H,43,high,0.13715951144695282,0.19002710282802582,0.2011239230632782,0.052867591381073,0.06396441161632538,0.01109682023525238,1.0186641216278076
P30H,44,high,0.11635064333677292,0.16975484788417816,0.1686132252216339,0.05340420454740524,0.05226258188486099,-0.0011416226625442505,0.9644806385040283
