prompt_id,seed,tier,DR_R1,DR_R2,DR_R3,dDR_R2_minus_R1,dDR_R3_minus_R1,dDR_R3_minus_R2,realized_dino,clip_dist,pixel_gap
P01H,42,high,0.2188595980405807,0.2175351679325103,0.1807892322540283,-0.0013244301080703,-0.0380703657865524,-0.036745935678482,0.9612834453582764,0.4752006530761719,0.8643697500228882
P01H,43,high,0.3899084627628326,0.3898744583129883,0.4187457859516144,-3.400444984436035e-05,0.0288373231887817,0.0288713276386261,0.9877305626869202,0.4961796998977661,0.8499504923820496
P01H,44,high,0.2304056584835052,0.2229183912277221,0.2263354361057281,-0.007487267255783,-0.0040702223777771,0.0034170448780059,0.9630113840103148,0.4758339524269104,0.9151155948638916
P01L,42,low,0.3995802104473114,0.4497851729393005,0.4732182621955871,0.0502049624919891,0.0736380517482757,0.0234330892562866,0.3486518859863281,0.13230383396148682,0.7487712502479553
P01L,43,low,0.2863529622554779,0.4212251901626587,0.4249728322029114,0.1348722279071808,0.1386198699474334,0.0037476420402526,0.1032699942588806,0.13929450511932373,0.6538048386573792
P01L,44,low,0.3687728941440582,0.3751932382583618,0.3391981124877929,0.0064203441143035,-0.0295747816562652,-0.0359951257705688,0.1944012641906738,0.13294076919555664,0.7096536755561829
P02H,42,high,0.3665714859962463,0.4327459335327148,0.2983597218990326,0.0661744475364685,-0.0682117640972137,-0.1343862116336822,0.7415554523468018,0.46756958961486816,0.883534848690033
P02H,43,high,0.3788688778877258,0.3764330148696899,0.3560276627540588,-0.0024358630180358,-0.0228412151336669,-0.0204053521156311,1.0281020402908323,0.4894450902938843,0.8480965495109558
P02H,44,high,0.3111121952533722,0.3872351348400116,0.3273759484291076,0.0761229395866394,0.0162637531757354,-0.0598591864109039,1.041551947593689,0.46207547187805176,0.8089801073074341
P03H,42,high,0.4998024702072143,0.3621748685836792,0.290108859539032,-0.1376276016235351,-0.2096936106681823,-0.0720660090446472,0.7580409049987793,0.2730611562728882,0.9606642127037048
P03H,43,high,0.4170341491699219,0.3369484543800354,0.0630776137113571,-0.0800856947898864,-0.3539565354585647,-0.2738708406686783,0.6916404366493225,0.279171884059906,0.9432389736175536
P03H,44,high,0.4991952180862427,0.4419896602630615,0.1140341013669967,-0.0572055578231811,-0.3851611167192459,-0.3279555588960647,0.6890080571174622,0.35798966884613037,0.9465471506118774
P04H,42,high,0.5115640759468079,0.4110498130321502,0.4014195799827575,-0.1005142629146575,-0.1101444959640502,-0.0096302330493927,0.600055992603302,0.22084468603134155,0.9929393529891968
P04H,43,high,0.6933605670928955,0.5590646266937256,0.5536974668502808,-0.1342959403991699,-0.1396631002426147,-0.0053671598434448,0.6436781287193298,0.3010459542274475,0.9058797955513
P04H,44,high,0.8784747123718262,0.7034255266189575,0.7514806985855103,-0.1750491857528686,-0.1269940137863159,0.0480551719665527,0.6592342853546143,0.1983303427696228,0.9513954520225524
P05H,42,high,0.6018710732460022,0.6109315752983093,0.2135647237300872,0.0090605020523071,-0.3883063495159149,-0.397366851568222,0.9827249646186828,0.4759860038757324,1.0266987085342407
P05H,43,high,0.6850706934928894,0.5721197128295898,0.0511669218540191,-0.1129509806632995,-0.6339037716388702,-0.5209527909755707,0.9647729992866516,0.42327165603637695,1.0442242622375488
P05H,44,high,0.5380000472068787,0.4984174966812134,0.1247201636433601,-0.0395825505256652,-0.4132798835635185,-0.3736973330378532,0.9879730343818665,0.45055443048477173,1.0497446060180664
P06H,42,high,0.2014235407114029,0.2366658002138137,0.1084528788924217,0.0352422595024108,-0.0929706618189811,-0.128212921321392,0.9806668758392334,0.4143548011779785,0.8330869674682617
P06H,43,high,0.1563375741243362,0.1480562090873718,0.1392520666122436,-0.0082813650369644,-0.0170855075120925,-0.0088041424751281,1.005301594734192,0.4324915409088135,0.8834311366081238
P06H,44,high,0.2093205749988556,0.2153351306915283,0.1476176679134369,0.0060145556926727,-0.0617029070854187,-0.0677174627780914,0.9983325600624084,0.4081817865371704,0.8389516472816467
P06L,42,low,0.3546831011772156,0.29411780834198,0.3343289494514465,-0.0605652928352355,-0.020354151725769,0.0402111411094665,0.9073150157928468,0.3632093667984009,0.8829370141029358
P06L,43,low,0.6850451231002808,0.6712397336959839,0.666637659072876,-0.0138053894042968,-0.0184074640274047,-0.0046020746231079,0.7185764312744141,0.17342615127563477,1.0393754243850708
P06L,44,low,0.2407466024160385,0.2051659077405929,0.2256935536861419,-0.0355806946754455,-0.0150530487298965,0.020527645945549,0.6390891671180725,0.2878319025039673,0.8900290727615356
P07H,42,high,0.3702477812767029,0.362765371799469,0.2786828279495239,-0.0074824094772338,-0.0915649533271789,-0.084082543849945,1.0277444124221802,0.43548476696014404,0.7564296722412109
P07H,43,high,0.2372701168060302,0.2079196870326995,0.2029991894960403,-0.0293504297733306,-0.0342709273099899,-0.0049204975366592,1.0062681436538696,0.4105416536331177,0.8776676654815674
P07H,44,high,0.3373394906520843,0.3477690517902374,0.3347654938697815,0.010429561138153,-0.0025739967823028,-0.0130035579204559,0.985041320323944,0.4895201325416565,0.758611261844635
P08H,42,high,0.3675394356250763,0.3813450634479522,0.3066681027412414,0.0138056278228759,-0.0608713328838348,-0.0746769607067108,1.0139449834823608,0.38848280906677246,0.9529079794883728
P08H,43,high,0.3691661655902862,0.169765830039978,0.1586434245109558,-0.1994003355503082,-0.2105227410793304,-0.0111224055290222,1.0075950622558594,0.4101274013519287,0.961197555065155
P08H,44,high,0.3518728017807007,0.1489318013191223,0.0578614324331283,-0.2029410004615783,-0.2940113693475723,-0.0910703688859939,1.0002928972244265,0.4643821716308594,0.94828462600708
P09H,42,high,0.604594349861145,0.5338831543922424,0.0495194420218467,-0.0707111954689025,-0.5550749078392982,-0.4843637123703956,0.9430845379829408,0.4123174548149109,0.7780449390411377
P09H,43,high,0.9019961953163148,0.894762396812439,0.2613628506660461,-0.0072337985038757,-0.6406333446502686,-0.6333995461463928,0.8987104892730713,0.5162885189056396,0.7421147227287292
P09H,44,high,0.5909912586212158,0.5709542036056519,0.0636438727378845,-0.0200370550155639,-0.5273473858833313,-0.5073103308677673,0.9566075801849364,0.47254031896591187,0.861601710319519
P09L,42,low,0.4399754106998443,0.2991207838058471,0.2960467934608459,-0.1408546268939972,-0.1439286172389984,-0.0030739903450012,0.7299018502235413,0.15928351879119873,0.8672255277633667
P09L,43,low,0.5956738591194153,0.5366238355636597,0.5278458595275879,-0.0590500235557556,-0.0678279995918273,-0.0087779760360717,0.4891654849052429,0.2398167848587036,0.9043744802474976
P09L,44,low,0.3949073553085327,0.3866546750068664,0.4033232033252716,-0.0082526803016662,0.0084158480167388,0.0166685283184051,0.5432265996932983,0.28291934728622437,0.9040369391441344
P10H,42,high,1.5282336473464966,1.751131534576416,0.2152271419763565,0.2228978872299194,-1.31300650537014,-1.5359043926000595,0.8633378744125366,0.4492248296737671,0.452422022819519
P10H,43,high,0.8341830968856812,0.5418251752853394,0.378926932811737,-0.2923579216003418,-0.4552561640739441,-0.1628982424736023,0.9694121479988098,0.4839855432510376,0.5832571387290955
P10H,44,high,0.9346004128456116,1.085016846656799,0.4172023832798004,0.1504164338111877,-0.5173980295658112,-0.6678144633769989,0.9673793315887452,0.521384596824646,0.7413479685783386
P10L,42,low,0.3307035565376282,0.2685820162296295,0.3027566373348236,-0.0621215403079986,-0.0279469192028045,0.034174621105194,0.6583950519561768,0.38500046730041504,0.6680316925048828
P10L,43,low,0.263030469417572,0.2894326150417328,0.2813378572463989,0.0264021456241607,0.0183073878288269,-0.0080947577953338,0.6203498840332031,0.29612958431243896,0.6476515531539917
P10L,44,low,0.4435485601425171,0.371515154838562,0.3602093458175659,-0.072033405303955,-0.0833392143249511,-0.011305809020996,0.5050454139709473,0.3783685564994812,0.7082663178443909
P11H,42,high,0.2324092388153076,0.2790339887142181,0.1313955783843994,0.0466247498989105,-0.1010136604309082,-0.1476384103298187,0.9947289228439332,0.4631502032279968,1.1306662559509275
P11H,43,high,0.2283928990364074,0.3784584999084472,0.1683603227138519,0.1500656008720398,-0.0600325763225555,-0.2100981771945953,0.9712607264518738,0.4359375238418579,1.0953075885772705
P11H,44,high,0.3425371646881103,0.1749173998832702,0.0920478478074073,-0.1676197648048401,-0.250489316880703,-0.0828695520758628,0.9626429677009584,0.40095067024230957,1.0086910724639893
P11L,42,low,0.2257488369941711,0.2507122159004211,0.1564484238624572,0.02496337890625,-0.0693004131317138,-0.0942637920379638,0.4794397950172424,0.21612656116485596,0.4177244007587433
P11L,43,low,0.165017768740654,0.1560980379581451,0.1502523124217987,-0.0089197307825088,-0.0147654563188552,-0.0058457255363464,0.2394423484802246,0.11167919635772705,0.6606460213661194
P11L,44,low,0.2369699478149414,0.2541508674621582,0.2532142996788025,0.0171809196472167,0.016244351863861,-0.0009365677833557,0.4102662801742553,0.16527611017227173,0.4918493032455444
P12H,42,high,0.4336347877979278,0.2013889402151107,0.1684632450342178,-0.232245847582817,-0.26517154276371,-0.0329256951808929,0.9307236671447754,0.49177777767181396,0.877729594707489
P12H,43,high,0.4713688492774963,0.4954256117343902,0.4462867975234985,0.0240567624568939,-0.0250820517539978,-0.0491388142108917,0.937796115875244,0.5307897329330444,0.8347966074943542
P12H,44,high,0.4102959632873535,0.4334058761596679,0.182009220123291,0.0231099128723144,-0.2282867431640625,-0.2513966560363769,0.9411872625350952,0.4976664185523987,0.8220895528793335
P13H,42,high,0.4872244894504547,0.4509792327880859,0.2760166525840759,-0.0362452566623687,-0.2112078368663787,-0.17496258020401,0.973843514919281,0.4593563675880432,0.9377205967903136
P13H,43,high,0.3977848887443542,0.4245105683803558,0.4002454280853271,0.0267256796360015,0.0024605393409729,-0.0242651402950286,0.9722458720207214,0.45501571893692017,0.9309099912643432
P13H,44,high,0.2932494878768921,0.2777515053749084,0.2756332457065582,-0.0154979825019836,-0.0176162421703338,-0.0021182596683502,0.9717490673065186,0.4212028980255127,0.98465895652771
P14H,42,high,0.1206735745072364,0.1590671837329864,0.0982383787631988,0.0383936092257499,-0.0224351957440376,-0.0608288049697876,0.9383891820907592,0.49686723947525024,0.9337234497070312
P14H,43,high,0.4688906967639923,0.4377455115318298,0.2617443203926086,-0.0311451852321624,-0.2071463763713836,-0.1760011911392212,0.931554079055786,0.52934730052948,0.8184349536895752
P14H,44,high,0.3053021132946014,0.1973570883274078,0.0577565357089042,-0.1079450249671936,-0.2475455775856971,-0.1396005526185035,0.9576407670974731,0.5052523016929626,0.9845015406608582
P14L,42,low,0.135253444314003,0.131235659122467,0.1280620694160461,-0.0040177851915359,-0.0071913748979568,-0.0031735897064208,0.6479144096374512,0.287176251411438,0.8173085451126099
P14L,43,low,0.244133785367012,0.215859830379486,0.2077069729566574,-0.0282739549875259,-0.0364268124103546,-0.0081528574228286,0.3720131516456604,0.19744086265563965,0.6672502756118774
P14L,44,low,0.2583184242248535,0.2932799458503723,0.2115511894226074,0.0349615216255188,-0.046767234802246,-0.0817287564277648,0.3318883180618286,0.21868133544921875,0.7539554834365845
P15H,42,high,0.2688423693180084,0.3223012685775757,0.2207326591014862,0.0534588992595672,-0.0481097102165222,-0.1015686094760894,0.9510506987571716,0.604723334312439,0.9735817909240724
P15H,43,high,0.3373736143112182,0.3777253627777099,0.3118088245391845,0.0403517484664917,-0.0255647897720336,-0.0659165382385253,1.0357707738876345,0.6223694086074829,0.9526162147521972
P15H,44,high,0.4263546466827392,0.3633696436882019,0.2802725434303283,-0.0629850029945373,-0.1460821032524109,-0.0830971002578735,1.0448477268218994,0.5443874597549438,0.9043270349502563
P16H,42,high,0.0695377439260482,0.0080989161506295,0.0230193622410297,-0.0614388277754187,-0.0465183816850185,0.0149204460904002,0.9719672799110411,0.47702842950820923,1.1666666269302368
P16H,43,high,0.2407561242580413,0.2418423891067505,0.2523904144763946,0.0010862648487091,0.0116342902183532,0.0105480253696441,0.9896607398986816,0.5373905897140503,1.0785634517669678
P16H,44,high,0.1320962011814117,0.1129393726587295,0.1106892898678779,-0.0191568285226821,-0.0214069113135337,-0.0022500827908515,0.951047420501709,0.5082496404647827,1.2288278341293335
P17H,42,high,0.2310139536857605,0.2524178624153137,0.2211769968271255,0.0214039087295532,-0.0098369568586349,-0.0312408655881881,0.963796854019165,0.5440541505813599,0.8803357481956482
P17H,43,high,0.2129435688257217,0.2324552536010742,0.2239804863929748,0.0195116847753524,0.0110369175672531,-0.0084747672080993,0.9756292104721068,0.531732439994812,0.8557096719741821
P17H,44,high,0.1112291142344474,0.1041258871555328,0.0953051000833511,-0.0071032270789146,-0.0159240141510963,-0.0088207870721817,0.9588172435760498,0.566246747970581,0.8647288084030151
P17L,42,low,0.5627155900001526,0.4974645674228668,0.3567167222499847,-0.0652510225772857,-0.2059988677501678,-0.140747845172882,0.4325727224349975,0.2695838212966919,0.6204431056976318
P17L,43,low,0.3836748898029327,0.3222509622573852,0.3169535994529724,-0.0614239275455474,-0.0667212903499603,-0.0052973628044128,0.2900258302688598,0.2556569576263428,0.6403353214263916
P17L,44,low,0.3890767395496368,0.2940005660057068,0.2904095351696014,-0.09507617354393,-0.0986672043800354,-0.0035910308361053,0.3069297075271606,0.1655341386795044,0.8118918538093567
P18H,42,high,0.6306691765785217,0.6588096618652344,0.4049520492553711,0.0281404852867126,-0.2257171273231506,-0.2538576126098633,0.9581049084663392,0.38899070024490356,0.9473702907562256
P18H,43,high,0.498278796672821,0.4496570825576782,0.4655383229255676,-0.0486217141151428,-0.0327404737472534,0.0158812403678894,0.938462734222412,0.3792625069618225,1.0506864786148071
P18H,44,high,0.634707510471344,0.6539630889892578,0.1058254390954971,0.0192555785179138,-0.5288820713758469,-0.5481376498937607,0.9677277207374572,0.44784635305404663,1.0280647277832031
P19H,42,high,0.6490057110786438,0.8476563692092896,0.1341545283794403,0.1986506581306457,-0.5148511826992035,-0.7135018408298492,0.9637221693992616,0.5113089084625244,0.6614232063293457
P19H,43,high,0.7240613102912903,0.6176642179489136,0.1530162841081619,-0.1063970923423767,-0.5710450261831284,-0.4646479338407516,0.979777455329895,0.5225080847740173,0.6658166646957397
P19H,44,high,0.7135919332504272,0.6996287107467651,0.5003798007965088,-0.0139632225036621,-0.2132121324539184,-0.1992489099502563,0.9636756777763368,0.48391759395599365,0.7019528150558472
P19L,42,low,0.2652509212493896,0.2397515624761581,0.1790772229433059,-0.0254993587732315,-0.0861736983060836,-0.0606743395328521,0.8050398826599121,0.40207135677337646,0.7282463908195496
P19L,43,low,0.2699269354343414,0.317904531955719,0.2979235053062439,0.0479775965213775,0.0279965698719024,-0.019981026649475,0.6310333609580994,0.3349423408508301,0.7380673885345459
P19L,44,low,0.3043816387653351,0.32326740026474,0.317879855632782,0.0188857614994049,0.0134982168674469,-0.005387544631958,0.8303700685501099,0.40541166067123413,0.7486059665679932
P20H,42,high,0.1973133385181427,0.1228091940283775,0.1019185706973075,-0.0745041444897651,-0.0953947678208351,-0.0208906233310699,1.0140897035598757,0.5486209392547607,1.576559066772461
P20H,43,high,0.4279608428478241,0.3949477970600128,0.2592377364635467,-0.0330130457878112,-0.1687231063842773,-0.135710060596466,1.029374599456787,0.5345819592475891,1.6008572578430176
P20H,44,high,0.1694928109645843,0.1779964566230774,0.1842817366123199,0.008503645658493,0.0147889256477355,0.0062852799892425,1.0341235399246216,0.5652387142181396,1.6135187149047852
P21H,42,high,0.0746936351060867,0.0758451372385025,0.076084017753601,0.0011515021324157,0.0013903826475143,0.0002388805150985,1.0002923011779783,0.6272400617599487,1.1314127445220947
P21H,43,high,0.0135028138756752,0.0089450702071189,0.0099344439804553,-0.0045577436685562,-0.0035683698952198,0.0009893737733364,1.003332257270813,0.6287878751754761,1.1034016609191897
P21H,44,high,0.1429557055234909,0.1417124569416046,0.1165403425693512,-0.0012432485818862,-0.0264153629541397,-0.0251721143722534,1.0289900302886963,0.6322095394134521,1.138692855834961
P22H,42,high,0.4245811104774475,0.4687168896198272,0.457047700881958,0.0441357791423797,0.0324665904045105,-0.0116691887378692,0.9482151865959167,0.6033592820167542,0.8907825946807861
P22H,43,high,0.3233966529369354,0.2870159745216369,0.2910194993019104,-0.0363806784152984,-0.032377153635025,0.0040035247802734,1.00128173828125,0.5269863605499268,0.9471622109413148
P22H,44,high,0.2801524400711059,0.2707723379135132,0.2675623297691345,-0.0093801021575927,-0.0125901103019714,-0.0032100081443786,1.0291283130645752,0.516017735004425,1.017709255218506
P23H,42,high,0.2616536021232605,0.2503550946712494,0.0712479278445243,-0.0112985074520111,-0.1904056742787361,-0.179107166826725,1.011264085769653,0.38337433338165283,0.924743354320526
P23H,43,high,0.3158778548240661,0.3319025337696075,0.07792379707098,0.0160246789455413,-0.2379540577530861,-0.2539787366986274,1.025318622589111,0.45993661880493164,1.0633901357650757
P23H,44,high,0.3577645123004913,0.3225711584091186,0.0767411142587661,-0.0351933538913726,-0.2810233980417251,-0.2458300441503524,1.007401466369629,0.4259698987007141,1.0887621641159058
P23L,42,low,0.2040704190731048,0.1557104885578155,0.1520636230707168,-0.0483599305152893,-0.052006796002388,-0.0036468654870986,0.2240952253341674,0.14991307258605957,1.2834216356277466
P23L,43,low,0.2038029432296753,0.1769062429666519,0.1705261766910553,-0.0268967002630233,-0.0332767665386199,-0.0063800662755966,0.1205244064331054,0.1138986349105835,1.2022327184677124
P23L,44,low,0.1674662381410598,0.1435257047414779,0.1435017585754394,-0.0239405333995819,-0.0239644795656204,-2.3946166038513184e-05,0.1425179839134216,0.11080348491668701,1.1641076803207395
P24H,42,high,0.5826928615570068,0.5179364681243896,0.2345283925533294,-0.0647563934326171,-0.3481644690036773,-0.2834080755710602,0.967316508293152,0.6291310787200928,0.9251785278320312
P24H,43,high,0.3231741786003113,0.3186278939247131,0.2961076498031616,-0.0045462846755981,-0.0270665287971496,-0.0225202441215515,0.975692868232727,0.6207418441772461,0.9537668824195862
P24H,44,high,0.5693420767784119,0.276360273361206,0.207754909992218,-0.2929818034172058,-0.3615871667861938,-0.068605363368988,0.9585490226745604,0.6247490644454956,0.9229518175125122
P25H,42,high,0.4809509813785553,0.2825421094894409,0.2593198418617248,-0.1984088718891143,-0.2216311395168304,-0.023222267627716,0.9838753938674928,0.5576696991920471,0.5502440333366394
P25H,43,high,0.3610032796859741,0.3756104707717895,0.3325842618942261,0.0146071910858154,-0.028419017791748,-0.0430262088775634,1.003044605255127,0.5614707469940186,0.5147795081138611
P25H,44,high,0.3183240890502929,0.3208518326282501,0.2557911276817322,0.0025277435779571,-0.0625329613685607,-0.0650607049465179,1.010129690170288,0.517387866973877,0.5685437321662903
P26H,42,high,0.3747615218162536,0.2475581914186477,0.1617639362812042,-0.1272033303976059,-0.2129975855350494,-0.0857942551374435,1.026954174041748,0.6211886405944824,0.8664407730102539
P26H,43,high,0.4460445642471313,0.4573041200637817,0.2091846019029617,0.0112595558166503,-0.2368599623441696,-0.24811951816082,0.9732735753059388,0.6436824202537537,0.8539745807647705
P26H,44,high,0.748400092124939,0.2930651307106018,0.0690951347351074,-0.4553349614143371,-0.6793049573898315,-0.2239699959754943,1.0168626308441162,0.5989166498184204,0.8911552429199219
P27H,42,high,0.4179340004920959,0.3229331374168396,0.1207717359066009,-0.0950008630752563,-0.297162264585495,-0.2021614015102386,0.9842872023582458,0.5631046891212463,1.2667279243469238
P27H,43,high,0.3181856870651245,0.2588679790496826,0.1762053221464157,-0.0593177080154418,-0.1419803649187088,-0.0826626569032669,0.9562029838562012,0.585328221321106,1.2645801305770874
P27H,44,high,0.4429912269115448,0.4154629707336426,0.2990035116672516,-0.0275282561779022,-0.1439877152442932,-0.1164594590663909,0.9905967712402344,0.5710816383361816,1.2271840572357178
P28H,42,high,0.3240488171577453,0.303261786699295,0.0940164029598236,-0.0207870304584503,-0.2300324141979217,-0.2092453837394714,1.0035260915756226,0.58359694480896,0.9141878485679626
P28H,43,high,0.2310631871223449,0.3857302665710449,0.2048018127679824,0.1546670794486999,-0.0262613743543624,-0.1809284538030624,0.9866362810134888,0.5986596941947937,0.9346669912338256
P28H,44,high,0.2152128219604492,0.2510140240192413,0.2392262816429138,0.0358012020587921,0.0240134596824646,-0.0117877423763275,1.020148515701294,0.6184862852096558,0.9787381291389464
P28L,42,low,0.3365627825260162,0.283913791179657,0.2567093968391418,-0.0526489913463592,-0.0798533856868743,-0.0272043943405151,0.2094349265098571,0.15849405527114868,1.0797282457351685
P28L,43,low,0.1941225379705429,0.1623940169811248,0.1580564975738525,-0.031728520989418,-0.0360660403966903,-0.0043375194072723,0.2905809879302978,0.18549078702926636,1.1707024574279783
P28L,44,low,0.1310484111309051,0.1563251763582229,0.1644014716148376,0.0252767652273178,0.0333530604839324,0.0080762952566146,0.4684293270111084,0.2506862282752991,1.2830419540405271
P29H,42,high,0.5419955849647522,0.4871563911437988,0.019769687205553,-0.0548391938209533,-0.5222258977591991,-0.4673867039382458,1.0307660102844238,0.6656415462493896,1.0815192461013794
P29H,43,high,0.3929069936275482,0.3804650902748108,0.3467442691326141,-0.0124419033527374,-0.046162724494934,-0.0337208211421966,1.0134745836257937,0.6691194772720337,1.048943281173706
P29H,44,high,0.2886220216751098,0.2386323809623718,0.1896898746490478,-0.049989640712738,-0.098932147026062,-0.0489425063133239,1.0136805772781372,0.6842086315155029,1.1566120386123655
P30H,42,high,0.0523658096790313,0.066800370812416,0.0563894100487232,0.0144345611333847,0.0040236003696918,-0.0104109607636928,1.028456449508667,0.5665619373321533,0.9502676129341124
P30H,43,high,0.1371595114469528,0.1900271028280258,0.2011239230632782,0.052867591381073,0.0639644116163253,0.0110968202352523,1.0186641216278076,0.5853312611579895,0.9266222715377808
P30H,44,high,0.1163506433367729,0.1697548478841781,0.1686132252216339,0.0534042045474052,0.0522625818848609,-0.0011416226625442,0.9644806385040284,0.5096978545188904,0.9242243766784668
