group,clip_id,vae_swapfam,vae_lerp,vae_offchord,pix_swapfam,pix_lerp,dino_swapfam,dino_lerp,pix_swapidx,dino_swapidx
S-GRID:NULLGEN,null_v2__hero_flight_1__s42,0.167461425969803,0.226753445972474,0.5632401,0.0314806901077731,0.3133978890499535,0.0717124779462307,0.2910452719726324,0.9087194972078109,0.8023130368344428
S-GRID:NULLGEN,null_v2__hero_flight_1__s43,0.1765407548628607,0.1859804131857527,0.597841,0.0616934295487202,0.2583190972937574,0.0820245790938159,0.2427306117855961,0.8072155794729621,0.7474264264361729
S-GRID:NULLGEN,null_v2__shadow_smoke_2__s42,0.0899941258192873,0.2166117112910867,0.40982497,0.0192125727047392,0.2673155536169264,0.0169361903508012,0.2706058470266251,0.9329469921456487,0.9411001239844078
S-GRID:NULLGEN,null_v2__shadow_smoke_2__s43,0.0952162151039292,0.3226325715117485,0.40350014,0.0360455342103688,0.3920802230688882,0.031371262771646,0.3933270575029294,0.9158062004037353,0.9261328305905145
S-GRID:NULLGEN,null_v2__hero_flight_5__s42,0.2452389754625495,0.2974572957091169,0.6670173,0.0841944614001425,0.4767077116802014,0.0870251807897318,0.4907485634464752,0.8498945708522287,0.8493784432783884
S-GRID:NULLGEN,null_v2__hero_flight_5__s43,0.2434663956851863,0.2647512740030733,0.7004778,0.0433079359986223,0.4079773797179288,0.0587762923235003,0.4294570410905654,0.9040342450986735,0.879614339495225
S-GRID:NULLGEN,null_v2__shadow_smoke_0__s42,0.3004150515680686,0.1601755222715865,0.6986093,0.147672709670831,0.3331784096040967,0.0613359239830735,0.4001593872962047,0.6928930728215716,0.8670930722718535
S-GRID:NULLGEN,null_v2__shadow_smoke_0__s43,0.3342119061102306,0.1381250061131549,0.7434315,0.161600082976931,0.2558017458404933,0.0932284679913251,0.2864538598258752,0.6128428966524331,0.7544566571552144
S-GRID:NULLGEN,null_v2__hero_flight_6__s42,0.2326580187807729,0.1840666835211958,0.652058,0.1092385150978001,0.3012449606534261,0.0983934378441258,0.3798867875315088,0.7338784103358057,0.7942765922073216
S-GRID:NULLGEN,null_v2__hero_flight_6__s43,0.2488741797059344,0.2963663116763504,0.69976896,0.1371884342207523,0.3806971742315683,0.1305667897071529,0.3799533288522571,0.7350989639763612,0.7442475135444468
S-GRID:NULLGEN,null_v2__shadow_smoke_7__s42,0.1634231114773691,0.3060675887347308,0.56388146,0.0515368071506937,0.4215419160347347,0.0533667431659434,0.4428652649988951,0.8910608221742129,0.8924560643250243
S-GRID:NULLGEN,null_v2__shadow_smoke_7__s43,0.1656507221868182,0.2733141816664912,0.5291778,0.1612255610712446,0.3384211098747985,0.1164539488062712,0.3544547421967294,0.6773208540227513,0.7527037597071464
S-GRID:NULLGEN,null_v2__display_transition_1__s42,0.1258604557658286,0.1878512847648975,0.4332825,0.0905903898176877,0.2433446171624549,0.0757380198072312,0.2808237624111722,0.7287184993363853,0.7875879480520441
S-GRID:NULLGEN,null_v2__display_transition_1__s43,0.11102555013877,0.232373993011897,0.41764012,0.0364982995023277,0.2706372393665534,0.0538654229069625,0.3532084398257921,0.8811654957392959,0.8676765377532348
S-GRID:NULLGEN,null_v2__earth_wave_3__s42,0.2264559832697217,0.1266983452898125,0.5879303,0.1375373678485607,0.2622402579433213,0.1999415794498029,0.2329847660681447,0.6559653192793723,0.538162596201912
S-GRID:NULLGEN,null_v2__earth_wave_3__s43,0.3088097440507729,0.097935689834164,0.665457,0.1674996253746445,0.2528808075493562,0.1380430035837452,0.2871502842267451,0.6015522791829698,0.6753405861729612
S-GRID:NULLGEN,null_v2__melt_transition_2__s42,0.0916887068672598,0.1983575432468835,0.40633452,0.0409492027555123,0.2494656735950071,0.0462753926694142,0.2445417353933322,0.8589975717838635,0.8408780357000505
S-GRID:NULLGEN,null_v2__melt_transition_2__s43,0.2521566575331294,0.0813559754280515,0.6280903,0.0707323331948983,0.2245999455977144,0.1000549591507701,0.2491313918841795,0.7604991452879157,0.7134625713341363
S-GRID:NULLGEN,null_v2__raven_transition_2__s42,0.1614502200727251,0.1697029910152975,0.55958086,0.0787435482112771,0.2792424666442328,0.1219958730454709,0.2636025080194778,0.7800373619537637,0.6836193328702738
S-GRID:NULLGEN,null_v2__raven_transition_2__s43,0.2658280990738337,0.1466187456357734,0.67991674,0.1173950831958953,0.3243070484592997,0.1163440864135435,0.3395523852674511,0.7342211531649633,0.7448015204316975
S-GRID:NULLGEN,null_v2__air_bending_1__s42,0.06044270642579,0.2240415840679102,0.31600687,0.0391500537106365,0.2553735636433856,0.0526369010854567,0.2322918711826914,0.8670732959809552,0.8152629491699076
S-GRID:NULLGEN,null_v2__air_bending_1__s43,0.0595643351928628,0.2408517785225643,0.33830705,0.0428913606633968,0.2879515024742019,0.058537651064736,0.2464706058430003,0.8703573041998548,0.8080784708643366
S-GRID:NULLGEN,null_v2__giant_grab_3__s42,0.2408418210672469,0.1626531289685105,0.6508219,0.2032666071722599,0.1389088174917827,0.279503168479115,0.1546515063766484,0.4059579019392385,0.35621292441000973
S-GRID:NULLGEN,null_v2__giant_grab_3__s43,0.215995998807419,0.0894604647947122,0.64559954,0.0823482008152985,0.2251678219754763,0.0824435508222137,0.2022274416799965,0.7322149263379166,0.7103900538036955
S-GRID:NULLGEN,null_v2__water_bending_3__s42,0.2295453744266545,0.07616869910019,0.5877313,0.0622079261183342,0.2113151153340755,0.0596434436532179,0.2048721151986723,0.7725678765927375,0.7745182025885518
S-GRID:NULLGEN,null_v2__water_bending_3__s43,0.1899947768669659,0.1542418644801274,0.6025533,0.0673430169881198,0.2955717134809931,0.0875719709805977,0.2320871210383238,0.8144384580337357,0.7260457369521213
S-GRID:NULLGEN,null_v2__firelava_4__s42,0.2079464199819892,0.1296382555204304,0.5903203,0.0367418565954483,0.2456525099608971,0.0829352613537009,0.2111252644397418,0.8698916800519202,0.7179653367961492
S-GRID:NULLGEN,null_v2__firelava_4__s43,0.2069200276356405,0.1141911415271905,0.56896234,0.0868663964018302,0.2162915260484855,0.1101839462855889,0.1682321428919646,0.7134615658409301,0.6042472020526025
S-GRID:NULLGEN,null_v2__flying_cam_transition_4__s42,0.1896098918516033,0.1425687257726568,0.60630757,0.0424472404039028,0.2469040627972357,0.0520769065839994,0.2202361195113926,0.853302059004738,0.808760868583067
S-GRID:NULLGEN,null_v2__flying_cam_transition_4__s43,0.2124928987356469,0.0787206868304011,0.63188016,0.0814570802776458,0.1868514714962653,0.043781272501817,0.2195366552803367,0.6964052031174719,0.8337322761477988
S-GRID-F:NULLGEN,gridF_v2__davis_bear_elephant__s42,0.2573013832813321,0.1489830810218763,0.7069554,0.1000662839540797,0.2392167612681417,0.0840070200750322,0.2177151764811651,0.7050654744962603,0.7215749420033621
S-GRID-F:NULLGEN,gridF_v2__davis_bear_elephant__s43,0.3484048877637085,0.1329023327898787,0.7462556,0.1255692804070539,0.2181296116705046,0.0612992271875796,0.2832396325868744,0.6346532290283957,0.8220832702943639
S-GRID-F:NULLGEN,gridF_v2__davis_tennis_snowboard__s42,0.4011843584305928,0.1972384041347929,0.84113675,0.224302371120758,0.1210450863469415,0.143604204522447,0.1513321315516744,0.3505023237597251,0.5131010087330936
S-GRID-F:NULLGEN,gridF_v2__davis_tennis_snowboard__s43,0.4370335954180356,0.2260387038459385,0.8231423,0.256350314215495,0.1140610103183715,0.1558336453147302,0.2052157671734377,0.30793067804260116,0.5683869300858173
S-GRID-F:NULLGEN,gridF_v2__davis_blackswan_rhino__s42,0.3050257634270695,0.1577007157213868,0.7881458,0.2221721719664367,0.1587062357857293,0.0390394706272476,0.2917597066972857,0.41668478064264003,0.881984378126347
S-GRID-F:NULLGEN,gridF_v2__davis_blackswan_rhino__s43,0.3187975826078896,0.1582388465544497,0.7832045,0.2178994610365933,0.0932035567894617,0.0580037577404534,0.2616856316705022,0.29959065469938323,0.8185621429371542
S-GRID:NULLGEN,null_v3__hero_flight_1__s42,0.167461425969803,0.226753445972474,0.5632401,0.0314806901077731,0.3133978890499535,0.0717124779462307,0.2910452719726324,0.9087194972078109,0.8023130368344428
S-GRID:NULLGEN,null_v3__hero_flight_1__s43,0.1765407548628607,0.1859804131857527,0.597841,0.0616934295487202,0.2583190972937574,0.0820245790938159,0.2427306117855961,0.8072155794729621,0.7474264264361729
S-GRID:NULLGEN,null_v3__shadow_smoke_2__s42,0.0899941258192873,0.2166117112910867,0.40982497,0.0192125727047392,0.2673155536169264,0.0169361903508012,0.2706058470266251,0.9329469921456487,0.9411001239844078
S-GRID:NULLGEN,null_v3__shadow_smoke_2__s43,0.0952162151039292,0.3226325715117485,0.40350014,0.0360455342103688,0.3920802230688882,0.031371262771646,0.3933270575029294,0.9158062004037353,0.9261328305905145
S-GRID:NULLGEN,null_v3__hero_flight_5__s42,0.2452389754625495,0.2974572957091169,0.6670173,0.0841944614001425,0.4767077116802014,0.0870251807897318,0.4907485634464752,0.8498945708522287,0.8493784432783884
S-GRID:NULLGEN,null_v3__hero_flight_5__s43,0.2434663956851863,0.2647512740030733,0.7004778,0.0433079359986223,0.4079773797179288,0.0587762923235003,0.4294570410905654,0.9040342450986735,0.879614339495225
S-GRID:NULLGEN,null_v3__shadow_smoke_0__s42,0.3004150515680686,0.1601755222715865,0.6986093,0.147672709670831,0.3331784096040967,0.0613359239830735,0.4001593872962047,0.6928930728215716,0.8670930722718535
S-GRID:NULLGEN,null_v3__shadow_smoke_0__s43,0.3342119061102306,0.1381250061131549,0.7434315,0.161600082976931,0.2558017458404933,0.0932284679913251,0.2864538598258752,0.6128428966524331,0.7544566571552144
S-GRID:NULLGEN,null_v3__air_bending_1__s42,0.06044270642579,0.2240415840679102,0.31600687,0.0391500537106365,0.2553735636433856,0.0526369010854567,0.2322918711826914,0.8670732959809552,0.8152629491699076
S-GRID:NULLGEN,null_v3__air_bending_1__s43,0.0595643351928628,0.2408517785225643,0.33830705,0.0428913606633968,0.2879515024742019,0.058537651064736,0.2464706058430003,0.8703573041998548,0.8080784708643366
S-GRID:NULLGEN,null_v3__display_transition_1__s42,0.1258604557658286,0.1878512847648975,0.4332825,0.0905903898176877,0.2433446171624549,0.0757380198072312,0.2808237624111722,0.7287184993363853,0.7875879480520441
S-GRID:NULLGEN,null_v3__display_transition_1__s43,0.11102555013877,0.232373993011897,0.41764012,0.0364982995023277,0.2706372393665534,0.0538654229069625,0.3532084398257921,0.8811654957392959,0.8676765377532348
S-GRID:NULLGEN,null_v3__earth_wave_3__s42,0.2264559832697217,0.1266983452898125,0.5879303,0.1375373678485607,0.2622402579433213,0.1999415794498029,0.2329847660681447,0.6559653192793723,0.538162596201912
S-GRID:NULLGEN,null_v3__earth_wave_3__s43,0.3088097440507729,0.097935689834164,0.665457,0.1674996253746445,0.2528808075493562,0.1380430035837452,0.2871502842267451,0.6015522791829698,0.6753405861729612
S-GRID:NULLGEN,null_v3__earth_wave_5__s42,0.2037794525511319,0.1248229338598573,0.6007104,0.0433527832451859,0.2294284066172484,0.0391785523596746,0.2401924894017067,0.8410712143786416,0.8597615840472898
S-GRID:NULLGEN,null_v3__earth_wave_5__s43,0.1979265996238242,0.1154072108704168,0.5731267,0.0891077400395869,0.2056529128259508,0.0492306243893276,0.2362552829233913,0.6976945899212824,0.8275549751203628
S-GRID:NULLGEN,null_v3__firelava_4__s42,0.2079464199819892,0.1296382555204304,0.5903203,0.0367418565954483,0.2456525099608971,0.0829352613537009,0.2111252644397418,0.8698916800519202,0.7179653367961492
S-GRID:NULLGEN,null_v3__firelava_4__s43,0.2069200276356405,0.1141911415271905,0.56896234,0.0868663964018302,0.2162915260484855,0.1101839462855889,0.1682321428919646,0.7134615658409301,0.6042472020526025
S-GRID:NULLGEN,null_v3__hero_flight_6__s42,0.2326580187807729,0.1840666835211958,0.652058,0.1092385150978001,0.3012449606534261,0.0983934378441258,0.3798867875315088,0.7338784103358057,0.7942765922073216
S-GRID:NULLGEN,null_v3__hero_flight_6__s43,0.2488741797059344,0.2963663116763504,0.69976896,0.1371884342207523,0.3806971742315683,0.1305667897071529,0.3799533288522571,0.7350989639763612,0.7442475135444468
S-GRID:NULLGEN,null_v3__melt_transition_2__s42,0.0916887068672598,0.1983575432468835,0.40633452,0.0409492027555123,0.2494656735950071,0.0462753926694142,0.2445417353933322,0.8589975717838635,0.8408780357000505
S-GRID:NULLGEN,null_v3__melt_transition_2__s43,0.2521566575331294,0.0813559754280515,0.6280903,0.0707323331948983,0.2245999455977144,0.1000549591507701,0.2491313918841795,0.7604991452879157,0.7134625713341363
S-GRID:NULLGEN,null_v3__raven_transition_2__s42,0.1614502200727251,0.1697029910152975,0.55958086,0.0787435482112771,0.2792424666442328,0.1219958730454709,0.2636025080194778,0.7800373619537637,0.6836193328702738
S-GRID:NULLGEN,null_v3__raven_transition_2__s43,0.2658280990738337,0.1466187456357734,0.67991674,0.1173950831958953,0.3243070484592997,0.1163440864135435,0.3395523852674511,0.7342211531649633,0.7448015204316975
S-GRID:NULLGEN,null_v3__water_bending_3__s42,0.2295453744266545,0.07616869910019,0.5877313,0.0622079261183342,0.2113151153340755,0.0596434436532179,0.2048721151986723,0.7725678765927375,0.7745182025885518
S-GRID:NULLGEN,null_v3__water_bending_3__s43,0.1899947768669659,0.1542418644801274,0.6025533,0.0673430169881198,0.2955717134809931,0.0875719709805977,0.2320871210383238,0.8144384580337357,0.7260457369521213
S-GRID:NULLGEN,null_v3__flame_transition_2__s42,0.1859468192985198,0.1786769177766757,0.57852256,0.0958183218384898,0.3209627408062932,0.101319171077584,0.2921958585269723,0.770099146946716,0.7425278237037103
S-GRID:NULLGEN,null_v3__flame_transition_2__s43,0.1939629635191633,0.1313578084343843,0.5541616,0.1039681298736764,0.2487928017647628,0.0983714832176148,0.282777151967067,0.705273116864772,0.7419078172221452
S-GRID:NULLGEN,null_v3__flame_transition_3__s42,0.1244491494004794,0.2516931711778384,0.42999777,0.0947240220774743,0.3052472686582643,0.0839260731470221,0.3279096232737462,0.7631729469801908,0.7962146703736053
S-GRID:NULLGEN,null_v3__flame_transition_3__s43,0.1013508184878985,0.2857059331966204,0.42814374,0.0526895552509401,0.3637250497098322,0.070656956402593,0.3597923480628412,0.8734685224215332,0.8358530129573787
S-GRID:NULLGEN,null_v3__giant_grab_5__s42,0.2342702584809927,0.1273022650323997,0.7116323,0.2033313374742024,0.1980731256551878,0.1913357978536841,0.1870212922150576,0.4934502324936536,0.4942983681925418
S-GRID:NULLGEN,null_v3__giant_grab_5__s43,0.2644106108130407,0.0570733269819463,0.67302316,0.2513400472442054,0.0916259942868319,0.2143733067932018,0.1278358278064299,0.2671576284281779,0.3735605361791166
S-GRID:NULLGEN,null_v3__shadow_smoke_7__s42,0.1634231114773691,0.3060675887347308,0.56388146,0.0515368071506937,0.4215419160347347,0.0533667431659434,0.4428652649988951,0.8910608221742129,0.8924560643250243
S-GRID:NULLGEN,null_v3__shadow_smoke_7__s43,0.1656507221868182,0.2733141816664912,0.5291778,0.1612255610712446,0.3384211098747985,0.1164539488062712,0.3544547421967294,0.6773208540227513,0.7527037597071464
S-GRID:NULLGEN,null_v3__giant_grab_3__s42,0.2408418210672469,0.1626531289685105,0.6508219,0.2032666071722599,0.1389088174917827,0.279503168479115,0.1546515063766484,0.4059579019392385,0.35621292441000973
S-GRID:NULLGEN,null_v3__giant_grab_3__s43,0.215995998807419,0.0894604647947122,0.64559954,0.0823482008152985,0.2251678219754763,0.0824435508222137,0.2022274416799965,0.7322149263379166,0.7103900538036955
S-GRID:NULLGEN,null_v3__flying_cam_transition_4__s42,0.1896098918516033,0.1425687257726568,0.60630757,0.0424472404039028,0.2469040627972357,0.0520769065839994,0.2202361195113926,0.853302059004738,0.808760868583067
S-GRID:NULLGEN,null_v3__flying_cam_transition_4__s43,0.2124928987356469,0.0787206868304011,0.63188016,0.0814570802776458,0.1868514714962653,0.043781272501817,0.2195366552803367,0.6964052031174719,0.8337322761477988
S-GRID-F:NULLGEN,gridF_v3__davis_bear_elephant__s42,0.2573013832813321,0.1489830810218763,0.7069554,0.1000662839540797,0.2392167612681417,0.0840070200750322,0.2177151764811651,0.7050654744962603,0.7215749420033621
S-GRID-F:NULLGEN,gridF_v3__davis_bear_elephant__s43,0.3484048877637085,0.1329023327898787,0.7462556,0.1255692804070539,0.2181296116705046,0.0612992271875796,0.2832396325868744,0.6346532290283957,0.8220832702943639
S-GRID-F:NULLGEN,gridF_v3__davis_tennis_snowboard__s42,0.4011843584305928,0.1972384041347929,0.84113675,0.224302371120758,0.1210450863469415,0.143604204522447,0.1513321315516744,0.3505023237597251,0.5131010087330936
S-GRID-F:NULLGEN,gridF_v3__davis_tennis_snowboard__s43,0.4370335954180356,0.2260387038459385,0.8231423,0.256350314215495,0.1140610103183715,0.1558336453147302,0.2052157671734377,0.30793067804260116,0.5683869300858173
S-GRID-F:NULLGEN,gridF_v3__hvpair.humanvid_10042758.humanvid_7537430__s42,0.0962704949430486,0.2009847994232458,0.45937908,0.0888284773542643,0.3017247605908151,0.0884365844414998,0.3021936250405895,0.7725573142815536,0.7736053630907042
S-GRID-F:NULLGEN,gridF_v3__hvpair.humanvid_10042758.humanvid_7537430__s43,0.0852530797089475,0.2534309139622197,0.43943876,0.0238681376953887,0.3221545909661676,0.0217208858974186,0.3107806077306352,0.9310214742606285,0.9346743208266118
S-GRID-F:NULLGEN,gridF_v3__hvpair.humanvid_12405668.humanvid_7539020__s42,0.2949910832342021,0.1209106491400499,0.72198474,0.1367674925580386,0.148155900391804,0.0843289521740811,0.2274570196859914,0.5199850347769974,0.7295293573633667
S-GRID-F:NULLGEN,gridF_v3__hvpair.humanvid_12405668.humanvid_7539020__s43,0.3336198038942413,0.130206768021478,0.73969984,0.160049041984166,0.1552421812621164,0.2381159630624262,0.1800349946224024,0.49237710984695754,0.4305502386487407
S-GRID-F:NULLGEN,gridF_v3__hvpair.humanvid_2402374.humanvid_7663067__s42,0.1451309789666182,0.1479237544732282,0.55718553,0.0875421662608702,0.2632353792274958,0.0911895246651924,0.2745715673617466,0.7504339505569245,0.7506855522553063
S-GRID-F:NULLGEN,gridF_v3__hvpair.humanvid_2402374.humanvid_7663067__s43,0.0909701071224203,0.4047829915863531,0.46315175,0.0937141849491153,0.4973949084987084,0.0908814800366663,0.4944922366249717,0.8414604241621477,0.8447462237372741
S-GRID-F:NULLGEN,gridF_v3__hvpair.humanvid_3795426.humanvid_7670221__s42,0.0886205438145533,0.4013898915817833,0.50646555,0.0857166521210392,0.4947084993081395,0.0827770416465771,0.4544413299181866,0.8523209204322393,0.8459154674746673
S-GRID-F:NULLGEN,gridF_v3__hvpair.humanvid_3795426.humanvid_7670221__s43,0.0969003265264106,0.3923657742044398,0.5268637,0.084831038990364,0.4934399683677217,0.1104687127732496,0.3903552083822122,0.8533022788433977,0.779426045548334
S-GRID-F:NULLGEN,gridF_v3__hvpair.humanvid_4058810.humanvid_7682587__s42,0.1324094137943115,0.1650916809407352,0.4992674,0.0476066429676214,0.2605887157866383,0.0447327203322569,0.252336919999416,0.8455309542620962,0.8494200878881005
S-GRID-F:NULLGEN,gridF_v3__hvpair.humanvid_4058810.humanvid_7682587__s43,0.1370604774613825,0.2113804175728881,0.5358666,0.0523946506173913,0.3296094020411171,0.0348391844552176,0.3114872933954101,0.862842683859615,0.8994036359234309
S-GRID-F:NULLGEN,gridF_v3__hvpair.humanvid_4076737.humanvid_7707744__s42,0.28718570568164,0.2498004815872202,0.72655594,0.0991184693537851,0.4550590170508461,0.0995161291125194,0.4262700457707209,0.8211430962364754,0.8107288972848732
S-GRID-F:NULLGEN,gridF_v3__hvpair.humanvid_4076737.humanvid_7707744__s43,0.2737958468853547,0.2413058652357177,0.72356606,0.06341643655335,0.4203931043131868,0.0642570001635182,0.4237584605028127,0.8689227243436194,0.8683299908658991
S-GRID-F:NULLGEN,gridF_v3__hvpair.humanvid_4223661.humanvid_7772314__s42,0.067193824099565,0.2901239442890285,0.4192999,0.0736489832569955,0.3663743856231388,0.0923675613272597,0.3793101510909052,0.8326248366207614,0.8041723005021457
S-GRID-F:NULLGEN,gridF_v3__hvpair.humanvid_4223661.humanvid_7772314__s43,0.0620452458693257,0.2689033685435574,0.41550732,0.0227478216903137,0.3325176880176653,0.0267551320337989,0.3258931735591914,0.9359695183779254,0.9241308362766433
S-GRID-F:NULLGEN,gridF_v3__hvpair.humanvid_4325522.humanvid_7776745__s42,0.1536340334926922,0.1334947207453529,0.54734915,0.0878019836647076,0.2255319028088318,0.1315877177479358,0.2079838606332857,0.7197813978791523,0.6124890122570615
S-GRID-F:NULLGEN,gridF_v3__hvpair.humanvid_4325522.humanvid_7776745__s43,0.2215696404612465,0.0948519547770908,0.6350587,0.1361103366278932,0.2353885483152076,0.0969440319834376,0.2133133557704309,0.6336184517788257,0.6875367491318382
S-GRID-F:NULLGEN,gridF_v3__davis_blackswan_rhino__s42,0.3050257634270695,0.1577007157213868,0.7881458,0.2221721719664367,0.1587062357857293,0.0390394706272476,0.2917597066972857,0.41668478064264003,0.881984378126347
S-GRID-F:NULLGEN,gridF_v3__davis_blackswan_rhino__s43,0.3187975826078896,0.1582388465544497,0.7832045,0.2178994610365933,0.0932035567894617,0.0580037577404534,0.2616856316705022,0.29959065469938323,0.8185621429371542
S-GRID-F:NULLGEN,gridF_v3__hvpair.humanvid_4457812.humanvid_7864986__s42,0.2135516524905152,0.119126186496105,0.60094327,0.0368303590473336,0.2379694915634835,0.0435971095071946,0.2295511888346558,0.8659738752933521,0.8403903309233435
S-GRID-F:NULLGEN,gridF_v3__hvpair.humanvid_4457812.humanvid_7864986__s43,0.270201199968309,0.0674402029609686,0.6507666,0.0864612807901948,0.2446927928684336,0.0605015667165278,0.2593151809349478,0.7389092036979628,0.810824269958307
S-GRID-F:NULLGEN,gridF_v3__hvpair.humanvid_4650062.humanvid_7884019__s42,0.174682482354576,0.1323536787615263,0.61211705,0.047331103849056,0.2510178538177023,0.077477199860002,0.2137268099656048,0.8413565637392888,0.7339418509161302
S-GRID-F:NULLGEN,gridF_v3__hvpair.humanvid_4650062.humanvid_7884019__s43,0.2734570753946228,0.1367781609947584,0.7383291,0.1874847190439356,0.1779017975095169,0.1229630402883071,0.2410817891025458,0.4868865966582311,0.6622310485934985
S-GRID-F:NULLGEN,gridF_v3__hvpair.humanvid_4734626.humanvid_7957231__s42,0.270015638133359,0.2007050470535069,0.6815616,0.2003129704298043,0.2557025229907653,0.2288172187533712,0.2461664269543541,0.56073209502761,0.518262953217192
S-GRID-F:NULLGEN,gridF_v3__hvpair.humanvid_4734626.humanvid_7957231__s43,0.3031849470023798,0.1680536680045088,0.7185729,0.236585525276907,0.1777325253460962,0.1014796541887524,0.3159198243543988,0.42897606097258556,0.756876423173918
S-GRID-F:NULLGEN,gridF_v3__hvpair.humanvid_4873451.humanvid_7969628__s42,0.2420847984873859,0.1578442507685011,0.7553999,0.0938644241367636,0.2195705060588494,0.1199505198857795,0.1976188235658379,0.7005297907346085,0.6222855815298358
S-GRID-F:NULLGEN,gridF_v3__hvpair.humanvid_4873451.humanvid_7969628__s43,0.2934492102053662,0.1157105531476833,0.786846,0.1120104381973933,0.1673422924119476,0.1044496440782836,0.2037467786652943,0.5990358212963609,0.6610939116409323
S-GRID-F:NULLGEN,gridF_v3__hvpair.humanvid_5124224.humanvid_7970355__s42,0.1783601156786692,0.1636425071729272,0.61089265,0.0895661888569662,0.2700542491958988,0.0870873066071379,0.2919788092817376,0.7509424399182791,0.7702582664163318
S-GRID-F:NULLGEN,gridF_v3__hvpair.humanvid_5124224.humanvid_7970355__s43,0.1723053388175227,0.1434468799098035,0.5958654,0.0907851262388919,0.2393162787637243,0.1198745200423325,0.2102916534852101,0.7249780677602011,0.6369267064473142
S-GRID:GT,GT__air_bending_1,0.2986624910748388,0.0736345498646777,0.621862,0.214806931644082,0.099840524190015,0.1850498352561057,0.102287998540831,0.3173091736125702,0.35598513843157364
S-GRID:GT,GT__display_transition_1,0.2399227367335164,0.0867954672580224,0.6246677,0.254702261413345,0.1027144681479613,0.1653206192737572,0.1319876928426846,0.2873801354347155,0.4439421552095428
S-GRID:GT,GT__earth_wave_3,0.3737333334753973,0.1428694207066827,0.69728833,0.2669051495221237,0.1433901515900583,0.2565995511195362,0.0666566442013564,0.34948036499899593,0.20620376396866003
S-GRID:GT,GT__earth_wave_5,0.3171270446937612,0.1727650277805736,0.6862486,0.2710083062684535,0.1816444786052279,0.2695352582228517,0.0769850878033728,0.40128876851142786,0.22216614027491075
S-GRID:GT,GT__firelava_4,0.3298780183684316,0.0976120903848255,0.70382,0.1828258288202119,0.1102102049018606,0.2787001364312426,0.0728771334622517,0.3760977907801896,0.20728624886452093
S-GRID:GT,GT__flame_transition_2,0.1971133216608273,0.0954441090963248,0.58966297,0.0877381779316778,0.229696223450052,0.1955978720027795,0.1043587944005462,0.7236021755998383,0.34791290239312095
S-GRID:GT,GT__flame_transition_3,0.1697600157378863,0.1122376221029492,0.48956606,0.1026157424794745,0.1661213947910003,0.1379320475759654,0.1283859576347364,0.6181557059000922,0.48207764823546856
S-GRID:GT,GT__flying_cam_transition_4,0.3432486927530284,0.1228098800223686,0.7367921,0.2156579775876108,0.2098254381580513,0.2122598474365983,0.1120933378505631,0.49314598499763157,0.345590371654044
S-GRID:GT,GT__giant_grab_3,0.2094796500832007,0.1858479111451818,0.67744607,0.1613480696477622,0.1920479427655217,0.2241964863292126,0.1964523391729111,0.5434355114933458,0.46702219823960806
S-GRID:GT,GT__giant_grab_5,0.2603701704411853,0.1120834581105484,0.6556075,0.317394248287107,0.1418770037744762,0.12904616617916,0.1351635628032004,0.3089176671468478,0.5115767815356429
S-GRID:GT,GT__hero_flight_1,0.2971192652922121,0.0969258294792757,0.69450223,0.186734065067182,0.1966696459587162,0.3025533681220237,0.1185353968094736,0.5129570744959,0.2814974102402303
S-GRID:GT,GT__hero_flight_5,0.3000629258256703,0.1190062154729017,0.7005642,0.2303507507795388,0.12940534045701,0.1650791847909092,0.1747746411748301,0.3597029865768769,0.5142641565919848
S-GRID:GT,GT__hero_flight_6,0.2441487625237918,0.1451260904370944,0.6442682,0.22268803319968,0.1236231631116184,0.171069325471668,0.2012893170176697,0.356971314899371,0.5405791461478795
S-GRID:GT,GT__melt_transition_2,0.1880296410346086,0.1034394102479678,0.5488847,0.1355490872186396,0.1551500332952825,0.0482910818324561,0.2194774899557076,0.5337134595419325,0.8196536602112513
S-GRID:GT,GT__raven_transition_2,0.3440875768243479,0.1326388873202584,0.7570294,0.2537027584235494,0.0590330633433126,0.2238688496263405,0.1121266803601913,0.18876335627237648,0.3337147978268813
S-GRID:GT,GT__shadow_smoke_0,0.373064373530791,0.1398637753220872,0.8005956,0.2607003131378708,0.074180206373033,0.2294636574253195,0.0888351249429697,0.22151245608843986,0.2790935117061886
S-GRID:GT,GT__shadow_smoke_2,0.3127465537310483,0.0853860790487504,0.6879647,0.201767849687474,0.1226433474088354,0.1748259652160641,0.2245130344962725,0.37804905782097814,0.5622116413823849
S-GRID:GT,GT__shadow_smoke_7,0.3356743711938835,0.1497796005150204,0.6997811,0.2424973404067567,0.062043760352882,0.2370246740136068,0.1445404415340984,0.20372869277126077,0.3788093713090688
S-GRID:GT,GT__water_bending_3,0.3332956025792914,0.1327119750493392,0.70884097,0.2442282044990629,0.1330309467424692,0.3119215587477963,0.0785316890804019,0.35262483707730924,0.20112955780804853
S-PROBE:R1:high,probe__P01H__wireframe_7__s42,0.2220067873815773,0.1151431875953297,0.56353265,0.1077078620605325,0.2040336921301512,0.1730780380063542,0.2278429364983969,0.6544962947267191,0.5682988693216818
S-PROBE:R2:high,probe_r2__P01H__s42,0.2241716076250504,0.1274709151364766,0.5761047,0.1368622044856232,0.1978737016669873,0.2174825478533632,0.2236149011758325,0.591133780481781,0.5069512455081818
S-PROBE:R3:high,probe_r3__P01H__s42,0.1258060986221148,0.207490316209814,0.49342778,0.0291509370135832,0.3089482070004833,0.0361019801182779,0.3130960551327744,0.9137799147685202,0.8966145955193512
S-PROBE:R1:high,probe__P01H__wireframe_7__s43,0.2662656868763034,0.0690112737999941,0.6040856,0.1584361781087757,0.1207273003367731,0.2609358834759961,0.2132469528498716,0.4324609401237316,0.4497146174715698
S-PROBE:R2:high,probe_r2__P01H__s43,0.2405004862662456,0.0969405474611916,0.60625124,0.1340734098565443,0.1575847403364957,0.2333414120285265,0.2385172150104755,0.5403063148833488,0.5054844848492313
S-PROBE:R3:high,probe_r3__P01H__s43,0.2270114936208092,0.2699164841400154,0.64551866,0.1174256514160445,0.3711805552675277,0.049290448663155,0.4503106890288757,0.7596722067591521,0.9013403994817579
S-PROBE:R1:high,probe__P01H__wireframe_7__s44,0.217949439100433,0.072375611746633,0.5607604,0.1250673275966739,0.1873544431475591,0.1968126312238904,0.1993718791648805,0.5996843392227571,0.5032298687529186
S-PROBE:R2:high,probe_r2__P01H__s44,0.1950819034754335,0.0832100779240643,0.552222,0.0845786626784832,0.1997350238663489,0.173933320122955,0.192958860020022,0.702516387071129,0.5259279713861069
S-PROBE:R3:high,probe_r3__P01H__s44,0.1743707861169537,0.1699615673712341,0.5581249,0.0538054996684391,0.3304334627101472,0.0633726881619262,0.29339028509198,0.8599686524881223,0.822367529948731
S-PROBE:R1:high,probe__P02H__super_fast_run_10__s42,0.2837174562634917,0.109526796764245,0.5879707,0.1295580433934538,0.2864111051619069,0.0935395643158324,0.3557133065009825,0.6885392971007532,0.7917886108423476
S-PROBE:R2:high,probe_r2__P02H__s42,0.3052441863610142,0.0697556401015919,0.59030265,0.2382392602106108,0.1664175439940221,0.0957637878678287,0.3736863666329284,0.41125601315693083,0.7960086135882308
S-PROBE:R3:high,probe_r3__P02H__s42,0.2399587779028332,0.1750165726687302,0.5934117,0.0990389448979079,0.3487988201300208,0.0921565001269153,0.3978371333193207,0.7788508414610109,0.8119230662677027
S-PROBE:R1:high,probe__P02H__super_fast_run_10__s43,0.2641568948062047,0.0839550259321215,0.6337569,0.2122736145665972,0.2285704520051429,0.0935076982660946,0.3521690886907393,0.5184836756058433,0.7901894354772592
S-PROBE:R2:high,probe_r2__P02H__s43,0.2589657890598548,0.1536594580984569,0.66022575,0.1028289387586366,0.3288838990258912,0.0363769448420671,0.4086205741806262,0.7618117189047791,0.9182536007797113
S-PROBE:R3:high,probe_r3__P02H__s43,0.2565097755507303,0.2040612836561897,0.6587439,0.0681136009546629,0.388622095633131,0.035098307440506,0.4304628992636422,0.8508686720492186,0.9246107559326564
S-PROBE:R1:high,probe__P02H__super_fast_run_10__s44,0.2412104336988561,0.0452723066776775,0.5907449,0.1167117918419387,0.2110868367955062,0.1301181163152055,0.296618871505785,0.6439527757420076,0.6950859193630808
S-PROBE:R2:high,probe_r2__P02H__s44,0.2742480433355217,0.0545012119266301,0.6288598,0.1665730632738743,0.2064068566004543,0.1517721721071634,0.3496878018386604,0.5533993805082075,0.6973394089404225
S-PROBE:R3:high,probe_r3__P02H__s44,0.2600252034663574,0.1304924772014543,0.61923355,0.0728127795563802,0.315726248011282,0.1033411621882483,0.3113872766208436,0.8125985438008535,0.7508220982265015
S-PROBE:R1:high,probe__P03H__portal_1__s42,0.3366415252746705,0.0899946049273747,0.6666713,0.2612063094981627,0.1003291513678178,0.2806464708851324,0.0962925091901404,0.2775084666038039,0.25545914399967673
S-PROBE:R2:high,probe_r2__P03H__s42,0.3048557022282089,0.0717272116820897,0.6380122,0.2370979096475337,0.092041494250558,0.2490936454379025,0.0698501212188772,0.27964289039988643,0.21900450336765473
S-PROBE:R3:high,probe_r3__P03H__s42,0.2174514713105642,0.1524854410757971,0.57136536,0.066522670507197,0.3109829535282764,0.0630170848222804,0.2796280999521719,0.823783630569313,0.8160864718885174
S-PROBE:R1:high,probe__P03H__portal_1__s43,0.2942479994141952,0.066032247913856,0.6578705,0.193034406924731,0.1340074640369755,0.2426600136162588,0.1193379107409449,0.40975629096944133,0.3296646270910313
S-PROBE:R2:high,probe_r2__P03H__s43,0.2718814454824828,0.071542746463267,0.6262603,0.2275749728166961,0.1003188742786592,0.2400800455925844,0.1064269449363562,0.3059492429252121,0.3071422737356501
S-PROBE:R3:high,probe_r3__P03H__s43,0.1211448584742749,0.2303067913482383,0.44961768,0.0453169029597457,0.2642714698782092,0.0355225095419136,0.268390802803684,0.8536220771331566,0.8831163094905204
S-PROBE:R1:high,probe__P03H__portal_1__s44,0.3227322442338816,0.1047546165901293,0.6439024,0.1561464134006322,0.2277252848603527,0.270593912402969,0.1153152547813031,0.5932328064089994,0.2988144998541585
S-PROBE:R2:high,probe_r2__P03H__s44,0.2883720585260623,0.0788026839753699,0.6190234,0.251666313908253,0.1007549389259272,0.2493109923253363,0.083037873104306,0.2858934814959471,0.24985153175401761
S-PROBE:R3:high,probe_r3__P03H__s44,0.1222860233236405,0.1653743277238085,0.42057845,0.06453550729232,0.2114999880206055,0.0578530540452304,0.2142815087819218,0.7662057656057609,0.7874101200369168
S-PROBE:R1:high,probe__P04H__portal_10__s42,0.2778722719887724,0.151990214749127,0.6987562,0.1176091616081292,0.2614708605787673,0.1939395184268298,0.2672024041538433,0.6897510954820384,0.5794363753755187
S-PROBE:R2:high,probe_r2__P04H__s42,0.219566952989648,0.2147075064401759,0.63139856,0.1242351386711413,0.2638347025458036,0.1802013802106376,0.3572951356702705,0.67986396912073,0.6647394450263481
S-PROBE:R3:high,probe_r3__P04H__s42,0.2370203415618652,0.2035750619411732,0.6489976,0.1118212510236052,0.2505144156206837,0.2189235468167901,0.3412539640986818,0.6913876791119711,0.6091889757248313
S-PROBE:R1:high,probe__P04H__portal_10__s43,0.3122250336369196,0.1487527377420935,0.7242285,0.273558205972334,0.1319231505031636,0.2234829061817589,0.1511776288050284,0.32534948499200717,0.40350561291532827
S-PROBE:R2:high,probe_r2__P04H__s43,0.2883054141295264,0.1655375718775323,0.7218166,0.205701393236823,0.1256439913558938,0.304984782511667,0.1902848026661245,0.37919342534477407,0.38420449864252454
S-PROBE:R3:high,probe_r3__P04H__s43,0.3945967647259522,0.1764868081202172,0.73288184,0.2077801838468048,0.3256779889734946,0.2203806376230613,0.2681999483309847,0.6105033263464545,0.548936973840812
S-PROBE:R1:high,probe__P04H__portal_10__s44,0.3476959011762281,0.1656260195684267,0.7896626,0.3054422187377627,0.1306320029680378,0.2607798066931761,0.1591189338763579,0.29956368999993144,0.37894596602155867
S-PROBE:R2:high,probe_r2__P04H__s44,0.3448981923719238,0.1522974627621846,0.76446086,0.3329576000699384,0.1058488511259668,0.2695204942395277,0.2015860305783104,0.2412199064929211,0.42789904184888394
S-PROBE:R3:high,probe_r3__P04H__s44,0.3479196144174893,0.1556320279732393,0.76530886,0.3468307365733563,0.1458598661388848,0.2563657111318469,0.2358309870094543,0.29604759119807106,0.4791397177186087
S-PROBE:R1:high,probe__P05H__explosion_1__s42,0.3646711475236487,0.1259679908031391,0.7396741,0.2617936679798441,0.1376287850316844,0.2678050733625767,0.1430885987435857,0.3445694752360655,0.348237533107144
S-PROBE:R2:high,probe_r2__P05H__s42,0.3497856123502609,0.1328019024593751,0.7393572,0.258529311212803,0.201277102574131,0.2479658968397515,0.1545919839999437,0.4377431382838413,0.38402423939007324
S-PROBE:R3:high,probe_r3__P05H__s42,0.2153985905122737,0.1942489266434844,0.56967235,0.1238745311637287,0.2259278936872013,0.0497618007853978,0.2497733017774054,0.6458728631840719,0.8338698858342845
S-PROBE:R1:high,probe__P05H__explosion_1__s43,0.3463754901278631,0.1199993850050126,0.7463512,0.3102143824405051,0.1837004682928185,0.2769447752004018,0.1869914429506419,0.3719274041265926,0.4030542036486643
S-PROBE:R2:high,probe_r2__P05H__s43,0.3305653331438279,0.1213288785022743,0.72268414,0.2826351507937927,0.1887922043561907,0.2798894306986094,0.1930047027221212,0.4004693454755653,0.4081351175283163
S-PROBE:R3:high,probe_r3__P05H__s43,0.1431890294452401,0.2879507736754391,0.50854635,0.0484225990516675,0.3619391213358718,0.0437983257897824,0.3419006205748845,0.8820002045855106,0.8864442690274493
S-PROBE:R1:high,probe__P05H__explosion_1__s44,0.3668247284782341,0.1353135312130221,0.7920784,0.3521655234197734,0.1992831511976995,0.2954400955346568,0.1547953977866961,0.36138114093018275,0.34380985080670173
S-PROBE:R2:high,probe_r2__P05H__s44,0.3192311442319916,0.1213490484084243,0.7613901,0.2559814342506356,0.2328524726337815,0.253774067967957,0.2220721874772019,0.4763427195913367,0.4666889461375527
S-PROBE:R3:high,probe_r3__P05H__s44,0.1643320222506063,0.2602473843159437,0.5923081,0.0408003171954263,0.3436243129697423,0.0337173500419634,0.3309930476037126,0.8938665371729787,0.9075503460838521
S-PROBE:R1:high,probe__P06H__explosion_0__s42,0.2088003108463902,0.2832246816349842,0.5492622,0.1736128267714993,0.2726650095033287,0.1652440914033355,0.289928443767852,0.6109759153161606,0.6369638353922469
S-PROBE:R2:high,probe_r2__P06H__s42,0.1912727895905642,0.3427176570703603,0.54585564,0.1873962926123414,0.3753864013812408,0.19504190139552,0.3859614489870656,0.6670183809623713,0.6643015891955071
S-PROBE:R3:high,probe_r3__P06H__s42,0.1278563040617435,0.3691099663011326,0.5123294,0.0811728513743962,0.4971653050717561,0.0866793434069033,0.4703412267342846,0.8596446551733717,0.8443875360205589
S-PROBE:R1:high,probe__P06H__explosion_0__s43,0.228358007773877,0.2461220500770081,0.63397676,0.0725503715108017,0.3666358275217363,0.0706125324594174,0.3267197037972051,0.834807260176619,0.8222834041237688
S-PROBE:R2:high,probe_r2__P06H__s43,0.2229390258629741,0.239184222169333,0.6681684,0.0372926585104636,0.3403564206681623,0.0359057415313068,0.3289769206413746,0.9012504979713604,0.9015964712669347
S-PROBE:R3:high,probe_r3__P06H__s43,0.2205769697465324,0.2382472325888188,0.6598257,0.0354125442053539,0.3410733429634379,0.0424272682216578,0.3275519087633262,0.905939251875656,0.8853252537956217
S-PROBE:R1:high,probe__P06H__explosion_0__s44,0.1873782666294498,0.3096219347245195,0.5153125,0.0806248632737369,0.452457926926228,0.1144263932203401,0.3190279088775076,0.8487573323395159,0.7360127868923318
S-PROBE:R2:high,probe_r2__P06H__s44,0.170152855962312,0.3278973693734759,0.50245357,0.0575916392041717,0.4581665283547441,0.100812363965268,0.3489252103394662,0.8883359628083971,0.7758418025865028
S-PROBE:R3:high,probe_r3__P06H__s44,0.1345607607220407,0.36863858533209,0.46453524,0.0384377953075925,0.4143825762516644,0.037098356000092,0.4011666067181936,0.9151146950936979,0.9153517639877167
S-PROBE:R1:high,probe__P07H__plasma_explosion_2__s42,0.2539983112779082,0.141597139086583,0.66598725,0.0921408026153972,0.2968980338245559,0.1194045050423857,0.2219165307452333,0.7631578290266174,0.6501695104526666
S-PROBE:R2:high,probe_r2__P07H__s42,0.26317139100876,0.1121714696292718,0.68358743,0.079940143715377,0.272325034662819,0.1137437796807007,0.2103039440622519,0.7730682774737606,0.6489906537009754
S-PROBE:R3:high,probe_r3__P07H__s42,0.210225832127232,0.173995442187904,0.61283445,0.0606678484234477,0.2591029405296471,0.0241209482848151,0.2933399250005943,0.8102770780843691,0.9240191459338378
S-PROBE:R1:high,probe__P07H__plasma_explosion_2__s43,0.2459296077475149,0.1768746072554682,0.636437,0.1428945120068208,0.2551784613726736,0.0992838582481081,0.2747822245741311,0.6410343792152015,0.7345820356151108
S-PROBE:R2:high,probe_r2__P07H__s43,0.223010254925703,0.2134854446619693,0.6294809,0.0851024793964651,0.3303996458206696,0.0886420856097777,0.3488937936943249,0.7951816026163719,0.7974061332964002
S-PROBE:R3:high,probe_r3__P07H__s43,0.204262817999211,0.2135478801284074,0.6190863,0.0488441466488275,0.324772672335975,0.0349197957747081,0.3502944692326496,0.8692667348821513,0.9093496816011185
S-PROBE:R1:high,probe__P07H__plasma_explosion_2__s44,0.2743818009698671,0.1733062018393425,0.69547534,0.0752490094007301,0.5054915490659165,0.1663867726809867,0.2857664223133722,0.870425772225358,0.6320123919879355
S-PROBE:R2:high,probe_r2__P07H__s44,0.2498847879528038,0.195344215740378,0.6617222,0.0468718146584767,0.4532512375394055,0.1657145181405141,0.294518638104885,0.9062794357258879,0.6399335513059947
S-PROBE:R3:high,probe_r3__P07H__s44,0.2023146640720542,0.1868781654649323,0.6070419,0.0597388277266304,0.3274875648721634,0.0658066263485959,0.3013875346705622,0.8457263531917207,0.8207852048465376
S-PROBE:R1:high,probe__P08H__point_cloud_1__s42,0.1553255151474497,0.3556222733421381,0.46374798,0.1245463555347882,0.4005608127952013,0.1010797669507172,0.3038239385562131,0.7628172627486959,0.7503609732981633
S-PROBE:R2:high,probe_r2__P08H__s42,0.2235139113371026,0.310901919753097,0.46053746,0.1563532232569401,0.3130275514441146,0.0849422611674923,0.2929496358864631,0.6668947010952454,0.7752207395032759
S-PROBE:R3:high,probe_r3__P08H__s42,0.1689228691487417,0.3688860350663985,0.4290635,0.1276789264044382,0.4128982373628855,0.0935761598886556,0.3834214298145847,0.7638099887264309,0.8038225728837055
S-PROBE:R1:high,probe__P08H__point_cloud_1__s43,0.2200029390089556,0.2918269183744287,0.51419556,0.1427469984236096,0.3390097032617871,0.1869356868573403,0.2180845233269526,0.7036948361606225,0.5384534347748213
S-PROBE:R2:high,probe_r2__P08H__s43,0.238792988064971,0.2836269772752705,0.53082377,0.1368121421013548,0.3439807659737412,0.1613101238522692,0.2210379190870491,0.7154447584322816,0.5781065789896813
S-PROBE:R3:high,probe_r3__P08H__s43,0.218012819902037,0.3087644800881121,0.50415164,0.1257681964717339,0.3544843627377882,0.1018569373141796,0.3125607620771417,0.7381207157360209,0.7542167299712762
S-PROBE:R1:high,probe__P08H__point_cloud_1__s44,0.1816215549010036,0.3149697462851065,0.512329,0.1810283063157654,0.3203828757043468,0.2033168935929363,0.2182697402487586,0.6389623670010133,0.5177340141450464
S-PROBE:R2:high,probe_r2__P08H__s44,0.1992809831911468,0.2654978668790919,0.54042614,0.1738203371268607,0.2348367597548588,0.2005351494276117,0.198535589864272,0.5746547938278661,0.4974947304243757
S-PROBE:R3:high,probe_r3__P08H__s44,0.1811392838167685,0.2905847557780843,0.49832508,0.0473547688868756,0.3029857587413415,0.0563130224413223,0.3324824531208596,0.8648321699819762,0.8551602938282755
S-PROBE:R1:high,probe__P09H__point_cloud_0__s42,0.3567369572390524,0.2398137293736059,0.73568326,0.3091182841730468,0.2908318311593567,0.3292966717898123,0.2036415602365813,0.48476002208653757,0.3821109989843927
S-PROBE:R2:high,probe_r2__P09H__s42,0.2034286600577295,0.3452907126953897,0.5163946,0.1625841283173965,0.5111114658867368,0.2648897163102312,0.3070053671623138,0.7586682624673174,0.5368211338663348
S-PROBE:R3:high,probe_r3__P09H__s42,0.0404469280761895,0.4966754609710633,0.3317724,0.1121634710678189,0.5383270494689516,0.0968905998273573,0.5298285080342282,0.8275709368135541,0.8454002780321226
S-PROBE:R1:high,probe__P09H__point_cloud_0__s43,0.3866889240698306,0.2159019780177657,0.837262,0.335074984467871,0.253618952359413,0.3720921749277185,0.2041864307595154,0.4308163147157092,0.3543189504944668
S-PROBE:R2:high,probe_r2__P09H__s43,0.371955351159108,0.1969281573366148,0.7993922,0.3755248434404179,0.2203729981250953,0.3092575551313332,0.1779567531908665,0.3698167416517944,0.3652535447977483
S-PROBE:R3:high,probe_r3__P09H__s43,0.2822562036595838,0.1706697261072736,0.70763856,0.0973280768390806,0.2450151629430024,0.0619298101754961,0.3118918633529851,0.7157003103054281,0.834333280917224
S-PROBE:R1:high,probe__P09H__point_cloud_0__s44,0.3524507675147304,0.2399560733365326,0.73230684,0.2522467617917649,0.2978711583093801,0.3716949486390213,0.1890785777698378,0.5414678333958169,0.3371745791579699
S-PROBE:R2:high,probe_r2__P09H__s44,0.2709537191412787,0.2814829437675437,0.6016952,0.1610638175000531,0.382627838879302,0.2813922360472394,0.2721541682750044,0.7037588942000013,0.49165556157523416
S-PROBE:R3:high,probe_r3__P09H__s44,0.1755470028369685,0.3337150608289402,0.504573,0.0929247633232691,0.4082806082878799,0.1391699108876978,0.3463101364790702,0.8145974313392573,0.7133354673532887
S-PROBE:R1:high,probe__P10H__monstrosity_0__s42,0.3512961135449226,0.1062206574800282,0.73348415,0.2696546322458091,0.0851964598443402,0.2819834310038583,0.1037923994523704,0.24009073592676497,0.26904847649377817
S-PROBE:R2:high,probe_r2__P10H__s42,0.326964624415277,0.0841765354066315,0.7448943,0.2399889888293435,0.1205586419479871,0.2921586663997502,0.1052800908228949,0.3343764641805191,0.26489638695180656
S-PROBE:R3:high,probe_r3__P10H__s42,0.268335879987668,0.0838782519835193,0.6083279,0.1544256226194663,0.2351502389222054,0.0429276130973165,0.2468607745354155,0.6036057726770943,0.8518656546316772
S-PROBE:R1:high,probe__P10H__monstrosity_0__s43,0.342179858998585,0.0968199374663208,0.7072531,0.1863935822187444,0.2023032208050901,0.217638592892696,0.1353153911087021,0.5204653581693726,0.3833796960573934
S-PROBE:R2:high,probe_r2__P10H__s43,0.3113461739339955,0.0882933141765154,0.73149216,0.128556508845126,0.2564236296008817,0.1988677057881023,0.1826649551845415,0.6660697630686845,0.47876623384973777
S-PROBE:R3:high,probe_r3__P10H__s43,0.2680138161612481,0.0801648202057907,0.6445178,0.1631028807135358,0.153470817804862,0.0294848021959477,0.2469790278116623,0.4847870133340941,0.8933502361045347
S-PROBE:R1:high,probe__P10H__monstrosity_0__s44,0.3325702937722424,0.0867945860478481,0.70341873,0.1855304757329613,0.136638726283902,0.2510301066400555,0.1404940315425485,0.4241210066899875,0.3588387479625154
S-PROBE:R2:high,probe_r2__P10H__s44,0.315751242678159,0.0854201171684838,0.7265418,0.1232999037350026,0.252005263436683,0.2356971031148464,0.1630056441125104,0.6714676095077627,0.4088400324454194
S-PROBE:R3:high,probe_r3__P10H__s44,0.2944497686083118,0.0688140319835379,0.64944,0.0825090168968872,0.2018675667793288,0.0344073838265624,0.2742430371554299,0.7098600179020721,0.8885231268530496
S-PROBE:R1:high,probe__P11H__water_element_3__s42,0.1758049652388103,0.2168078526520087,0.54507405,0.0344198369406831,0.3596737062940235,0.2387523178905808,0.1219431650823063,0.9126607437965965,0.3380778824210354
S-PROBE:R2:high,probe_r2__P11H__s42,0.2136068211627177,0.1107874202443287,0.54983157,0.0827577694461886,0.2829171749097156,0.2752546766686042,0.1226527847132306,0.7736848785416315,0.3082444955600672
S-PROBE:R3:high,probe_r3__P11H__s42,0.1881032659608403,0.2309716141479701,0.5733241,0.0922485612695495,0.4147849828668381,0.090533829635783,0.4146926520679464,0.8180622123795119,0.82080545475272
S-PROBE:R1:high,probe__P11H__water_element_3__s43,0.2112282965025411,0.1882615887178858,0.5327955,0.0752994399506365,0.3345886479465514,0.2286333082600782,0.1128534384315544,0.8162926853109139,0.33047677406193066
S-PROBE:R2:high,probe_r2__P11H__s43,0.2236215073178396,0.0917044747526263,0.6048023,0.1042703940179186,0.2980415725058504,0.2835306836585962,0.16750591578549,0.7408220418624853,0.37137987469740863
S-PROBE:R3:high,probe_r3__P11H__s43,0.2200353879069855,0.103454777093662,0.5829363,0.0910565494778354,0.2809759299993349,0.107440862657048,0.2703450491056117,0.75524569896209,0.7156038398685797
S-PROBE:R1:high,probe__P11H__water_element_3__s44,0.2064814387546122,0.1920927356102423,0.5915486,0.122385293596144,0.4344665694445243,0.2889340863955686,0.119019194468805,0.780219297592247,0.29174711922067764
S-PROBE:R2:high,probe_r2__P11H__s44,0.2110467798118191,0.1009359777966944,0.5929959,0.1145523151389156,0.344784785817144,0.223666765079428,0.1724961797156351,0.7506138413368143,0.43541724934639753
S-PROBE:R3:high,probe_r3__P11H__s44,0.1667246666797818,0.1631400877789037,0.527384,0.0410962040264831,0.299692062572564,0.0208828519914745,0.2776722053715734,0.8794083950230756,0.9300535982343766
S-PROBE:R1:high,probe__P12H__water_element_4__s42,0.2942946227154467,0.0610320414984046,0.66874695,0.1556934318812768,0.1220388009340264,0.2197619732959567,0.1289718425997811,0.43941173012922974,0.36982889734541907
S-PROBE:R2:high,probe_r2__P12H__s42,0.2650654633215171,0.0482274433606067,0.65710205,0.1142129762357833,0.1725678984107494,0.1852949274830965,0.1403685392724104,0.6017413072731761,0.4310232912241047
S-PROBE:R3:high,probe_r3__P12H__s42,0.2343436759331937,0.0646237012906736,0.61782426,0.0949982770717969,0.1917564682731856,0.0359952286214581,0.2474117192833445,0.6687124498759088,0.8729910156135303
S-PROBE:R1:high,probe__P12H__water_element_4__s43,0.3094818129879983,0.0672567149524756,0.6797847,0.2058362689098805,0.1064010369599043,0.1571426643491895,0.194861242209716,0.3407697765758897,0.5535769307637138
S-PROBE:R2:high,probe_r2__P12H__s43,0.3144085522598194,0.076752159819854,0.70117116,0.1864745474776988,0.1366082784741672,0.1337335728728928,0.2104198638633607,0.42282742226143455,0.6114129379583058
S-PROBE:R3:high,probe_r3__P12H__s43,0.2877640086557049,0.1169719240197385,0.69484633,0.1194409511101568,0.2289496487259786,0.1237969055471283,0.3284515812640055,0.6571636801729566,0.7262635273364046
S-PROBE:R1:high,probe__P12H__water_element_4__s44,0.3170202912311837,0.0710421033622509,0.68708205,0.1584112928104065,0.1180510394391707,0.1741854806740214,0.1360010044221211,0.42700587265754447,0.4384491618968102
S-PROBE:R2:high,probe_r2__P12H__s44,0.3155442836887733,0.071197254949593,0.6946332,0.1654353444532286,0.1140463290978007,0.17813026891916,0.1072164744956472,0.4080637118303841,0.3757410132408174
S-PROBE:R3:high,probe_r3__P12H__s44,0.2135230465572032,0.0777213229838908,0.61392564,0.0483022498280565,0.2499014282632006,0.0350201622656732,0.2440631497428916,0.8380226221982584,0.8745171754855824
S-PROBE:R1:high,probe__P13H__northern_lights_0__s42,0.2969657950376693,0.069315403403593,0.68044776,0.2212643176312131,0.1356237079886266,0.1767771933619369,0.1806905425612937,0.38001753562080615,0.5054737096611668
S-PROBE:R2:high,probe_r2__P13H__s42,0.2621070978274228,0.0614461599608636,0.6792185,0.1800096985069971,0.1660828733476439,0.1040610396496331,0.1872857494957584,0.47987991321986173,0.642827573439626
S-PROBE:R3:high,probe_r3__P13H__s42,0.2766723266392246,0.1065095930552871,0.6484941,0.1355698065945934,0.2534287249679142,0.051838481087447,0.3143001388258374,0.651490184165878,0.8584184287914661
S-PROBE:R1:high,probe__P13H__northern_lights_0__s43,0.2968267359288858,0.0539664734808307,0.681413,0.183683455470959,0.142070095857757,0.1464654608474071,0.1762331414650361,0.4361275426722667,0.5461230392761468
S-PROBE:R2:high,probe_r2__P13H__s43,0.2810933750211666,0.0567072188012246,0.70509803,0.2054082425280428,0.134283522067244,0.1322389361590612,0.1796137478382528,0.39530991346590677,0.5759570369444048
S-PROBE:R3:high,probe_r3__P13H__s43,0.2521574798242909,0.0818784316243397,0.69471025,0.0619974240956785,0.2431488925265002,0.056081881013824,0.2694905467136749,0.7968272244542886,0.8277437637908207
S-PROBE:R1:high,probe__P13H__northern_lights_0__s44,0.2699131940766903,0.1090033193864113,0.6300931,0.1091888463647028,0.2713801950129719,0.0715669595946742,0.3080958854581297,0.7130905709790925,0.8114986480051253
S-PROBE:R2:high,probe_r2__P13H__s44,0.2371429588343453,0.1134268743278164,0.6428195,0.0466585804059324,0.3312835822901334,0.0263711518230982,0.3278893202873857,0.8765457125156624,0.9255599935663334
S-PROBE:R3:high,probe_r3__P13H__s44,0.2515129417536922,0.1562687739146871,0.6513427,0.0328666564977524,0.3878043327321482,0.0164453544826151,0.386340177232321,0.9218708745332793,0.9591709403945176
S-PROBE:R1:high,probe__P14H__fire_element_2__s42,0.2072455075587193,0.1014574305210057,0.55037,0.1361955818468047,0.2100348644232468,0.0916020054663651,0.3005597732076395,0.6066331447333912,0.7664178141579886
S-PROBE:R2:high,probe_r2__P14H__s42,0.2116796523629353,0.1163728592884022,0.5651037,0.1456823991385159,0.2143589235104447,0.0892729782300664,0.3183984533277655,0.5953731142117932,0.7810173308222059
S-PROBE:R3:high,probe_r3__P14H__s42,0.1630593169043284,0.1870042323697281,0.5376966,0.0454902724689557,0.3356698234458131,0.0284777520245041,0.3703051889691383,0.8806531088733701,0.9285883394270917
S-PROBE:R1:high,probe__P14H__fire_element_2__s43,0.2863207284325124,0.0488105840761274,0.71597236,0.1830742158546316,0.1397730940312108,0.2050254881575323,0.1636573022391734,0.43293869811284486,0.4438973190559744
S-PROBE:R2:high,probe_r2__P14H__s43,0.2841616688805866,0.0452069975427586,0.7009159,0.1802992388348769,0.1124833301999236,0.1854733499573786,0.1898171108397554,0.3841872505277242,0.5057871986316285
S-PROBE:R3:high,probe_r3__P14H__s43,0.2434814729197899,0.1289926191907378,0.6384176,0.0525102184995664,0.3124195065469773,0.0526659533423432,0.3528003785832203,0.8561086836845939,0.8701101689695614
S-PROBE:R1:high,probe__P14H__fire_element_2__s44,0.2591839945788656,0.0952864428263239,0.5728107,0.1651923404073704,0.257005012818922,0.2146534011253814,0.2213766857120763,0.6087319374576244,0.5077096567297215
S-PROBE:R2:high,probe_r2__P14H__s44,0.2159143900515382,0.1523797582549541,0.542178,0.1520767794391209,0.2742142600362022,0.2092638387724883,0.2213172803141494,0.6432559792335859,0.5139967139841491
S-PROBE:R3:high,probe_r3__P14H__s44,0.1572541539035107,0.2076091572412205,0.46033654,0.0467146332146045,0.374504154031863,0.1145287517594661,0.2552479567389894,0.8890965108180932,0.6902759175272813
S-PROBE:R1:high,probe__P15H__fire_element_3__s42,0.2292638593222586,0.1002748868016325,0.622608,0.0502004366073795,0.222148432968531,0.1526759933520988,0.1496068945537818,0.8156759868856831,0.4949234658640806
S-PROBE:R2:high,probe_r2__P15H__s42,0.2563971588996018,0.0315061049766233,0.648185,0.0945250076663404,0.1810552497272481,0.16257501247693,0.1980010403253106,0.6569964461157385,0.5491242105140717
S-PROBE:R3:high,probe_r3__P15H__s42,0.2337429680194303,0.1194724832043454,0.62061936,0.0443397924770949,0.3248345922129046,0.0673055807180357,0.3521172204117969,0.87989472098849,0.8395280835073121
S-PROBE:R1:high,probe__P15H__fire_element_3__s43,0.2736998415318019,0.1393671394270754,0.65657717,0.1046739953528266,0.2132158624497703,0.1757702033777329,0.1114081096339402,0.6707224443196076,0.3879405393310871
S-PROBE:R2:high,probe_r2__P15H__s43,0.2950772550894049,0.0808697885686362,0.68461615,0.1300020299905074,0.1654329737115552,0.1931846711237066,0.1172886785923064,0.5599640247043626,0.37777374032131655
S-PROBE:R3:high,probe_r3__P15H__s43,0.2753646946852948,0.0885417682609208,0.66015947,0.0683892616889648,0.2537782343555613,0.0624442646127088,0.2856215684050512,0.787721410357571,0.8205963967468114
S-PROBE:R1:high,probe__P15H__fire_element_3__s44,0.2239305602447908,0.1765633192886279,0.6380908,0.0518881685223989,0.290066917757144,0.176345665374207,0.1251030249977811,0.8482602815272028,0.4150060325138709
S-PROBE:R2:high,probe_r2__P15H__s44,0.2194713454792957,0.1225792512980837,0.6270999,0.0493129178235099,0.2488281162114982,0.1587933597078279,0.1411420504667641,0.834598689230683,0.4705748160399117
S-PROBE:R3:high,probe_r3__P15H__s44,0.1998811344129521,0.0895418948794479,0.5746627,0.0751015008048802,0.2289583127547084,0.0688602026115437,0.2638687463784798,0.7530041871509532,0.7930441495380421
S-PROBE:R1:high,probe__P16H__color_rain_2__s42,0.1282761088504105,0.1955537486856811,0.3791939,0.1137992529866505,0.2601197571901592,0.0374783588730192,0.26187254563486,0.6956580171389524,0.8748012506104429
S-PROBE:R2:high,probe_r2__P16H__s42,0.0691654495668093,0.3121169786696228,0.31019413,0.0296126946435658,0.3322483197795248,0.0295556191068834,0.3335580529733462,0.918165556765553,0.9186050502104114
S-PROBE:R3:high,probe_r3__P16H__s42,0.0713556567279886,0.280780516748785,0.30619135,0.0178603086622223,0.2909518351033059,0.0303001180744299,0.3074017529004044,0.9421644873014349,0.9102755398216675
S-PROBE:R1:high,probe__P16H__color_rain_2__s43,0.2011695781965886,0.1320859622508615,0.56318116,0.0923595515601508,0.3140439241818693,0.0372189900891662,0.2885734714608202,0.7727392675677324,0.8857585902629743
S-PROBE:R2:high,probe_r2__P16H__s43,0.2151469900437279,0.1677114208339967,0.63098246,0.0943356625794196,0.3415479017935615,0.0427345447631993,0.3303608708220748,0.7835760044884428,0.8854594750349272
S-PROBE:R3:high,probe_r3__P16H__s43,0.2052703904384496,0.2176228390445732,0.66042876,0.0389964191460612,0.3813102434057658,0.0445046140440455,0.3903241874064338,0.9072191268411011,0.8976502616763441
S-PROBE:R1:high,probe__P16H__color_rain_2__s44,0.1780789553483105,0.1448778207677591,0.45389378,0.1412022576110643,0.191584675735016,0.0489835481180737,0.2178355639717994,0.575697710870692,0.8164166437163823
S-PROBE:R2:high,probe_r2__P16H__s44,0.179993999183605,0.1915226151039922,0.42726776,0.1313976775325826,0.2283118004118633,0.0471358097743536,0.2209405009224085,0.6347116615234812,0.8241701788127342
S-PROBE:R3:high,probe_r3__P16H__s44,0.1391744722563294,0.1934080269595967,0.4076196,0.078731162958363,0.2106953066916109,0.0496003010667962,0.222682953515725,0.7279752503163283,0.8178356537465149
S-PROBE:R1:high,probe__P17H__color_rain_0__s42,0.2183976113091474,0.1294277829271344,0.5488653,0.1190139419730695,0.2352265031000864,0.148361793751915,0.2371151399708476,0.6640306220581578,0.6151214747946041
S-PROBE:R2:high,probe_r2__P17H__s42,0.2357884726766881,0.148632701987223,0.58636206,0.1318258780349107,0.235067704062531,0.1764736566956562,0.2312764984283269,0.6406972362904412,0.5672014970981519
S-PROBE:R3:high,probe_r3__P17H__s42,0.1713369383019748,0.1136545076088594,0.54514825,0.0385384752407244,0.2248918193221156,0.0357951541525419,0.2596964036980449,0.8537052266343222,0.8788623458046761
S-PROBE:R1:high,probe__P17H__color_rain_0__s43,0.1875934537423444,0.1550077631722869,0.5225175,0.0881380526214537,0.2786224211219343,0.1398230495994961,0.2442690222039423,0.7596849744415987,0.6359647598478642
S-PROBE:R2:high,probe_r2__P17H__s43,0.1813575539234317,0.1882995895172775,0.55448765,0.054091504691189,0.2979819616027458,0.0996073372379643,0.2790904385938692,0.8463630183195068,0.7369740632377083
S-PROBE:R3:high,probe_r3__P17H__s43,0.1576671524362935,0.2191298868674075,0.5383612,0.0353823948350862,0.3426774812751438,0.0448996857816894,0.3510287865274257,0.9064106056449909,0.8865964715297499
S-PROBE:R1:high,probe__P17H__color_rain_0__s44,0.1805557411253928,0.2209778799907138,0.49362922,0.119865208708176,0.3220066107262375,0.1956652047639325,0.2500922369672922,0.7287330772494138,0.5610500544780329
S-PROBE:R2:high,probe_r2__P17H__s44,0.1865758967636313,0.2295083511973697,0.5091477,0.1207173272242852,0.3210944303903062,0.1663093035154575,0.2752439865014971,0.7267675086872828,0.6233539478121166
S-PROBE:R3:high,probe_r3__P17H__s44,0.1244287255346643,0.165689222907663,0.46229395,0.0405817751392533,0.245520590786952,0.0235919903785555,0.2557598238265776,0.8581564503744068,0.9155473879928644
S-PROBE:R1:high,probe__P18H__earth_element_6__s42,0.3011505488459471,0.0837552630346935,0.68586737,0.2300321575463823,0.116018009997089,0.1653806384806047,0.2318191814269481,0.33526355678621267,0.5836336519007068
S-PROBE:R2:high,probe_r2__P18H__s42,0.2868284434117694,0.0802008078148835,0.7274189,0.2228869594884737,0.1194789418599524,0.2024481117526947,0.1943464187868012,0.3489802617298578,0.48979107278157524
S-PROBE:R3:high,probe_r3__P18H__s42,0.2738186828626461,0.0599172947240811,0.65594816,0.2075113589898123,0.0811414964311689,0.0624163476871816,0.2196268453962992,0.2811040837023052,0.7786993296849137
S-PROBE:R1:high,probe__P18H__earth_element_6__s43,0.2668953408535339,0.057622712494552,0.6634596,0.1971185435765914,0.1153046196947171,0.1491608604077449,0.249620331535078,0.36906552794418285,0.6259581358863797
S-PROBE:R2:high,probe_r2__P18H__s43,0.2665396879127592,0.0537455126807592,0.6802771,0.2011132232210459,0.120238197418678,0.1406217466828233,0.229115665507529,0.3741642006103979,0.6196713071318115
S-PROBE:R3:high,probe_r3__P18H__s43,0.2762889151781488,0.2046549797187461,0.68015593,0.1799073881368076,0.278053876574369,0.0760592346362201,0.3913788904221367,0.6071558841329732,0.8372849141761285
S-PROBE:R1:high,probe__P18H__earth_element_6__s44,0.2821847122628029,0.0952420670461658,0.71874064,0.2083726020732977,0.1082187453929389,0.2150509285980485,0.1728923677835771,0.3418247095476293,0.4456640168709097
S-PROBE:R2:high,probe_r2__P18H__s44,0.2748573855168187,0.092140040324416,0.7441647,0.2039908736791871,0.1113339659030033,0.2306253830255245,0.133693656353795,0.35307705555490737,0.36696862338450736
S-PROBE:R3:high,probe_r3__P18H__s44,0.2087756164316807,0.174414980614238,0.5581916,0.129836921716468,0.2166902465771976,0.0615899189397453,0.2177623638204393,0.6253196470689499,0.7795259865743844
S-PROBE:R1:high,probe__P19H__earth_element_4__s42,0.3174790233801262,0.1065117932188232,0.7219301,0.2069111845788513,0.126605472382781,0.1321221090127397,0.1501174999198087,0.37960764399646063,0.5318796340724977
S-PROBE:R2:high,probe_r2__P19H__s42,0.3306981202971547,0.1762816183198383,0.7416785,0.2597056550587313,0.1674956294711716,0.2456354996840909,0.07770001369254,0.3920766054238008,0.2403077004474689
S-PROBE:R3:high,probe_r3__P19H__s42,0.2061222117611806,0.0874370944478481,0.55552536,0.1146142453967284,0.1737906505980395,0.0305240784240213,0.2476188401460162,0.6025925808180188,0.8902575748433618
S-PROBE:R1:high,probe__P19H__earth_element_4__s43,0.3768279084422438,0.14436820372905,0.723174,0.3155541899203148,0.1077569525776428,0.2251644623026343,0.1378815039315192,0.2545573261827444,0.3797907613786566
S-PROBE:R2:high,probe_r2__P19H__s43,0.3438767167484989,0.0962808949625843,0.7060307,0.2757275628238845,0.0914971431016527,0.2003540215760746,0.1430468399634679,0.2491584624488902,0.41655935084774415
S-PROBE:R3:high,probe_r3__P19H__s43,0.2218712503287821,0.1397648044590912,0.5939546,0.0883323297940468,0.2588650494508892,0.0532129549792113,0.2825906180834889,0.7455846873437044,0.8415354711866763
S-PROBE:R1:high,probe__P19H__earth_element_4__s44,0.3197645763882634,0.2039364457191887,0.72375077,0.1843017961254049,0.2534469188927423,0.2369887920655982,0.1065982792729807,0.578978099072742,0.31025113621908146
S-PROBE:R2:high,probe_r2__P19H__s44,0.2868359869758862,0.255045018649893,0.7878857,0.1605264663564002,0.3793564692435733,0.2565039061626504,0.2333454412165872,0.7026643078133102,0.47636164560597644
S-PROBE:R3:high,probe_r3__P19H__s44,0.2750230640957347,0.1885033635812419,0.70889497,0.2354545719685588,0.246458805178336,0.1437061791982969,0.2706284563082631,0.5114172315312415,0.653163972105292
S-PROBE:R1:high,probe__P20H__train_rush_1__s42,0.1781922965635558,0.1327320266943363,0.5748315,0.1146823789142754,0.3150514648195389,0.1637739697728416,0.1822221985363025,0.7331316102128741,0.5266595853555488
S-PROBE:R2:high,probe_r2__P20H__s42,0.1784692394920423,0.1448388945644483,0.5562546,0.0871831965410039,0.2630118821917219,0.1187362153142165,0.2106561288280778,0.7510439128485199,0.6395295233002635
S-PROBE:R3:high,probe_r3__P20H__s42,0.1381903367411133,0.170844789495567,0.52099043,0.0325043763407144,0.2450671870018291,0.050397588192127,0.2512838155355132,0.8828973114201845,0.8329443327649515
S-PROBE:R1:high,probe__P20H__train_rush_1__s43,0.2542950149179254,0.0673890031917672,0.62785137,0.1562033907942901,0.3985311778319116,0.1966709748538114,0.1504841291575304,0.7184177809918584,0.43347808348113465
S-PROBE:R2:high,probe_r2__P20H__s43,0.2461937151096884,0.0926902397452037,0.6412916,0.162215023978014,0.3954028056559861,0.1719691563655201,0.1635581879956378,0.709092831403031,0.4874660463428149
S-PROBE:R3:high,probe_r3__P20H__s43,0.2500620510882262,0.0986494731129259,0.6357439,0.1331572890120108,0.2854085478829931,0.1045809338985325,0.3015448687473202,0.6818725340801931,0.7424912841853377
S-PROBE:R1:high,probe__P20H__train_rush_1__s44,0.1649138187559891,0.2095805979706572,0.5682083,0.0762099488069106,0.4380018821647805,0.1992989955125837,0.1863078721671167,0.8517926966734722,0.48315496372816424
S-PROBE:R2:high,probe_r2__P20H__s44,0.1764284694424224,0.1762880918087998,0.58512,0.0589854556881978,0.3706153030810466,0.1902639078732985,0.1733884120142581,0.8626970402538763,0.47679721132501174
S-PROBE:R3:high,probe_r3__P20H__s44,0.194840816589033,0.24988972535463,0.59278834,0.083601826989495,0.3626218063839481,0.1069605169791642,0.3709489676107778,0.8126459005376596,0.7761908469530816
S-PROBE:R1:high,probe__P21H__train_rush_0__s42,0.1402008921059618,0.2510869176186545,0.46783233,0.0383130105497217,0.3207665704668956,0.1094570310693203,0.2942020379946909,0.8933021742944813,0.7288379242336238
S-PROBE:R2:high,probe_r2__P21H__s42,0.1140548591198902,0.2760428285404309,0.43941954,0.0130564643277263,0.3369904707888295,0.0723656921692517,0.2999782125336883,0.9627008180392185,0.8056482427797875
S-PROBE:R3:high,probe_r3__P21H__s42,0.078864666678476,0.2791532005159131,0.4019949,0.0634664078827637,0.329620168282308,0.0596433537989662,0.3037511384597678,0.8385434361510432,0.8358716076618449
S-PROBE:R1:high,probe__P21H__train_rush_0__s43,0.2080455292610924,0.2817362376362012,0.48108327,0.1367288920056465,0.301470477335597,0.2196890220421553,0.2689249193367743,0.6879756075158333,0.5503832301179017
S-PROBE:R2:high,probe_r2__P21H__s43,0.1691487947434574,0.3194607614555543,0.45905823,0.1445952599149368,0.3239755604097358,0.190503045388249,0.3094190835708865,0.6914121544855337,0.6189345612988038
S-PROBE:R3:high,probe_r3__P21H__s43,0.072802663455879,0.2821642003940524,0.36142927,0.0256144268576489,0.303260383577875,0.0264722386928186,0.3014374945685096,0.9221149627612765,0.919269737956447
S-PROBE:R1:high,probe__P21H__train_rush_0__s44,0.2468400044855516,0.2575127314676203,0.67634696,0.2311333271651843,0.3085813053317234,0.2309498167672337,0.3120628772019233,0.5717490072561473,0.5746879965565748
S-PROBE:R2:high,probe_r2__P21H__s44,0.2190396433698968,0.2648568651614466,0.65654486,0.1995345788936574,0.3102840952143956,0.2084807218619381,0.3204955842065584,0.6086165748189771,0.6058789033266413
S-PROBE:R3:high,probe_r3__P21H__s44,0.1016743555197857,0.2834082277249322,0.4795564,0.0685585769950195,0.3763210692408381,0.0676512659712879,0.3732943682515732,0.8458941028768207,0.8465768550117998
S-PROBE:R1:high,probe__P22H__money_rain_3__s42,0.311709339832347,0.10259811730044,0.72794056,0.1410969362058279,0.1922339616573075,0.1066490950338304,0.1798147386927252,0.576706098623471,0.6277048531870435
S-PROBE:R2:high,probe_r2__P22H__s42,0.3347692274463154,0.1269698902370355,0.73712355,0.1960996974701434,0.1708867207640579,0.1790489845131875,0.2013709617234501,0.46564862423601294,0.5293385999223834
S-PROBE:R3:high,probe_r3__P22H__s42,0.3040160194050388,0.2178607161779961,0.7210675,0.139849065774718,0.3569307009755776,0.081528466765405,0.428349439448615,0.7184888050301521,0.8401019817258298
S-PROBE:R1:high,probe__P22H__money_rain_3__s43,0.3142121481390159,0.0816438673273755,0.70278794,0.1481553358817181,0.1782709003613574,0.1013886380362117,0.1936338089908992,0.546129203378759,0.6563358515330372
S-PROBE:R2:high,probe_r2__P22H__s43,0.3137402611046417,0.1222525120682878,0.71902126,0.1285991601209498,0.2871148413688613,0.2257556228186354,0.2180666145727973,0.6906547297899908,0.49133773885347626
S-PROBE:R3:high,probe_r3__P22H__s43,0.289981645624879,0.16915702392851,0.7108429,0.061555551696722,0.3717684690207528,0.1044830838034864,0.3410824287418251,0.8579456740136363,0.7655045535130794
S-PROBE:R1:high,probe__P22H__money_rain_3__s44,0.2924417221549968,0.0745179138906023,0.6935854,0.1483254457688146,0.1737378361014774,0.1317907272450262,0.1985602810904509,0.5394524799366874,0.6010584986282517
S-PROBE:R2:high,probe_r2__P22H__s44,0.2767056782288445,0.0713690868626621,0.70173746,0.0881819062239318,0.1969138630617526,0.0588034325347061,0.2268248623144954,0.690693739704121,0.7941260246441916
S-PROBE:R3:high,probe_r3__P22H__s44,0.2566276356403988,0.1082712914711951,0.7047919,0.0546808161297015,0.2900823656716162,0.0759850216330579,0.2994347431530055,0.8413960103163994,0.7975998368749745
S-PROBE:R1:high,probe__P23H__glitch_1__s42,0.2361063200452527,0.0777109345962039,0.635827,0.1783211425042588,0.1193232762788859,0.2589962393285052,0.1410009256294115,0.4008920334092388,0.35250481248847365
S-PROBE:R2:high,probe_r2__P23H__s42,0.2028867604069101,0.080531408833615,0.5966765,0.1377156891473386,0.1483776833862853,0.206480365466286,0.1392202872132708,0.5186337665646092,0.4027191911098861
S-PROBE:R3:high,probe_r3__P23H__s42,0.1234886743068825,0.1477007198681926,0.48203516,0.037330500874178,0.267270998122562,0.0468571075842675,0.251594816426,0.8774447893489272,0.8429994789289565
S-PROBE:R1:high,probe__P23H__glitch_1__s43,0.2702343237849753,0.0940638461439355,0.7019193,0.1451624321233858,0.1339021758672588,0.261700760596812,0.0900048705854536,0.47982500121171856,0.25590966594108944
S-PROBE:R2:high,probe_r2__P23H__s43,0.2698700043384091,0.0507239558462815,0.7394046,0.1415211441294933,0.1345064324835173,0.2486614051353523,0.1431335181112981,0.4872934586245877,0.3653276487740243
S-PROBE:R3:high,probe_r3__P23H__s43,0.1716850773686471,0.1718000996150933,0.5696282,0.0389659119992684,0.2526064241931937,0.0816613423246183,0.2653760157318105,0.8663593655416347,0.764690053019191
S-PROBE:R1:high,probe__P23H__glitch_1__s44,0.2891849883558491,0.0950683896185484,0.7536517,0.1489012503543538,0.1283441608796667,0.3236450758752207,0.1341753474646713,0.46292618625645165,0.2930741850392675
S-PROBE:R2:high,probe_r2__P23H__s44,0.2452329851638432,0.0523567843638057,0.7067808,0.0891103904257904,0.1861810580110344,0.2289134060422115,0.219683391326111,0.6763052723512409,0.4897123488506293
S-PROBE:R3:high,probe_r3__P23H__s44,0.1437144839407847,0.1346258928308156,0.48775873,0.0606455922490709,0.2218695299316838,0.0187449054493154,0.2428914536939231,0.7853368280574039,0.9283551204018509
S-PROBE:R1:high,probe__P24H__acid_0__s42,0.3157224608146977,0.0791552745784499,0.7016137,0.2123177883647942,0.0828771424013476,0.2465297309206589,0.1235274014686755,0.2807539485391916,0.3338062981548298
S-PROBE:R2:high,probe_r2__P24H__s42,0.3436210498533663,0.1169068811840339,0.7090237,0.2252503894799997,0.2580832227268099,0.2727067690936752,0.2055544053405417,0.5339649803133923,0.4297953008284911
S-PROBE:R3:high,probe_r3__P24H__s42,0.2457858375463093,0.209459383465491,0.6534403,0.0596689251458911,0.3838431880041426,0.066273039346342,0.4185369825669232,0.8654626934040334,0.8633010120442631
S-PROBE:R1:high,probe__P24H__acid_0__s43,0.2937044780208008,0.0580525790695195,0.676445,0.1242475107682025,0.222512073024965,0.1575913998553145,0.2269350841430621,0.6416897568941808,0.590167631064965
S-PROBE:R2:high,probe_r2__P24H__s43,0.2792196991624448,0.071937103744011,0.6916879,0.0989216925185213,0.2440088542346712,0.1430156475051224,0.2358881074029634,0.7115401545441347,0.6225541561608039
S-PROBE:R3:high,probe_r3__P24H__s43,0.2535962108556742,0.1269540167589351,0.6790514,0.0454663146715079,0.2811286645380727,0.0482226960630448,0.3008979365668169,0.8607868535470304,0.8618738293987609
S-PROBE:R1:high,probe__P24H__acid_0__s44,0.3071505135690047,0.1070838680820778,0.68682724,0.1603059915502753,0.2535570939069855,0.218707565017809,0.2123528522430302,0.6126593620371829,0.4926289766813204
S-PROBE:R2:high,probe_r2__P24H__s44,0.2923583515442062,0.09940986649301,0.6926292,0.1027184849776923,0.2921113377834344,0.2216276486359171,0.2008768461890819,0.7398411187398138,0.47544309859303374
S-PROBE:R3:high,probe_r3__P24H__s44,0.2103806056162348,0.1703087912129548,0.6552678,0.0584100645038976,0.3560749278096962,0.0198418377647495,0.3272573959901986,0.85907797486741,0.9428352590983884
S-PROBE:R1:high,probe__P25H__luminous_gaze_3__s42,0.2786042488538164,0.0625997110977365,0.6935892,0.1141576477557494,0.3340508841746901,0.2451805949299903,0.2330153407315559,0.745302376855543,0.48728005270307795
S-PROBE:R2:high,probe_r2__P25H__s42,0.2803956138675659,0.0636437232131125,0.69647413,0.0938199623823663,0.320899526290013,0.2339953122428077,0.2237521312083533,0.7737748889431084,0.488811318139511
S-PROBE:R3:high,probe_r3__P25H__s42,0.2536193374999956,0.1706143678076272,0.6192819,0.0892931527734132,0.4049166997149746,0.0927205450663317,0.4102361325109132,0.8193213827611596,0.8156490425517979
S-PROBE:R1:high,probe__P25H__luminous_gaze_3__s43,0.2879972325294374,0.0731087334532938,0.6879472,0.0615713376364756,0.2012789716339663,0.2304655189740125,0.2029326951099546,0.765755125769603,0.468236112921864
S-PROBE:R2:high,probe_r2__P25H__s43,0.3023075331515196,0.0749923563790365,0.71174836,0.0577758697759024,0.2080552628248474,0.1980643212758699,0.2173087934783523,0.7826595056393352,0.5231652838362798
S-PROBE:R3:high,probe_r3__P25H__s43,0.2784863203713989,0.1128608914472819,0.63653886,0.1041846766621535,0.2972873809516411,0.0534394919155377,0.3415051220072849,0.7404933302671431,0.864691174327597
S-PROBE:R1:high,probe__P25H__luminous_gaze_3__s44,0.2868020081098815,0.0741158000238431,0.66556054,0.1368824640933417,0.1795105851820178,0.2445354188788655,0.2259370641878539,0.5673657673364001,0.48023438632395626
S-PROBE:R2:high,probe_r2__P25H__s44,0.279494099377696,0.0695264757572264,0.6737984,0.1119170923436407,0.1872089761342334,0.2416369101591377,0.2289273493903382,0.6258530962776351,0.48649540364479893
S-PROBE:R3:high,probe_r3__P25H__s44,0.2591602354144565,0.1366935678664485,0.6269536,0.0409842794783279,0.3412334205255217,0.029690089290996,0.3745889010798493,0.8927724187605255,0.9265603951771987
S-PROBE:R1:high,probe__P26H__saint_glow_3__s42,0.2642225878954958,0.0676421197761071,0.63654727,0.0790202292693958,0.2409006766985561,0.2097102914007284,0.1321505685127266,0.7530007330083278,0.3865624410650042
S-PROBE:R2:high,probe_r2__P26H__s42,0.2483253563786976,0.0706428943391768,0.63171756,0.0629192618829958,0.2722265037197001,0.1931374325996978,0.1726457824071376,0.8122629961627369,0.47198935140835085
S-PROBE:R3:high,probe_r3__P26H__s42,0.198316860476905,0.0975097924309256,0.50856787,0.103422733666407,0.2219111039541243,0.023806235687071,0.2736420095190076,0.6821027458353747,0.9199651163832634
S-PROBE:R1:high,probe__P26H__saint_glow_3__s43,0.2655190631678403,0.0667525376468223,0.71037006,0.0814877548181827,0.2250195610439508,0.2435718021207822,0.0995816880288166,0.734140914095389,0.2901957604610219
S-PROBE:R2:high,probe_r2__P26H__s43,0.3167472929495993,0.0994490507061842,0.75277966,0.1645697366074463,0.2429890147719436,0.260214591240052,0.155069434920739,0.5962061026773267,0.37340572993939025
S-PROBE:R3:high,probe_r3__P26H__s43,0.2119762580239876,0.0740495980630986,0.57521904,0.0798185194881957,0.2198630749320792,0.1136038333357279,0.2252203566890561,0.7336555832112337,0.6647115622783069
S-PROBE:R1:high,probe__P26H__saint_glow_3__s44,0.3097093379034293,0.0948339098436179,0.70697176,0.0625900753710149,0.3059063536622765,0.2661015895731963,0.1192167352903825,0.8301474032320669,0.30939804208011895
S-PROBE:R2:high,probe_r2__P26H__s44,0.2652601799379294,0.0886141932542457,0.68081486,0.0412029879771793,0.341626422045625,0.2071216638611184,0.1781709278857325,0.8923724591203039,0.4624301938377166
S-PROBE:R3:high,probe_r3__P26H__s44,0.1134626689103294,0.2910789723270363,0.45986256,0.0446594713306802,0.3695359402970579,0.0285308933880486,0.3655742942086435,0.8921777738793053,0.9276058923201851
S-PROBE:R1:high,probe__P27H__live_concert_4__s42,0.2992846479325503,0.0756735768295388,0.65006745,0.1996913341309686,0.1574916717015768,0.2321595518142,0.0959296078619959,0.4409271133560371,0.2923888370974299
S-PROBE:R2:high,probe_r2__P27H__s42,0.2783723017629365,0.1419216177293152,0.6276668,0.2389138102850551,0.2448774285785005,0.2147494964171246,0.2094398052803747,0.5061634211353788,0.4937413660416448
S-PROBE:R3:high,probe_r3__P27H__s42,0.2006754252741231,0.1598544234151772,0.56144243,0.1045927541493806,0.2346626326222197,0.0817000159364701,0.2220359149792802,0.6916990614513178,0.7310162953386905
S-PROBE:R1:high,probe__P27H__live_concert_4__s43,0.2873570957186755,0.0901493585950263,0.6418955,0.1825134535388699,0.1836262940871478,0.0945116478294731,0.1833913733697904,0.5015196937173488,0.659911405706864
S-PROBE:R2:high,probe_r2__P27H__s43,0.2896111235220132,0.1291848573406179,0.6861823,0.2409966321185112,0.2554966090740219,0.1548558049112412,0.193217047397123,0.5146023910825885,0.5551051916739212
S-PROBE:R3:high,probe_r3__P27H__s43,0.1933607151719699,0.1385372704341866,0.6253927,0.0890834826323148,0.2822347529639477,0.0904100298935566,0.2860131536666338,0.7600885868444769,0.7598181147121084
S-PROBE:R1:high,probe__P27H__live_concert_4__s44,0.2800830724284108,0.1352535659196395,0.6787913,0.0824296929337401,0.3139968479729007,0.2315818488120391,0.1934080881480095,0.7920681780154765,0.4550886299366447
S-PROBE:R2:high,probe_r2__P27H__s44,0.2596287511105279,0.1555599324145078,0.64615226,0.0913835425060353,0.29929791756982,0.2242279072986061,0.1785053250673949,0.7660919397396228,0.44323465441056664
S-PROBE:R3:high,probe_r3__P27H__s44,0.219446489437248,0.1492631474486326,0.6069431,0.1159508337785863,0.2109699798241116,0.0901384748211545,0.2125594314410348,0.6453244059293831,0.7022163914702508
S-PROBE:R1:high,probe__P28H__animalization_0__s42,0.1885963323912464,0.1731246151882201,0.50213325,0.158257519369315,0.2047439520566515,0.1406628592809682,0.3355564834737704,0.5640306394692085,0.7046259010243269
S-PROBE:R2:high,probe_r2__P28H__s42,0.1747888815462592,0.1935994057347679,0.5251244,0.1370438768620379,0.2342013222479289,0.193211613734112,0.3639538906673748,0.6308534704540542,0.6532240201380343
S-PROBE:R3:high,probe_r3__P28H__s42,0.1287221753440638,0.3382220005368495,0.47302806,0.0439866422705472,0.4616413633153977,0.0351066146937904,0.4379617799621544,0.9130059217752912,0.9257895579362835
S-PROBE:R1:high,probe__P28H__animalization_0__s43,0.1892745439203439,0.2008046656502025,0.5416227,0.1070894877786448,0.3002445154582969,0.0769522371213376,0.3893527368563652,0.7370966162224566,0.8349744450184287
S-PROBE:R2:high,probe_r2__P28H__s43,0.2461771075885403,0.1104149228691174,0.5827505,0.1762491989919186,0.1700612257532118,0.1046599991652843,0.3448980637235346,0.49106585768640826,0.7671935889821467
S-PROBE:R3:high,probe_r3__P28H__s43,0.1518215680369871,0.3390548448319418,0.5480521,0.0279343918147252,0.4821450294089707,0.0358549108782843,0.4867848324912883,0.9452352111212216,0.9313965090999013
S-PROBE:R1:high,probe__P28H__animalization_0__s44,0.190625241986817,0.1604155979399825,0.5559267,0.1044122794754739,0.2732940203875842,0.1681478209907375,0.3088221719301226,0.7235622505811267,0.6474666677435262
S-PROBE:R2:high,probe_r2__P28H__s44,0.1918860370059072,0.154987628285983,0.58863837,0.0924996837580543,0.2614295438292209,0.1652919291881863,0.3174171547303676,0.7386492085193929,0.657574438321373
S-PROBE:R3:high,probe_r3__P28H__s44,0.1661928805310978,0.2765322190671795,0.5614059,0.0610971443840866,0.3999463541733548,0.0611188912309741,0.3996933459956353,0.8674807375545834,0.8673670395586344
S-PROBE:R1:high,probe__P29H__shadow_3__s42,0.2649344575038745,0.1130985074816445,0.4886962,0.2776246602437673,0.1505232159489319,0.1392893129087174,0.1697670032754659,0.35156828824530933,0.5493076646079371
S-PROBE:R2:high,probe_r2__P29H__s42,0.2408548844328185,0.1743710180497311,0.44796708,0.2656626012736072,0.1971809541013442,0.2147066194088996,0.2001546297122228,0.42602074029443304,0.4824616185200413
S-PROBE:R3:high,probe_r3__P29H__s42,0.1287430140245143,0.2508085675521516,0.40965578,0.0654340681017471,0.2767631131587477,0.0632294115318853,0.2855557772315366,0.8087825625543772,0.8187153194318314
S-PROBE:R1:high,probe__P29H__shadow_3__s43,0.2945683882762369,0.0449490527556456,0.6005102,0.2049325713496204,0.1028872662376485,0.0756269433345199,0.2427360098575073,0.3342450799925437,0.7624505534445651
S-PROBE:R2:high,probe_r2__P29H__s43,0.2872910288965341,0.0924682683093105,0.64053106,0.1749249275664868,0.2056252416037191,0.0452578596958918,0.3323686290828697,0.540336749953593,0.8801517874388127
S-PROBE:R3:high,probe_r3__P29H__s43,0.2552904255299868,0.1492065381581037,0.6504252,0.0859240426270324,0.3153092030296818,0.0289538947857715,0.3665875791822416,0.7858501418884242,0.926799345476189
S-PROBE:R1:high,probe__P29H__shadow_3__s44,0.2236381582093704,0.0708944889533664,0.5327594,0.1588783682167607,0.1441738307816785,0.1419111677970292,0.1713902952387612,0.47573926623255103,0.5470459460292472
S-PROBE:R2:high,probe_r2__P29H__s44,0.1875244393776349,0.1014524533859906,0.48307794,0.160766158177471,0.1394729412631444,0.0321133585965866,0.2393535679377422,0.46453956704173666,0.8817043423795287
S-PROBE:R3:high,probe_r3__P29H__s44,0.1516873848268558,0.1278359212059197,0.52728003,0.0466476051009866,0.2353994995033074,0.054052967903527,0.2273598052496133,0.8346105868860729,0.8079228341418879
S-PROBE:R1:high,probe__P30H__gas_transformation_1__s42,0.1831658514493923,0.1113477936069773,0.3741716,0.1412557951894682,0.1562033904907719,0.0924166948621131,0.2067874932330309,0.5251254558959425,0.6911249957747065
S-PROBE:R2:high,probe_r2__P30H__s42,0.1836857463444959,0.1121003952821421,0.43327415,0.1346644947161533,0.2271620493736676,0.0908760085990376,0.2753734356183839,0.6278202997657248,0.7518740027217907
S-PROBE:R3:high,probe_r3__P30H__s42,0.1210388568496284,0.212230946979606,0.45386842,0.0755932469439888,0.335634147621844,0.0739636271068208,0.3335870440896594,0.816176529231962,0.818516733417026
S-PROBE:R1:high,probe__P30H__gas_transformation_1__s43,0.2267199620530808,0.0708071710093922,0.47351146,0.1691342127197513,0.1451921087786503,0.1443703809608981,0.2024153234390302,0.46191520992106494,0.5836899297486499
S-PROBE:R2:high,probe_r2__P30H__s43,0.2450883070443419,0.06180578454638,0.55767,0.1573690936967613,0.2105372978564711,0.1063568418889657,0.3160032142741186,0.5722577880955582,0.748184421474036
S-PROBE:R3:high,probe_r3__P30H__s43,0.2300569655786229,0.1512594630752345,0.5773603,0.0589647234888592,0.3194859334443919,0.0178690213914941,0.368827850335967,0.8441944216277076,0.9537906233591464
S-PROBE:R1:high,probe__P30H__gas_transformation_1__s44,0.1951114109839346,0.1134308075067701,0.46148178,0.1472121391443029,0.1652898718537284,0.1296453872034729,0.1691151596451622,0.5289241862023399,0.5660558645678313
S-PROBE:R2:high,probe_r2__P30H__s44,0.2117743943261115,0.0721595866924727,0.4949276,0.1606036749256185,0.1743568341898946,0.1200536085370357,0.1905784268782181,0.5205295234662024,0.6135182632514136
S-PROBE:R3:high,probe_r3__P30H__s44,0.1973642323032936,0.1210394322666995,0.51942,0.0433095708844038,0.2800391207091471,0.0321473354498166,0.2914342641904017,0.8660592357094059,0.9006515343098608
S-PROBE:R3:inplace,probe_r3__P01L__s42,0.2182368559339505,0.0606390419337497,0.5679886,0.131219049129555,0.1527121067685369,0.2205867102106746,0.0994163563830918,0.5378490651563017,0.3106731364837127
S-PROBE:R3:inplace,probe_r3__P01L__s43,0.2457871522102701,0.0741292568026845,0.55469054,0.2549850322637881,0.1120031667580382,0.2142852536739997,0.2639743491770877,0.3051955541256434,0.55194782834142
S-PROBE:R3:inplace,probe_r3__P01L__s44,0.2109038856919187,0.1612935965880663,0.61936647,0.0764773687958437,0.344641871653917,0.1402126326068277,0.2530765531296695,0.8183949783102645,0.6434871903628445
S-PROBE:R3:inplace,probe_r3__P06L__s42,0.2434244585779497,0.1229173866473795,0.59303546,0.1147812261380798,0.1609827738893308,0.0717975700737925,0.2574103852964144,0.583770085556234,0.781908155916058
S-PROBE:R3:inplace,probe_r3__P06L__s43,0.3860758214631629,0.1785545583183544,0.7987276,0.2896029457548698,0.0825258495036583,0.2100646693717626,0.1089242138743358,0.22176690047951095,0.3414671156119923
S-PROBE:R3:inplace,probe_r3__P06L__s44,0.2508551655767736,0.1894562431959499,0.67056763,0.1035818833795411,0.2919630229834075,0.1283172289004016,0.2410069070452027,0.7381286379542067,0.6525620277378764
S-PROBE:R3:inplace,probe_r3__P09L__s42,0.1721892588813456,0.3286619195015767,0.5743312,0.1338459484930541,0.3695378345111144,0.3257965728364829,0.1468246170495545,0.7341075477357089,0.3106602500936493
S-PROBE:R3:inplace,probe_r3__P09L__s43,0.2754160288438403,0.2382106085410343,0.72713417,0.1671444671226496,0.3189105459862765,0.1023204409788795,0.4136705248415459,0.6561202690749902,0.8017010999093946
S-PROBE:R3:inplace,probe_r3__P09L__s44,0.1549108769900202,0.3476936741538895,0.5766157,0.1066403360339548,0.4106189229772715,0.0768622474070834,0.4632578605884224,0.7938358102321754,0.8576941567823967
S-PROBE:R3:inplace,probe_r3__P10L__s42,0.26363010873886,0.0854644872092018,0.5630325,0.1502157272397547,0.1610662679826744,0.1796479668697795,0.120704727443315,0.5174287959301442,0.4018766261423633
S-PROBE:R3:inplace,probe_r3__P10L__s43,0.2581492791516474,0.1701908091593365,0.57966506,0.2266741212437685,0.1541825310704679,0.2084772013758114,0.0903402782681268,0.40483087306889237,0.3023259495253541
S-PROBE:R3:inplace,probe_r3__P10L__s44,0.2821053519209198,0.0472578683684703,0.60848194,0.1844186323510827,0.1043217903247347,0.227684042956161,0.0853835564810688,0.36129956920462686,0.27273201262140906
S-PROBE:R3:inplace,probe_r3__P11L__s42,0.1760630646648434,0.122392387360582,0.47698897,0.1223369182658375,0.1929108059181918,0.0984948512965001,0.1755972458437982,0.6119340160742224,0.6406505246808193
S-PROBE:R3:inplace,probe_r3__P11L__s43,0.2307271691453448,0.0856053154895796,0.570615,0.1197596047185378,0.1909706801967305,0.1554323965327952,0.165931639674971,0.6145866349937711,0.5163354357663529
S-PROBE:R3:inplace,probe_r3__P11L__s44,0.1387046802950319,0.1863646217728717,0.5307584,0.0479018842326285,0.2675688995213088,0.1394993316973069,0.1912559600587447,0.8481574627525849,0.5782400609324353
S-PROBE:R3:inplace,probe_r3__P14L__s42,0.1862473450902554,0.1391587995917395,0.5193714,0.1759686519566443,0.1739862014511644,0.2646611163857822,0.0915549051062989,0.49716756249245425,0.25702073905267686
S-PROBE:R3:inplace,probe_r3__P14L__s43,0.1471208663614197,0.2689175818493005,0.54409844,0.0373374653538571,0.3669829262741828,0.1511010599347864,0.2535394001550086,0.9076537663521898,0.6265794579680561
S-PROBE:R3:inplace,probe_r3__P14L__s44,0.2532356276738899,0.0752028055821843,0.6026676,0.1548712886110101,0.1942711078786888,0.2273916741568281,0.1235903184503019,0.5564237108752863,0.3521272345975941
S-PROBE:R3:inplace,probe_r3__P17L__s42,0.2345457091948146,0.0748239538679675,0.6542304,0.1546692061076282,0.1490152137863745,0.1042692279470826,0.2109563834878619,0.4906910069287928,0.6692234889403921
S-PROBE:R3:inplace,probe_r3__P17L__s43,0.2318307153619841,0.0761807463403402,0.5745761,0.2043594926040796,0.1029721395715938,0.0967363248172036,0.2221854146721416,0.3350522002653279,0.696676918380989
S-PROBE:R3:inplace,probe_r3__P17L__s44,0.222481490918965,0.1157442764695386,0.6219938,0.074350241849352,0.2390392432416776,0.1177707480119096,0.2422504584877223,0.7627545103252088,0.672878303039546
S-PROBE:R3:inplace,probe_r3__P19L__s42,0.2046154784550405,0.0655667100372418,0.5750685,0.1770392556063245,0.1565364501848895,0.1915331575384577,0.1646561119227088,0.4692681375389673,0.4622713990564514
S-PROBE:R3:inplace,probe_r3__P19L__s43,0.2414420153077389,0.0975319160523861,0.5940764,0.1208689518012943,0.1828252122775576,0.1486003575308463,0.1523119761732047,0.6020043645951932,0.506167275692343
S-PROBE:R3:inplace,probe_r3__P19L__s44,0.2165835897059572,0.2077321220787948,0.601477,0.1371870317908493,0.2593046765009075,0.126131872406447,0.2643754975350454,0.6539977282705222,0.6770051422452165
S-PROBE:R3:inplace,probe_r3__P23L__s42,0.1504415495090215,0.1752610642974729,0.5288145,0.0528189000223765,0.259713081447091,0.1410210560739868,0.1667520464138814,0.8309968158329532,0.5418018828349512
S-PROBE:R3:inplace,probe_r3__P23L__s43,0.1993491504640827,0.1213474806935664,0.50743115,0.1825117529026715,0.2141164446973133,0.1559452311397313,0.1289459046413305,0.5398417106825526,0.4526146602905369
S-PROBE:R3:inplace,probe_r3__P23L__s44,0.1828128054413135,0.0973341272432539,0.51245284,0.115023442431801,0.1852515854802602,0.187224901309512,0.0762044821443337,0.616939699476152,0.28927859582408794
S-PROBE:R3:inplace,probe_r3__P28L__s42,0.1978732958263813,0.1817435121619382,0.44032183,0.1709140085893823,0.2067778130550369,0.1574117091336726,0.2959075422254391,0.5474776026516917,0.6527575022200551
S-PROBE:R3:inplace,probe_r3__P28L__s43,0.1293697618586644,0.3394432419892134,0.44208646,0.0470883482836355,0.4051178244131209,0.2848403372814712,0.1639565436421458,0.8958697356941823,0.3653246058767739
S-PROBE:R3:inplace,probe_r3__P28L__s44,0.0930013520757941,0.2330690546820484,0.39879772,0.0362956412071856,0.3011794667678579,0.0867927709225009,0.2451901805686075,0.8924494270852424,0.7385625661418174
S-SWEEP:A_empty,sweep__class1__blackswan__mallard-water__A_empty__s42,0.2999643404249044,0.2499392320825224,0.6658585,0.1228116961265378,0.1846284625482042,0.1069783154838999,0.2543694948271432,0.6005346319884414,0.7039464127600096
S-SWEEP:A_word,sweep__class1__blackswan__mallard-water__A_word__s42,0.2901370417588598,0.2550658981147047,0.6531151,0.1212232034813832,0.2051222706938637,0.092105267360664,0.2790924927851224,0.6285433288519069,0.751870088535852
S-SWEEP:A_empty,sweep__class2__mallard-fly__mallard-water__A_empty__s42,0.2773870933644644,0.2855633636040336,0.6624195,0.1658146493355476,0.2219757622132233,0.2010917184108585,0.2274485261824541,0.5724116832251956,0.5307518466516585
S-SWEEP:A_word,sweep__class2__mallard-fly__mallard-water__A_word__s42,0.277407238272339,0.2842670549390806,0.6563559,0.1695378861762544,0.2183884695538326,0.1896700051317115,0.2268484135371375,0.5629637335231324,0.5446299692151003
S-SWEEP:A_empty,sweep__class2__motocross-bumps__motocross-jump__A_empty__s42,0.2881605972205655,0.3213630694844949,0.7089731,0.1847731224491059,0.3555099588899346,0.2905608974036256,0.3291445071764023,0.6580068322865799,0.5311306061619107
S-SWEEP:A_word,sweep__class2__motocross-bumps__motocross-jump__A_word__s42,0.2869678443664371,0.3224678597049745,0.71172553,0.2027450127874551,0.341431324584273,0.3074931935196459,0.3044231781817678,0.6274277309324467,0.49749147475059213
S-SWEEP:A_empty,sweep__class2__paragliding-launch__paragliding__A_empty__s42,0.2994442695217301,0.2604422354608053,0.6787523,0.2213254712499479,0.0791237384307714,0.2171141416928914,0.2349251346321028,0.26335146134967186,0.5197007139335457
S-SWEEP:A_word,sweep__class2__paragliding-launch__paragliding__A_word__s42,0.2878779370712642,0.2596914036936092,0.6655389,0.1954760475922825,0.0914592450476253,0.2783083955862944,0.1376081873738947,0.31874519236085386,0.33085525562481927
S-SWEEP:A_empty,sweep__class5__breakdance-flare__breakdance__A_empty__s42,0.2035241562453068,0.3284797656120835,0.59982455,0.1378253931670549,0.4139130714878054,0.1155793335494349,0.4606439158245886,0.7501979615409423,0.7994191770724389
S-SWEEP:A_word,sweep__class5__breakdance-flare__breakdance__A_word__s42,0.222198684454576,0.3095994458025766,0.61203575,0.1375736594755509,0.4095302231961061,0.0906209672711504,0.4967317030154366,0.7485419792604262,0.8457128538686414
S-SWEEP:A_empty,sweep__class5__car-roundabout__bus__A_empty__s42,0.275468654098678,0.2081992757991616,0.65155196,0.2825880597804189,0.1410413512192491,0.2634514689310835,0.0862504366188942,0.332935692275057,0.24663988171081813
S-SWEEP:A_word,sweep__class5__car-roundabout__bus__A_word__s42,0.2781217300211208,0.215027804493591,0.65401226,0.2188932532107494,0.1919330335049948,0.2477084974900005,0.1205760083862791,0.4671878107882509,0.32739907995690987
S-SWEEP:A_empty,sweep__class5__car-turn__car-shadow__A_empty__s42,0.3871343339747977,0.1954095092030927,0.79743606,0.1669172129457008,0.0996233495508267,0.3009711144535106,0.1290529335910542,0.3737643104588428,0.3001063177231428
S-SWEEP:A_word,sweep__class5__car-turn__car-shadow__A_word__s42,0.3854631037795175,0.1956350991516944,0.79767513,0.1550125784950028,0.1098770662673963,0.2880511929417317,0.1403295562768831,0.4148031772474682,0.3275813783248905
S-SWEEP:A_empty,sweep__class5__lucia__hike__A_empty__s42,0.2846254016714496,0.2405422446443953,0.6536016,0.1709422401982894,0.1437818695806308,0.0896758910640096,0.2401099302830893,0.45685050847115344,0.7280783913095346
S-SWEEP:A_word,sweep__class5__lucia__hike__A_word__s42,0.2592418097401113,0.2613281312048271,0.63643116,0.1762871125428152,0.149968089609129,0.1153790324419204,0.2158417277812519,0.45966497582247157,0.6516551910448503
S-SWEEP:A_empty,sweep__class6__longboard__kite-surf__A_empty__s42,0.3801126178719266,0.1822805325352723,0.67421216,0.2467736176226484,0.2033579545796823,0.097209522973083,0.2062109634683173,0.4517744747046414,0.6796210957500488
S-SWEEP:A_word,sweep__class6__longboard__kite-surf__A_word__s42,0.3392140948139889,0.2183040415854386,0.6862221,0.2751515850040031,0.1804423502456426,0.0907329323006893,0.229123554491832,0.3960595966817864,0.7163323676485439
S-SWEEP:A_empty,sweep__class8__blackswan__boat__A_empty__s42,0.2261447580326423,0.2750514421026042,0.6478705,0.126456387795002,0.2731448891838189,0.0911568778634388,0.3244420768529938,0.6835435843672134,0.7806614361539094
S-SWEEP:A_word,sweep__class8__blackswan__boat__A_word__s42,0.2222410817511284,0.2704036138773181,0.6476498,0.1152555690570635,0.2687894020997231,0.0738504020963937,0.3296647092062178,0.6998904354615013,0.8169823136040859
