space,stratum,tier,ref,default,descriptor,null,n_units,ref_med,def_med,null_med,ref_minus_def,def_minus_null,correct_dir,brief_criterion,paired_frac_correct,headroom_ratio,verdict
PIX,S-GRID,,GT,NULLGEN,DR,LERP,19,0.6044,0.2394,0.0,0.365,0.2394,True,True,1.0,1.524,RIGHT
PIX,S-GRID,,GT,NULLGEN,DR,CUT50,19,0.6044,0.2394,0.0,0.365,0.2394,True,True,1.0,1.524,RIGHT
PIX,S-GRID,,GT,NULLGEN,DR,FREEZE,19,0.6044,0.2394,0.0,0.365,0.2394,True,True,1.0,1.524,RIGHT
PIX,S-GRID,,GT,NULLGEN,M,LERP,19,0.4038,0.0481,0.5,0.3558,-0.4519,False,False,0.053,0.787,WRONG
PIX,S-GRID,,GT,NULLGEN,M,CUT50,19,0.4038,0.0481,0.0,0.3558,0.0481,True,True,0.895,7.4,RIGHT
PIX,S-GRID,,GT,NULLGEN,M,FREEZE,19,0.4038,0.0481,0.0,0.3558,0.0481,True,True,0.895,7.4,RIGHT
PIX,S-GRID,,GT,NULLGEN,cross,LERP,19,0.4519,0.4038,0.5,0.0481,-0.0962,False,False,0.368,0.5,WRONG
PIX,S-GRID,,GT,NULLGEN,cross,CUT50,19,0.4519,0.4038,0.5,0.0481,-0.0962,False,False,0.368,0.5,WRONG
PIX,S-GRID,,GT,NULLGEN,cross,FREEZE,19,0.4519,0.4038,1.0,0.0481,-0.5962,False,False,0.368,0.081,WRONG
PIX,S-GRID,,GT,NULLGEN,nu_max,LERP,19,1.0627,0.7831,0.4952,0.2796,0.2879,True,True,0.895,0.971,RIGHT
PIX,S-GRID,,GT,NULLGEN,nu_max,CUT50,19,1.0627,0.7831,0.0,0.2796,0.7831,True,True,0.895,0.357,RIGHT
PIX,S-GRID,,GT,NULLGEN,nu_max,FREEZE,19,1.0627,0.7831,0.0,0.2796,0.7831,True,True,0.895,0.357,RIGHT
PIX,S-GRID,,GT,NULLGEN,path_over_gap,LERP,19,22.1282,7.5933,1.0,14.5349,6.5933,True,True,0.947,2.205,RIGHT
PIX,S-GRID,,GT,NULLGEN,path_over_gap,CUT50,19,22.1282,7.5933,1.0,14.5349,6.5933,True,True,0.947,2.205,RIGHT
PIX,S-GRID,,GT,NULLGEN,path_over_gap,FREEZE,19,22.1282,7.5933,1.0,14.5349,6.5933,True,True,0.947,2.205,RIGHT
PIX,S-GRID,,GT,NULLGEN,step_share,LERP,19,0.0248,0.0808,0.0095,-0.056,0.0713,False,False,0.053,0.786,WRONG
PIX,S-GRID,,GT,NULLGEN,step_share,CUT50,19,0.0248,0.0808,1.0,-0.056,-0.9192,True,True,0.947,0.061,RIGHT
PIX,S-GRID,,GT,NULLGEN,step_share,FREEZE,19,0.0248,0.0808,1.0,-0.056,-0.9192,True,True,0.947,0.061,RIGHT
PIX,S-PROBE,high,R1,R3,DR,LERP,90,0.3671,0.2063,0.0,0.1608,0.2063,True,True,0.867,0.779,RIGHT
PIX,S-PROBE,high,R1,R3,DR,CUT50,90,0.3671,0.2063,0.0,0.1608,0.2063,True,True,0.867,0.779,RIGHT
PIX,S-PROBE,high,R1,R3,DR,FREEZE,90,0.3671,0.2063,0.0,0.1608,0.2063,True,True,0.867,0.779,RIGHT
PIX,S-PROBE,high,R1,R3,M,LERP,90,0.2252,0.0577,0.5,0.1675,-0.4423,False,False,0.089,0.379,WRONG
PIX,S-PROBE,high,R1,R3,M,CUT50,90,0.2252,0.0577,0.0,0.1675,0.0577,True,True,0.811,2.904,RIGHT
PIX,S-PROBE,high,R1,R3,M,FREEZE,90,0.2252,0.0577,0.0,0.1675,0.0577,True,True,0.811,2.904,RIGHT
PIX,S-PROBE,high,R1,R3,cross,LERP,90,0.3378,0.2788,0.5,0.059,-0.2212,False,False,0.389,0.267,WRONG
PIX,S-PROBE,high,R1,R3,cross,CUT50,90,0.3378,0.2788,0.5,0.059,-0.2212,False,False,0.389,0.267,WRONG
PIX,S-PROBE,high,R1,R3,cross,FREEZE,90,0.3378,0.2788,1.0,0.059,-0.7212,False,False,0.433,0.082,WRONG
PIX,S-PROBE,high,R1,R3,nu_max,LERP,90,0.8191,0.7128,0.4952,0.1063,0.2176,True,True,0.633,0.489,RIGHT
PIX,S-PROBE,high,R1,R3,nu_max,CUT50,90,0.8191,0.7128,0.0,0.1063,0.7128,True,True,0.733,0.149,RIGHT
PIX,S-PROBE,high,R1,R3,nu_max,FREEZE,90,0.8191,0.7128,0.0,0.1063,0.7128,True,True,0.733,0.149,RIGHT
PIX,S-PROBE,high,R1,R3,path_over_gap,LERP,90,9.4746,5.0354,1.0,4.4392,4.0354,True,True,0.833,1.1,RIGHT
PIX,S-PROBE,high,R1,R3,path_over_gap,CUT50,90,9.4746,5.0354,1.0,4.4392,4.0354,True,True,0.833,1.1,RIGHT
PIX,S-PROBE,high,R1,R3,path_over_gap,FREEZE,90,9.4746,5.0354,1.0,4.4392,4.0354,True,True,0.833,1.1,RIGHT
PIX,S-PROBE,high,R1,R3,step_share,LERP,90,0.0284,0.0863,0.0095,-0.0579,0.0768,False,False,0.067,0.754,WRONG
PIX,S-PROBE,high,R1,R3,step_share,CUT50,90,0.0284,0.0863,1.0,-0.0579,-0.9137,True,True,0.933,0.063,RIGHT
PIX,S-PROBE,high,R1,R3,step_share,FREEZE,90,0.0284,0.0863,1.0,-0.0579,-0.9137,True,True,0.933,0.063,RIGHT
PIX,S-PROBE,high,R2,R3,DR,LERP,90,0.3344,0.2063,0.0,0.1281,0.2063,True,True,0.878,0.621,RIGHT
PIX,S-PROBE,high,R2,R3,DR,CUT50,90,0.3344,0.2063,0.0,0.1281,0.2063,True,True,0.878,0.621,RIGHT
PIX,S-PROBE,high,R2,R3,DR,FREEZE,90,0.3344,0.2063,0.0,0.1281,0.2063,True,True,0.878,0.621,RIGHT
PIX,S-PROBE,high,R2,R3,M,LERP,90,0.2115,0.0577,0.5,0.1538,-0.4423,False,False,0.111,0.348,WRONG
PIX,S-PROBE,high,R2,R3,M,CUT50,90,0.2115,0.0577,0.0,0.1538,0.0577,True,True,0.756,2.667,RIGHT
PIX,S-PROBE,high,R2,R3,M,FREEZE,90,0.2115,0.0577,0.0,0.1538,0.0577,True,True,0.756,2.667,RIGHT
PIX,S-PROBE,high,R2,R3,cross,LERP,90,0.2981,0.2788,0.5,0.0192,-0.2212,False,False,0.411,0.087,no-gap(|ref-def|<0.02)
PIX,S-PROBE,high,R2,R3,cross,CUT50,90,0.2981,0.2788,0.5,0.0192,-0.2212,False,False,0.411,0.087,no-gap(|ref-def|<0.02)
PIX,S-PROBE,high,R2,R3,cross,FREEZE,90,0.2981,0.2788,1.0,0.0192,-0.7212,False,False,0.433,0.027,no-gap(|ref-def|<0.02)
PIX,S-PROBE,high,R2,R3,nu_max,LERP,90,0.8277,0.7128,0.4952,0.1149,0.2176,True,True,0.6,0.528,RIGHT
PIX,S-PROBE,high,R2,R3,nu_max,CUT50,90,0.8277,0.7128,0.0,0.1149,0.7128,True,True,0.7,0.161,RIGHT
PIX,S-PROBE,high,R2,R3,nu_max,FREEZE,90,0.8277,0.7128,0.0,0.1149,0.7128,True,True,0.7,0.161,RIGHT
PIX,S-PROBE,high,R2,R3,path_over_gap,LERP,90,9.2961,5.0354,1.0,4.2607,4.0354,True,True,0.856,1.056,RIGHT
PIX,S-PROBE,high,R2,R3,path_over_gap,CUT50,90,9.2961,5.0354,1.0,4.2607,4.0354,True,True,0.856,1.056,RIGHT
PIX,S-PROBE,high,R2,R3,path_over_gap,FREEZE,90,9.2961,5.0354,1.0,4.2607,4.0354,True,True,0.856,1.056,RIGHT
PIX,S-PROBE,high,R2,R3,step_share,LERP,90,0.0317,0.0863,0.0095,-0.0546,0.0768,False,False,0.089,0.711,WRONG
PIX,S-PROBE,high,R2,R3,step_share,CUT50,90,0.0317,0.0863,1.0,-0.0546,-0.9137,True,True,0.911,0.06,RIGHT
PIX,S-PROBE,high,R2,R3,step_share,FREEZE,90,0.0317,0.0863,1.0,-0.0546,-0.9137,True,True,0.911,0.06,RIGHT
PIX,S-PROBE,inplace,R1,R3,DR,LERP,30,0.2781,0.2859,0.0,-0.0077,0.2859,False,False,0.733,0.027,no-gap(|ref-def|<0.02)
PIX,S-PROBE,inplace,R1,R3,DR,CUT50,30,0.2781,0.2859,0.0,-0.0077,0.2859,False,False,0.733,0.027,no-gap(|ref-def|<0.02)
PIX,S-PROBE,inplace,R1,R3,DR,FREEZE,30,0.2781,0.2859,0.0,-0.0077,0.2859,False,False,0.733,0.027,no-gap(|ref-def|<0.02)
PIX,S-PROBE,inplace,R1,R3,M,LERP,30,0.2387,0.1827,0.5,0.056,-0.3173,False,False,0.333,0.177,WRONG
PIX,S-PROBE,inplace,R1,R3,M,CUT50,30,0.2387,0.1827,0.0,0.056,0.1827,True,True,0.667,0.307,RIGHT
PIX,S-PROBE,inplace,R1,R3,M,FREEZE,30,0.2387,0.1827,0.0,0.056,0.1827,True,True,0.667,0.307,RIGHT
PIX,S-PROBE,inplace,R1,R3,cross,LERP,30,0.3333,0.351,0.5,-0.0176,-0.149,True,True,0.367,0.118,no-gap(|ref-def|<0.02)
PIX,S-PROBE,inplace,R1,R3,cross,CUT50,30,0.3333,0.351,0.5,-0.0176,-0.149,True,True,0.367,0.118,no-gap(|ref-def|<0.02)
PIX,S-PROBE,inplace,R1,R3,cross,FREEZE,30,0.3333,0.351,1.0,-0.0176,-0.649,True,True,0.567,0.027,no-gap(|ref-def|<0.02)
PIX,S-PROBE,inplace,R1,R3,nu_max,LERP,30,0.7181,0.7496,0.4952,-0.0315,0.2544,False,False,0.5,0.124,WRONG
PIX,S-PROBE,inplace,R1,R3,nu_max,CUT50,30,0.7181,0.7496,0.0,-0.0315,0.7496,False,False,0.5,0.042,WRONG
PIX,S-PROBE,inplace,R1,R3,nu_max,FREEZE,30,0.7181,0.7496,0.0,-0.0315,0.7496,False,False,0.5,0.042,WRONG
PIX,S-PROBE,inplace,R1,R3,path_over_gap,LERP,30,5.3573,4.9086,1.0,0.4488,3.9086,True,True,0.6,0.115,RIGHT
PIX,S-PROBE,inplace,R1,R3,path_over_gap,CUT50,30,5.3573,4.9086,1.0,0.4488,3.9086,True,True,0.6,0.115,RIGHT
PIX,S-PROBE,inplace,R1,R3,path_over_gap,FREEZE,30,5.3573,4.9086,1.0,0.4488,3.9086,True,True,0.6,0.115,RIGHT
PIX,S-PROBE,inplace,R1,R3,step_share,LERP,30,0.0321,0.0482,0.0095,-0.0161,0.0386,False,False,0.3,0.417,no-gap(|ref-def|<0.02)
PIX,S-PROBE,inplace,R1,R3,step_share,CUT50,30,0.0321,0.0482,1.0,-0.0161,-0.9518,True,True,0.7,0.017,no-gap(|ref-def|<0.02)
PIX,S-PROBE,inplace,R1,R3,step_share,FREEZE,30,0.0321,0.0482,1.0,-0.0161,-0.9518,True,True,0.7,0.017,no-gap(|ref-def|<0.02)
PIX,S-PROBE,inplace,R2,R3,DR,LERP,30,0.2914,0.2859,0.0,0.0055,0.2859,True,True,0.767,0.019,no-gap(|ref-def|<0.02)
PIX,S-PROBE,inplace,R2,R3,DR,CUT50,30,0.2914,0.2859,0.0,0.0055,0.2859,True,True,0.767,0.019,no-gap(|ref-def|<0.02)
PIX,S-PROBE,inplace,R2,R3,DR,FREEZE,30,0.2914,0.2859,0.0,0.0055,0.2859,True,True,0.767,0.019,no-gap(|ref-def|<0.02)
PIX,S-PROBE,inplace,R2,R3,M,LERP,30,0.2067,0.1827,0.5,0.024,-0.3173,False,False,0.333,0.076,WRONG
PIX,S-PROBE,inplace,R2,R3,M,CUT50,30,0.2067,0.1827,0.0,0.024,0.1827,True,True,0.6,0.132,RIGHT
PIX,S-PROBE,inplace,R2,R3,M,FREEZE,30,0.2067,0.1827,0.0,0.024,0.1827,True,True,0.6,0.132,RIGHT
PIX,S-PROBE,inplace,R2,R3,cross,LERP,30,0.3606,0.351,0.5,0.0096,-0.149,False,False,0.267,0.065,no-gap(|ref-def|<0.02)
PIX,S-PROBE,inplace,R2,R3,cross,CUT50,30,0.3606,0.351,0.5,0.0096,-0.149,False,False,0.267,0.065,no-gap(|ref-def|<0.02)
PIX,S-PROBE,inplace,R2,R3,cross,FREEZE,30,0.3606,0.351,1.0,0.0096,-0.649,False,False,0.433,0.015,no-gap(|ref-def|<0.02)
PIX,S-PROBE,inplace,R2,R3,nu_max,LERP,30,0.7059,0.7496,0.4952,-0.0437,0.2544,False,False,0.533,0.172,WRONG
PIX,S-PROBE,inplace,R2,R3,nu_max,CUT50,30,0.7059,0.7496,0.0,-0.0437,0.7496,False,False,0.533,0.058,WRONG
PIX,S-PROBE,inplace,R2,R3,nu_max,FREEZE,30,0.7059,0.7496,0.0,-0.0437,0.7496,False,False,0.533,0.058,WRONG
PIX,S-PROBE,inplace,R2,R3,path_over_gap,LERP,30,4.8773,4.9086,1.0,-0.0313,3.9086,False,False,0.533,0.008,WRONG
PIX,S-PROBE,inplace,R2,R3,path_over_gap,CUT50,30,4.8773,4.9086,1.0,-0.0313,3.9086,False,False,0.533,0.008,WRONG
PIX,S-PROBE,inplace,R2,R3,path_over_gap,FREEZE,30,4.8773,4.9086,1.0,-0.0313,3.9086,False,False,0.533,0.008,WRONG
PIX,S-PROBE,inplace,R2,R3,step_share,LERP,30,0.0479,0.0482,0.0095,-0.0003,0.0386,False,False,0.333,0.007,no-gap(|ref-def|<0.02)
PIX,S-PROBE,inplace,R2,R3,step_share,CUT50,30,0.0479,0.0482,1.0,-0.0003,-0.9518,True,True,0.667,0.0,no-gap(|ref-def|<0.02)
PIX,S-PROBE,inplace,R2,R3,step_share,FREEZE,30,0.0479,0.0482,1.0,-0.0003,-0.9518,True,True,0.667,0.0,no-gap(|ref-def|<0.02)
DINO,S-GRID,,GT,NULLGEN,DR,LERP,19,0.5108,0.2687,0.4538,0.2421,-0.1852,False,True,0.0,1.307,WRONG(N between default and ref)
DINO,S-GRID,,GT,NULLGEN,DR,CUT50,19,0.5108,0.2687,0.0,0.2421,0.2687,True,True,0.842,0.901,RIGHT
DINO,S-GRID,,GT,NULLGEN,DR,FREEZE,19,0.5108,0.2687,0.0,0.2421,0.2687,True,True,0.842,0.901,RIGHT
DINO,S-GRID,,GT,NULLGEN,DR,DINOLERP,19,0.5108,0.2687,0.0,0.2421,0.2687,True,True,0.842,0.901,RIGHT
DINO,S-GRID,,GT,NULLGEN,M,LERP,19,0.3558,0.0721,0.375,0.2837,-0.3029,False,False,0.053,0.937,WRONG
DINO,S-GRID,,GT,NULLGEN,M,CUT50,19,0.3558,0.0721,0.0,0.2837,0.0721,True,True,0.842,3.933,RIGHT
DINO,S-GRID,,GT,NULLGEN,M,FREEZE,19,0.3558,0.0721,0.0,0.2837,0.0721,True,True,0.842,3.933,RIGHT
DINO,S-GRID,,GT,NULLGEN,M,DINOLERP,19,0.3558,0.0721,0.5,0.2837,-0.4279,False,False,0.105,0.663,WRONG
DINO,S-GRID,,GT,NULLGEN,cross,LERP,19,0.4712,0.3942,0.5769,0.0769,-0.1827,False,False,0.316,0.421,WRONG
DINO,S-GRID,,GT,NULLGEN,cross,CUT50,19,0.4712,0.3942,0.5,0.0769,-0.1058,False,False,0.158,0.727,WRONG
DINO,S-GRID,,GT,NULLGEN,cross,FREEZE,19,0.4712,0.3942,1.0,0.0769,-0.6058,False,False,0.368,0.127,WRONG
DINO,S-GRID,,GT,NULLGEN,cross,DINOLERP,19,0.4712,0.3942,0.5,0.0769,-0.1058,False,False,0.158,0.727,WRONG
DINO,S-GRID,,GT,NULLGEN,nu_max,LERP,19,0.9739,0.913,0.7912,0.0609,0.1219,True,True,0.316,0.499,RIGHT
DINO,S-GRID,,GT,NULLGEN,nu_max,CUT50,19,0.9739,0.913,0.0,0.0609,0.913,True,True,0.684,0.067,RIGHT
DINO,S-GRID,,GT,NULLGEN,nu_max,FREEZE,19,0.9739,0.913,0.0,0.0609,0.913,True,True,0.684,0.067,RIGHT
DINO,S-GRID,,GT,NULLGEN,nu_max,DINOLERP,19,0.9739,0.913,0.4952,0.0609,0.4178,True,True,0.684,0.146,RIGHT
DINO,S-GRID,,GT,NULLGEN,path_over_gap,LERP,19,20.8387,13.6771,3.5384,7.1615,10.1388,True,True,0.842,0.706,RIGHT
DINO,S-GRID,,GT,NULLGEN,path_over_gap,CUT50,19,20.8387,13.6771,1.0,7.1615,12.6771,True,True,0.842,0.565,RIGHT
DINO,S-GRID,,GT,NULLGEN,path_over_gap,FREEZE,19,20.8387,13.6771,1.0,7.1615,12.6771,True,True,0.842,0.565,RIGHT
DINO,S-GRID,,GT,NULLGEN,path_over_gap,DINOLERP,19,20.8387,13.6771,1.0,7.1615,12.6771,True,True,0.842,0.565,RIGHT
DINO,S-GRID,,GT,NULLGEN,step_share,LERP,19,0.0266,0.0595,0.0252,-0.0329,0.0343,False,False,0.158,0.958,WRONG
DINO,S-GRID,,GT,NULLGEN,step_share,CUT50,19,0.0266,0.0595,1.0,-0.0329,-0.9405,True,True,0.895,0.035,RIGHT
DINO,S-GRID,,GT,NULLGEN,step_share,FREEZE,19,0.0266,0.0595,1.0,-0.0329,-0.9405,True,True,0.895,0.035,RIGHT
DINO,S-GRID,,GT,NULLGEN,step_share,DINOLERP,19,0.0266,0.0595,0.0095,-0.0329,0.05,False,False,0.105,0.658,WRONG
DINO,S-PROBE,high,R1,R3,DR,LERP,90,0.3,0.1813,0.382,0.1187,-0.2007,False,False,0.144,0.592,WRONG
DINO,S-PROBE,high,R1,R3,DR,CUT50,90,0.3,0.1813,0.0,0.1187,0.1813,True,True,0.833,0.655,RIGHT
DINO,S-PROBE,high,R1,R3,DR,FREEZE,90,0.3,0.1813,0.0,0.1187,0.1813,True,True,0.833,0.655,RIGHT
DINO,S-PROBE,high,R1,R3,DR,DINOLERP,90,0.3,0.1813,0.0,0.1187,0.1813,True,True,0.833,0.655,RIGHT
DINO,S-PROBE,high,R1,R3,M,LERP,90,0.2883,0.0481,0.2596,0.2402,-0.2115,False,True,0.067,1.136,WRONG(N between default and ref)
DINO,S-PROBE,high,R1,R3,M,CUT50,90,0.2883,0.0481,0.0,0.2402,0.0481,True,True,0.822,4.996,RIGHT
DINO,S-PROBE,high,R1,R3,M,FREEZE,90,0.2883,0.0481,0.0,0.2402,0.0481,True,True,0.822,4.996,RIGHT
DINO,S-PROBE,high,R1,R3,M,DINOLERP,90,0.2883,0.0481,0.5,0.2402,-0.4519,False,False,0.044,0.532,WRONG
DINO,S-PROBE,high,R1,R3,cross,LERP,90,0.3423,0.2837,0.4712,0.0587,-0.1875,False,False,0.278,0.313,WRONG
DINO,S-PROBE,high,R1,R3,cross,CUT50,90,0.3423,0.2837,0.5,0.0587,-0.2163,False,False,0.244,0.271,WRONG
DINO,S-PROBE,high,R1,R3,cross,FREEZE,90,0.3423,0.2837,1.0,0.0587,-0.7163,False,False,0.278,0.082,WRONG
DINO,S-PROBE,high,R1,R3,cross,DINOLERP,90,0.3423,0.2837,0.5,0.0587,-0.2163,False,False,0.244,0.271,WRONG
DINO,S-PROBE,high,R1,R3,nu_max,LERP,90,0.9751,0.8183,0.7821,0.1569,0.0361,True,True,0.478,4.343,RIGHT
DINO,S-PROBE,high,R1,R3,nu_max,CUT50,90,0.9751,0.8183,0.0,0.1569,0.8183,True,True,0.844,0.192,RIGHT
DINO,S-PROBE,high,R1,R3,nu_max,FREEZE,90,0.9751,0.8183,0.0,0.1569,0.8183,True,True,0.844,0.192,RIGHT
DINO,S-PROBE,high,R1,R3,nu_max,DINOLERP,90,0.9751,0.8183,0.4952,0.1569,0.323,True,True,0.756,0.486,RIGHT
DINO,S-PROBE,high,R1,R3,path_over_gap,LERP,90,18.7109,8.9282,3.2441,9.7826,5.6841,True,True,0.978,1.721,RIGHT
DINO,S-PROBE,high,R1,R3,path_over_gap,CUT50,90,18.7109,8.9282,1.0,9.7826,7.9282,True,True,0.989,1.234,RIGHT
DINO,S-PROBE,high,R1,R3,path_over_gap,FREEZE,90,18.7109,8.9282,1.0,9.7826,7.9282,True,True,0.989,1.234,RIGHT
DINO,S-PROBE,high,R1,R3,path_over_gap,DINOLERP,90,18.7109,8.9282,1.0,9.7826,7.9282,True,True,0.989,1.234,RIGHT
DINO,S-PROBE,high,R1,R3,step_share,LERP,90,0.0299,0.071,0.0252,-0.0411,0.0458,False,False,0.033,0.897,WRONG
DINO,S-PROBE,high,R1,R3,step_share,CUT50,90,0.0299,0.071,1.0,-0.0411,-0.929,True,True,0.933,0.044,RIGHT
DINO,S-PROBE,high,R1,R3,step_share,FREEZE,90,0.0299,0.071,1.0,-0.0411,-0.929,True,True,0.933,0.044,RIGHT
DINO,S-PROBE,high,R1,R3,step_share,DINOLERP,90,0.0299,0.071,0.0095,-0.0411,0.0615,False,False,0.067,0.669,WRONG
DINO,S-PROBE,high,R2,R3,DR,LERP,90,0.3062,0.1813,0.382,0.1249,-0.2007,False,False,0.122,0.622,WRONG
DINO,S-PROBE,high,R2,R3,DR,CUT50,90,0.3062,0.1813,0.0,0.1249,0.1813,True,True,0.878,0.689,RIGHT
DINO,S-PROBE,high,R2,R3,DR,FREEZE,90,0.3062,0.1813,0.0,0.1249,0.1813,True,True,0.878,0.689,RIGHT
DINO,S-PROBE,high,R2,R3,DR,DINOLERP,90,0.3062,0.1813,0.0,0.1249,0.1813,True,True,0.878,0.689,RIGHT
DINO,S-PROBE,high,R2,R3,M,LERP,90,0.2885,0.0481,0.2596,0.2404,-0.2115,False,True,0.078,1.136,WRONG(N between default and ref)
DINO,S-PROBE,high,R2,R3,M,CUT50,90,0.2885,0.0481,0.0,0.2404,0.0481,True,True,0.811,5.0,RIGHT
DINO,S-PROBE,high,R2,R3,M,FREEZE,90,0.2885,0.0481,0.0,0.2404,0.0481,True,True,0.811,5.0,RIGHT
DINO,S-PROBE,high,R2,R3,M,DINOLERP,90,0.2885,0.0481,0.5,0.2404,-0.4519,False,False,0.056,0.532,WRONG
DINO,S-PROBE,high,R2,R3,cross,LERP,90,0.2885,0.2837,0.4712,0.0048,-0.1875,False,False,0.356,0.026,no-gap(|ref-def|<0.02)
DINO,S-PROBE,high,R2,R3,cross,CUT50,90,0.2885,0.2837,0.5,0.0048,-0.2163,False,False,0.344,0.022,no-gap(|ref-def|<0.02)
DINO,S-PROBE,high,R2,R3,cross,FREEZE,90,0.2885,0.2837,1.0,0.0048,-0.7163,False,False,0.378,0.007,no-gap(|ref-def|<0.02)
DINO,S-PROBE,high,R2,R3,cross,DINOLERP,90,0.2885,0.2837,0.5,0.0048,-0.2163,False,False,0.344,0.022,no-gap(|ref-def|<0.02)
DINO,S-PROBE,high,R2,R3,nu_max,LERP,90,0.9666,0.8183,0.7821,0.1483,0.0361,True,True,0.444,4.105,RIGHT
DINO,S-PROBE,high,R2,R3,nu_max,CUT50,90,0.9666,0.8183,0.0,0.1483,0.8183,True,True,0.811,0.181,RIGHT
DINO,S-PROBE,high,R2,R3,nu_max,FREEZE,90,0.9666,0.8183,0.0,0.1483,0.8183,True,True,0.811,0.181,RIGHT
DINO,S-PROBE,high,R2,R3,nu_max,DINOLERP,90,0.9666,0.8183,0.4952,0.1483,0.323,True,True,0.722,0.459,RIGHT
DINO,S-PROBE,high,R2,R3,path_over_gap,LERP,90,17.2215,8.9282,3.2441,8.2933,5.6841,True,True,0.922,1.459,RIGHT
DINO,S-PROBE,high,R2,R3,path_over_gap,CUT50,90,17.2215,8.9282,1.0,8.2933,7.9282,True,True,0.933,1.046,RIGHT
DINO,S-PROBE,high,R2,R3,path_over_gap,FREEZE,90,17.2215,8.9282,1.0,8.2933,7.9282,True,True,0.933,1.046,RIGHT
DINO,S-PROBE,high,R2,R3,path_over_gap,DINOLERP,90,17.2215,8.9282,1.0,8.2933,7.9282,True,True,0.933,1.046,RIGHT
DINO,S-PROBE,high,R2,R3,step_share,LERP,90,0.0329,0.071,0.0252,-0.0381,0.0458,False,False,0.122,0.831,WRONG
DINO,S-PROBE,high,R2,R3,step_share,CUT50,90,0.0329,0.071,1.0,-0.0381,-0.929,True,True,0.844,0.041,RIGHT
DINO,S-PROBE,high,R2,R3,step_share,FREEZE,90,0.0329,0.071,1.0,-0.0381,-0.929,True,True,0.844,0.041,RIGHT
DINO,S-PROBE,high,R2,R3,step_share,DINOLERP,90,0.0329,0.071,0.0095,-0.0381,0.0615,False,False,0.156,0.62,WRONG
DINO,S-PROBE,inplace,R1,R3,DR,LERP,30,0.4642,0.4291,0.4417,0.0351,-0.0126,False,True,0.367,2.789,negligible(|def-N|<0.02)
DINO,S-PROBE,inplace,R1,R3,DR,CUT50,30,0.4642,0.4291,0.0,0.0351,0.4291,True,True,0.767,0.082,RIGHT
DINO,S-PROBE,inplace,R1,R3,DR,FREEZE,30,0.4642,0.4291,0.0,0.0351,0.4291,True,True,0.767,0.082,RIGHT
DINO,S-PROBE,inplace,R1,R3,DR,DINOLERP,30,0.4642,0.4291,0.0,0.0351,0.4291,True,True,0.767,0.082,RIGHT
DINO,S-PROBE,inplace,R1,R3,M,LERP,30,0.2568,0.2019,0.351,0.0548,-0.149,False,False,0.2,0.368,WRONG
DINO,S-PROBE,inplace,R1,R3,M,CUT50,30,0.2568,0.2019,0.0,0.0548,0.2019,True,True,0.633,0.272,RIGHT
DINO,S-PROBE,inplace,R1,R3,M,FREEZE,30,0.2568,0.2019,0.0,0.0548,0.2019,True,True,0.633,0.272,RIGHT
DINO,S-PROBE,inplace,R1,R3,M,DINOLERP,30,0.2568,0.2019,0.5,0.0548,-0.2981,False,False,0.233,0.184,WRONG
DINO,S-PROBE,inplace,R1,R3,cross,LERP,30,0.3288,0.3317,0.6731,-0.0029,-0.3413,True,True,0.633,0.009,no-gap(|ref-def|<0.02)
DINO,S-PROBE,inplace,R1,R3,cross,CUT50,30,0.3288,0.3317,0.5,-0.0029,-0.1683,True,True,0.433,0.017,no-gap(|ref-def|<0.02)
DINO,S-PROBE,inplace,R1,R3,cross,FREEZE,30,0.3288,0.3317,1.0,-0.0029,-0.6683,True,True,0.667,0.004,no-gap(|ref-def|<0.02)
DINO,S-PROBE,inplace,R1,R3,cross,DINOLERP,30,0.3288,0.3317,0.5,-0.0029,-0.1683,True,True,0.433,0.017,no-gap(|ref-def|<0.02)
DINO,S-PROBE,inplace,R1,R3,nu_max,LERP,30,0.8504,0.8501,0.815,0.0004,0.0351,True,True,0.367,0.011,no-gap(|ref-def|<0.02)
DINO,S-PROBE,inplace,R1,R3,nu_max,CUT50,30,0.8504,0.8501,0.0,0.0004,0.8501,True,True,0.633,0.0,no-gap(|ref-def|<0.02)
DINO,S-PROBE,inplace,R1,R3,nu_max,FREEZE,30,0.8504,0.8501,0.0,0.0004,0.8501,True,True,0.633,0.0,no-gap(|ref-def|<0.02)
DINO,S-PROBE,inplace,R1,R3,nu_max,DINOLERP,30,0.8504,0.8501,0.4952,0.0004,0.3548,True,True,0.633,0.001,no-gap(|ref-def|<0.02)
DINO,S-PROBE,inplace,R1,R3,path_over_gap,LERP,30,19.0785,15.3133,3.451,3.7652,11.8623,True,True,1.0,0.317,RIGHT
DINO,S-PROBE,inplace,R1,R3,path_over_gap,CUT50,30,19.0785,15.3133,1.0,3.7652,14.3133,True,True,1.0,0.263,RIGHT
DINO,S-PROBE,inplace,R1,R3,path_over_gap,FREEZE,30,19.0785,15.3133,1.0,3.7652,14.3133,True,True,1.0,0.263,RIGHT
DINO,S-PROBE,inplace,R1,R3,path_over_gap,DINOLERP,30,19.0785,15.3133,1.0,3.7652,14.3133,True,True,1.0,0.263,RIGHT
DINO,S-PROBE,inplace,R1,R3,step_share,LERP,30,0.0251,0.0327,0.0317,-0.0076,0.001,False,True,0.3,7.333,no-gap(|ref-def|<0.02)
DINO,S-PROBE,inplace,R1,R3,step_share,CUT50,30,0.0251,0.0327,1.0,-0.0076,-0.9673,True,True,0.767,0.008,no-gap(|ref-def|<0.02)
DINO,S-PROBE,inplace,R1,R3,step_share,FREEZE,30,0.0251,0.0327,1.0,-0.0076,-0.9673,True,True,0.767,0.008,no-gap(|ref-def|<0.02)
DINO,S-PROBE,inplace,R1,R3,step_share,DINOLERP,30,0.0251,0.0327,0.0095,-0.0076,0.0232,False,False,0.233,0.328,no-gap(|ref-def|<0.02)
DINO,S-PROBE,inplace,R2,R3,DR,LERP,30,0.4415,0.4291,0.4417,0.0124,-0.0126,False,False,0.333,0.986,no-gap(|ref-def|<0.02)
DINO,S-PROBE,inplace,R2,R3,DR,CUT50,30,0.4415,0.4291,0.0,0.0124,0.4291,True,True,0.533,0.029,no-gap(|ref-def|<0.02)
DINO,S-PROBE,inplace,R2,R3,DR,FREEZE,30,0.4415,0.4291,0.0,0.0124,0.4291,True,True,0.533,0.029,no-gap(|ref-def|<0.02)
DINO,S-PROBE,inplace,R2,R3,DR,DINOLERP,30,0.4415,0.4291,0.0,0.0124,0.4291,True,True,0.533,0.029,no-gap(|ref-def|<0.02)
DINO,S-PROBE,inplace,R2,R3,M,LERP,30,0.25,0.2019,0.351,0.0481,-0.149,False,False,0.4,0.323,WRONG
DINO,S-PROBE,inplace,R2,R3,M,CUT50,30,0.25,0.2019,0.0,0.0481,0.2019,True,True,0.433,0.238,RIGHT
DINO,S-PROBE,inplace,R2,R3,M,FREEZE,30,0.25,0.2019,0.0,0.0481,0.2019,True,True,0.433,0.238,RIGHT
DINO,S-PROBE,inplace,R2,R3,M,DINOLERP,30,0.25,0.2019,0.5,0.0481,-0.2981,False,False,0.367,0.161,WRONG
DINO,S-PROBE,inplace,R2,R3,cross,LERP,30,0.3317,0.3317,0.6731,0.0,-0.3413,False,False,0.467,0.0,no-gap(|ref-def|<0.02)
DINO,S-PROBE,inplace,R2,R3,cross,CUT50,30,0.3317,0.3317,0.5,0.0,-0.1683,False,False,0.333,0.0,no-gap(|ref-def|<0.02)
DINO,S-PROBE,inplace,R2,R3,cross,FREEZE,30,0.3317,0.3317,1.0,0.0,-0.6683,False,False,0.433,0.0,no-gap(|ref-def|<0.02)
DINO,S-PROBE,inplace,R2,R3,cross,DINOLERP,30,0.3317,0.3317,0.5,0.0,-0.1683,False,False,0.333,0.0,no-gap(|ref-def|<0.02)
DINO,S-PROBE,inplace,R2,R3,nu_max,LERP,30,0.8612,0.8501,0.815,0.0111,0.0351,True,True,0.467,0.318,no-gap(|ref-def|<0.02)
DINO,S-PROBE,inplace,R2,R3,nu_max,CUT50,30,0.8612,0.8501,0.0,0.0111,0.8501,True,True,0.6,0.013,no-gap(|ref-def|<0.02)
DINO,S-PROBE,inplace,R2,R3,nu_max,FREEZE,30,0.8612,0.8501,0.0,0.0111,0.8501,True,True,0.6,0.013,no-gap(|ref-def|<0.02)
DINO,S-PROBE,inplace,R2,R3,nu_max,DINOLERP,30,0.8612,0.8501,0.4952,0.0111,0.3548,True,True,0.6,0.031,no-gap(|ref-def|<0.02)
DINO,S-PROBE,inplace,R2,R3,path_over_gap,LERP,30,15.3966,15.3133,3.451,0.0833,11.8623,True,True,0.633,0.007,RIGHT
DINO,S-PROBE,inplace,R2,R3,path_over_gap,CUT50,30,15.3966,15.3133,1.0,0.0833,14.3133,True,True,0.633,0.006,RIGHT
DINO,S-PROBE,inplace,R2,R3,path_over_gap,FREEZE,30,15.3966,15.3133,1.0,0.0833,14.3133,True,True,0.633,0.006,RIGHT
DINO,S-PROBE,inplace,R2,R3,path_over_gap,DINOLERP,30,15.3966,15.3133,1.0,0.0833,14.3133,True,True,0.633,0.006,RIGHT
DINO,S-PROBE,inplace,R2,R3,step_share,LERP,30,0.0328,0.0327,0.0317,0.0,0.001,True,True,0.433,0.016,no-gap(|ref-def|<0.02)
DINO,S-PROBE,inplace,R2,R3,step_share,CUT50,30,0.0328,0.0327,1.0,0.0,-0.9673,False,False,0.5,0.0,no-gap(|ref-def|<0.02)
DINO,S-PROBE,inplace,R2,R3,step_share,FREEZE,30,0.0328,0.0327,1.0,0.0,-0.9673,False,False,0.5,0.0,no-gap(|ref-def|<0.02)
DINO,S-PROBE,inplace,R2,R3,step_share,DINOLERP,30,0.0328,0.0327,0.0095,0.0,0.0232,True,True,0.5,0.001,no-gap(|ref-def|<0.02)
VAE,S-GRID,,GT,NULLGEN,DR,LERP,19,0.7407,0.5854,0.2786,0.1552,0.3068,True,True,0.789,0.506,RIGHT
VAE,S-GRID,,GT,NULLGEN,DR,CUT50,19,0.7407,0.5854,0.0938,0.1552,0.4916,True,True,0.789,0.316,RIGHT
VAE,S-GRID,,GT,NULLGEN,DR,FREEZE,19,0.7407,0.5854,0.0,0.1552,0.5854,True,True,0.789,0.265,RIGHT
VAE,S-GRID,,GT,NULLGEN,DR,LATLERP,19,0.7407,0.5854,0.0001,0.1552,0.5853,True,True,0.789,0.265,RIGHT
VAE,S-GRID,,GT,NULLGEN,M,LERP,19,0.6923,0.3846,0.6154,0.3077,-0.2308,False,True,0.211,1.333,WRONG(N between default and ref)
VAE,S-GRID,,GT,NULLGEN,M,CUT50,19,0.6923,0.3846,0.0769,0.3077,0.3077,True,True,0.632,1.0,RIGHT
VAE,S-GRID,,GT,NULLGEN,M,FREEZE,19,0.6923,0.3846,0.0,0.3077,0.3846,True,True,0.737,0.8,RIGHT
VAE,S-GRID,,GT,NULLGEN,M,LATLERP,19,0.6923,0.3846,0.5385,0.3077,-0.1538,False,True,0.211,2.0,WRONG(N between default and ref)
VAE,S-GRID,,GT,NULLGEN,cross,LERP,19,0.4615,0.4231,0.5385,0.0385,-0.1154,False,False,0.263,0.333,WRONG
VAE,S-GRID,,GT,NULLGEN,cross,CUT50,19,0.4615,0.4231,0.5385,0.0385,-0.1154,False,False,0.211,0.333,WRONG
VAE,S-GRID,,GT,NULLGEN,cross,FREEZE,19,0.4615,0.4231,1.0,0.0385,-0.5769,False,False,0.316,0.067,WRONG
VAE,S-GRID,,GT,NULLGEN,cross,LATLERP,19,0.4615,0.4231,0.5385,0.0385,-0.1154,False,False,0.211,0.333,WRONG
VAE,S-GRID,,GT,NULLGEN,nu_max,LERP,19,0.972,0.8973,0.5729,0.0748,0.3244,True,True,0.632,0.23,RIGHT
VAE,S-GRID,,GT,NULLGEN,nu_max,CUT50,19,0.972,0.8973,0.7298,0.0748,0.1675,True,True,0.632,0.446,RIGHT
VAE,S-GRID,,GT,NULLGEN,nu_max,FREEZE,19,0.972,0.8973,0.0009,0.0748,0.8964,True,True,0.632,0.083,RIGHT
VAE,S-GRID,,GT,NULLGEN,nu_max,LATLERP,19,0.972,0.8973,0.5,0.0748,0.3973,True,True,0.632,0.188,RIGHT
VAE,S-GRID,,GT,NULLGEN,path_over_gap,LERP,19,9.0025,7.0035,3.4808,1.999,3.5227,True,True,0.947,0.567,RIGHT
VAE,S-GRID,,GT,NULLGEN,path_over_gap,CUT50,19,9.0025,7.0035,2.919,1.999,4.0845,True,True,0.947,0.489,RIGHT
VAE,S-GRID,,GT,NULLGEN,path_over_gap,FREEZE,19,9.0025,7.0035,1.0014,1.999,6.0021,True,True,0.947,0.333,RIGHT
VAE,S-GRID,,GT,NULLGEN,path_over_gap,LATLERP,19,9.0025,7.0035,1.0,1.999,6.0035,True,True,0.947,0.333,RIGHT
VAE,S-GRID,,GT,NULLGEN,step_share,LERP,19,0.0926,0.1271,0.0812,-0.0345,0.0459,False,False,0.105,0.751,WRONG
VAE,S-GRID,,GT,NULLGEN,step_share,CUT50,19,0.0926,0.1271,0.2614,-0.0345,-0.1344,True,True,0.895,0.257,RIGHT
VAE,S-GRID,,GT,NULLGEN,step_share,FREEZE,19,0.0926,0.1271,0.9987,-0.0345,-0.8716,True,True,0.895,0.04,RIGHT
VAE,S-GRID,,GT,NULLGEN,step_share,LATLERP,19,0.0926,0.1271,0.0714,-0.0345,0.0556,False,False,0.105,0.619,WRONG
VAE,S-PROBE,high,R1,R3,DR,LERP,90,0.6793,0.6174,0.2688,0.062,0.3486,True,True,0.656,0.178,RIGHT
VAE,S-PROBE,high,R1,R3,DR,CUT50,90,0.6793,0.6174,0.0828,0.062,0.5345,True,True,0.678,0.116,RIGHT
VAE,S-PROBE,high,R1,R3,DR,FREEZE,90,0.6793,0.6174,0.0,0.062,0.6174,True,True,0.678,0.1,RIGHT
VAE,S-PROBE,high,R1,R3,DR,LATLERP,90,0.6793,0.6174,0.0001,0.062,0.6172,True,True,0.678,0.1,RIGHT
VAE,S-PROBE,high,R1,R3,M,LERP,90,0.6154,0.3077,0.6154,0.3077,-0.3077,False,False,0.067,1.0,WRONG
VAE,S-PROBE,high,R1,R3,M,CUT50,90,0.6154,0.3077,0.0769,0.3077,0.2308,True,True,0.544,1.333,RIGHT
VAE,S-PROBE,high,R1,R3,M,FREEZE,90,0.6154,0.3077,0.0,0.3077,0.3077,True,True,0.644,1.0,RIGHT
VAE,S-PROBE,high,R1,R3,M,LATLERP,90,0.6154,0.3077,0.5385,0.3077,-0.2308,False,True,0.078,1.333,WRONG(N between default and ref)
VAE,S-PROBE,high,R1,R3,cross,LERP,90,0.4615,0.3077,0.4615,0.1538,-0.1538,False,False,0.156,1.0,WRONG
VAE,S-PROBE,high,R1,R3,cross,CUT50,90,0.4615,0.3077,0.5385,0.1538,-0.2308,False,False,0.156,0.667,WRONG
VAE,S-PROBE,high,R1,R3,cross,FREEZE,90,0.4615,0.3077,1.0,0.1538,-0.6923,False,False,0.178,0.222,WRONG
VAE,S-PROBE,high,R1,R3,cross,LATLERP,90,0.4615,0.3077,0.5385,0.1538,-0.2308,False,False,0.156,0.667,WRONG
VAE,S-PROBE,high,R1,R3,nu_max,LERP,90,0.923,0.8592,0.5706,0.0638,0.2886,True,True,0.667,0.221,RIGHT
VAE,S-PROBE,high,R1,R3,nu_max,CUT50,90,0.923,0.8592,0.7667,0.0638,0.0925,True,True,0.544,0.69,RIGHT
VAE,S-PROBE,high,R1,R3,nu_max,FREEZE,90,0.923,0.8592,0.0007,0.0638,0.8585,True,True,0.667,0.074,RIGHT
VAE,S-PROBE,high,R1,R3,nu_max,LATLERP,90,0.923,0.8592,0.5,0.0638,0.3592,True,True,0.667,0.178,RIGHT
VAE,S-PROBE,high,R1,R3,path_over_gap,LERP,90,7.1259,6.5539,3.1845,0.572,3.3694,True,True,0.722,0.17,RIGHT
VAE,S-PROBE,high,R1,R3,path_over_gap,CUT50,90,7.1259,6.5539,2.8837,0.572,3.6702,True,True,0.722,0.156,RIGHT
VAE,S-PROBE,high,R1,R3,path_over_gap,FREEZE,90,7.1259,6.5539,1.0012,0.572,5.5527,True,True,0.722,0.103,RIGHT
VAE,S-PROBE,high,R1,R3,path_over_gap,LATLERP,90,7.1259,6.5539,1.0,0.572,5.5539,True,True,0.722,0.103,RIGHT
VAE,S-PROBE,high,R1,R3,step_share,LERP,90,0.0975,0.1231,0.0813,-0.0256,0.0417,False,False,0.111,0.614,WRONG
VAE,S-PROBE,high,R1,R3,step_share,CUT50,90,0.0975,0.1231,0.2868,-0.0256,-0.1637,True,True,0.878,0.156,RIGHT
VAE,S-PROBE,high,R1,R3,step_share,FREEZE,90,0.0975,0.1231,0.9988,-0.0256,-0.8758,True,True,0.878,0.029,RIGHT
VAE,S-PROBE,high,R1,R3,step_share,LATLERP,90,0.0975,0.1231,0.0714,-0.0256,0.0516,False,False,0.122,0.496,WRONG
VAE,S-PROBE,high,R2,R3,DR,LERP,90,0.6788,0.6174,0.2688,0.0615,0.3486,True,True,0.756,0.176,RIGHT
VAE,S-PROBE,high,R2,R3,DR,CUT50,90,0.6788,0.6174,0.0828,0.0615,0.5345,True,True,0.733,0.115,RIGHT
VAE,S-PROBE,high,R2,R3,DR,FREEZE,90,0.6788,0.6174,0.0,0.0615,0.6174,True,True,0.733,0.1,RIGHT
VAE,S-PROBE,high,R2,R3,DR,LATLERP,90,0.6788,0.6174,0.0001,0.0615,0.6172,True,True,0.733,0.1,RIGHT
VAE,S-PROBE,high,R2,R3,M,LERP,90,0.5385,0.3077,0.6154,0.2308,-0.3077,False,False,0.078,0.75,WRONG
VAE,S-PROBE,high,R2,R3,M,CUT50,90,0.5385,0.3077,0.0769,0.2308,0.2308,True,True,0.567,1.0,RIGHT
VAE,S-PROBE,high,R2,R3,M,FREEZE,90,0.5385,0.3077,0.0,0.2308,0.3077,True,True,0.656,0.75,RIGHT
VAE,S-PROBE,high,R2,R3,M,LATLERP,90,0.5385,0.3077,0.5385,0.2308,-0.2308,False,False,0.1,1.0,WRONG
VAE,S-PROBE,high,R2,R3,cross,LERP,90,0.3846,0.3077,0.4615,0.0769,-0.1538,False,False,0.2,0.5,WRONG
VAE,S-PROBE,high,R2,R3,cross,CUT50,90,0.3846,0.3077,0.5385,0.0769,-0.2308,False,False,0.189,0.333,WRONG
VAE,S-PROBE,high,R2,R3,cross,FREEZE,90,0.3846,0.3077,1.0,0.0769,-0.6923,False,False,0.222,0.111,WRONG
VAE,S-PROBE,high,R2,R3,cross,LATLERP,90,0.3846,0.3077,0.5385,0.0769,-0.2308,False,False,0.189,0.333,WRONG
VAE,S-PROBE,high,R2,R3,nu_max,LERP,90,0.9272,0.8592,0.5706,0.068,0.2886,True,True,0.678,0.236,RIGHT
VAE,S-PROBE,high,R2,R3,nu_max,CUT50,90,0.9272,0.8592,0.7667,0.068,0.0925,True,True,0.533,0.735,RIGHT
VAE,S-PROBE,high,R2,R3,nu_max,FREEZE,90,0.9272,0.8592,0.0007,0.068,0.8585,True,True,0.678,0.079,RIGHT
VAE,S-PROBE,high,R2,R3,nu_max,LATLERP,90,0.9272,0.8592,0.5,0.068,0.3592,True,True,0.678,0.189,RIGHT
VAE,S-PROBE,high,R2,R3,path_over_gap,LERP,90,7.2132,6.5539,3.1845,0.6593,3.3694,True,True,0.8,0.196,RIGHT
VAE,S-PROBE,high,R2,R3,path_over_gap,CUT50,90,7.2132,6.5539,2.8837,0.6593,3.6702,True,True,0.8,0.18,RIGHT
VAE,S-PROBE,high,R2,R3,path_over_gap,FREEZE,90,7.2132,6.5539,1.0012,0.6593,5.5527,True,True,0.8,0.119,RIGHT
VAE,S-PROBE,high,R2,R3,path_over_gap,LATLERP,90,7.2132,6.5539,1.0,0.6593,5.5539,True,True,0.8,0.119,RIGHT
VAE,S-PROBE,high,R2,R3,step_share,LERP,90,0.1023,0.1231,0.0813,-0.0208,0.0417,False,False,0.167,0.498,WRONG
VAE,S-PROBE,high,R2,R3,step_share,CUT50,90,0.1023,0.1231,0.2868,-0.0208,-0.1637,True,True,0.822,0.127,RIGHT
VAE,S-PROBE,high,R2,R3,step_share,FREEZE,90,0.1023,0.1231,0.9988,-0.0208,-0.8758,True,True,0.822,0.024,RIGHT
VAE,S-PROBE,high,R2,R3,step_share,LATLERP,90,0.1023,0.1231,0.0714,-0.0208,0.0516,False,False,0.178,0.402,WRONG
VAE,S-PROBE,inplace,R1,R3,DR,LERP,30,0.5763,0.6065,0.2628,-0.0303,0.3437,False,False,0.4,0.088,WRONG
VAE,S-PROBE,inplace,R1,R3,DR,CUT50,30,0.5763,0.6065,0.0777,-0.0303,0.5289,False,False,0.4,0.057,WRONG
VAE,S-PROBE,inplace,R1,R3,DR,FREEZE,30,0.5763,0.6065,0.0,-0.0303,0.6065,False,False,0.4,0.05,WRONG
VAE,S-PROBE,inplace,R1,R3,DR,LATLERP,30,0.5763,0.6065,0.0001,-0.0303,0.6064,False,False,0.4,0.05,WRONG
VAE,S-PROBE,inplace,R1,R3,M,LERP,30,0.4615,0.3846,0.6154,0.0769,-0.2308,False,False,0.1,0.333,WRONG
VAE,S-PROBE,inplace,R1,R3,M,CUT50,30,0.4615,0.3846,0.0769,0.0769,0.3077,True,True,0.5,0.25,RIGHT
VAE,S-PROBE,inplace,R1,R3,M,FREEZE,30,0.4615,0.3846,0.0,0.0769,0.3846,True,True,0.6,0.2,RIGHT
VAE,S-PROBE,inplace,R1,R3,M,LATLERP,30,0.4615,0.3846,0.5385,0.0769,-0.1538,False,False,0.067,0.5,WRONG
VAE,S-PROBE,inplace,R1,R3,cross,LERP,30,0.3077,0.3077,0.5385,0.0,-0.2308,False,False,0.267,0.0,no-gap(|ref-def|<0.02)
VAE,S-PROBE,inplace,R1,R3,cross,CUT50,30,0.3077,0.3077,0.5385,0.0,-0.2308,False,False,0.233,0.0,no-gap(|ref-def|<0.02)
VAE,S-PROBE,inplace,R1,R3,cross,FREEZE,30,0.3077,0.3077,1.0,0.0,-0.6923,False,False,0.333,0.0,no-gap(|ref-def|<0.02)
VAE,S-PROBE,inplace,R1,R3,cross,LATLERP,30,0.3077,0.3077,0.5385,0.0,-0.2308,False,False,0.233,0.0,no-gap(|ref-def|<0.02)
VAE,S-PROBE,inplace,R1,R3,nu_max,LERP,30,0.8176,0.8309,0.5646,-0.0133,0.2663,False,False,0.4,0.05,no-gap(|ref-def|<0.02)
VAE,S-PROBE,inplace,R1,R3,nu_max,CUT50,30,0.8176,0.8309,0.7457,-0.0133,0.0852,False,False,0.467,0.156,no-gap(|ref-def|<0.02)
VAE,S-PROBE,inplace,R1,R3,nu_max,FREEZE,30,0.8176,0.8309,0.0008,-0.0133,0.8301,False,False,0.4,0.016,no-gap(|ref-def|<0.02)
VAE,S-PROBE,inplace,R1,R3,nu_max,LATLERP,30,0.8176,0.8309,0.5,-0.0133,0.3309,False,False,0.4,0.04,no-gap(|ref-def|<0.02)
VAE,S-PROBE,inplace,R1,R3,path_over_gap,LERP,30,6.4191,6.6808,3.2515,-0.2617,3.4293,False,False,0.4,0.076,WRONG
VAE,S-PROBE,inplace,R1,R3,path_over_gap,CUT50,30,6.4191,6.6808,2.778,-0.2617,3.9028,False,False,0.4,0.067,WRONG
VAE,S-PROBE,inplace,R1,R3,path_over_gap,FREEZE,30,6.4191,6.6808,1.0013,-0.2617,5.6795,False,False,0.4,0.046,WRONG
VAE,S-PROBE,inplace,R1,R3,path_over_gap,LATLERP,30,6.4191,6.6808,1.0,-0.2617,5.6808,False,False,0.4,0.046,WRONG
VAE,S-PROBE,inplace,R1,R3,step_share,LERP,30,0.0963,0.1027,0.0856,-0.0064,0.0171,False,False,0.3,0.373,no-gap(|ref-def|<0.02)
VAE,S-PROBE,inplace,R1,R3,step_share,CUT50,30,0.0963,0.1027,0.3011,-0.0064,-0.1984,True,True,0.733,0.032,no-gap(|ref-def|<0.02)
VAE,S-PROBE,inplace,R1,R3,step_share,FREEZE,30,0.0963,0.1027,0.9988,-0.0064,-0.8961,True,True,0.733,0.007,no-gap(|ref-def|<0.02)
VAE,S-PROBE,inplace,R1,R3,step_share,LATLERP,30,0.0963,0.1027,0.0714,-0.0064,0.0312,False,False,0.267,0.204,no-gap(|ref-def|<0.02)
VAE,S-PROBE,inplace,R2,R3,DR,LERP,30,0.5861,0.6065,0.2628,-0.0204,0.3437,False,False,0.433,0.059,WRONG
VAE,S-PROBE,inplace,R2,R3,DR,CUT50,30,0.5861,0.6065,0.0777,-0.0204,0.5289,False,False,0.433,0.039,WRONG
VAE,S-PROBE,inplace,R2,R3,DR,FREEZE,30,0.5861,0.6065,0.0,-0.0204,0.6065,False,False,0.433,0.034,WRONG
VAE,S-PROBE,inplace,R2,R3,DR,LATLERP,30,0.5861,0.6065,0.0001,-0.0204,0.6064,False,False,0.433,0.034,WRONG
VAE,S-PROBE,inplace,R2,R3,M,LERP,30,0.4231,0.3846,0.6154,0.0385,-0.2308,False,False,0.1,0.167,WRONG
VAE,S-PROBE,inplace,R2,R3,M,CUT50,30,0.4231,0.3846,0.0769,0.0385,0.3077,True,True,0.3,0.125,RIGHT
VAE,S-PROBE,inplace,R2,R3,M,FREEZE,30,0.4231,0.3846,0.0,0.0385,0.3846,True,True,0.367,0.1,RIGHT
VAE,S-PROBE,inplace,R2,R3,M,LATLERP,30,0.4231,0.3846,0.5385,0.0385,-0.1538,False,False,0.067,0.25,WRONG
VAE,S-PROBE,inplace,R2,R3,cross,LERP,30,0.3846,0.3077,0.5385,0.0769,-0.2308,False,False,0.3,0.333,WRONG
VAE,S-PROBE,inplace,R2,R3,cross,CUT50,30,0.3846,0.3077,0.5385,0.0769,-0.2308,False,False,0.267,0.333,WRONG
VAE,S-PROBE,inplace,R2,R3,cross,FREEZE,30,0.3846,0.3077,1.0,0.0769,-0.6923,False,False,0.4,0.111,WRONG
VAE,S-PROBE,inplace,R2,R3,cross,LATLERP,30,0.3846,0.3077,0.5385,0.0769,-0.2308,False,False,0.267,0.333,WRONG
VAE,S-PROBE,inplace,R2,R3,nu_max,LERP,30,0.84,0.8309,0.5646,0.0091,0.2663,True,True,0.6,0.034,no-gap(|ref-def|<0.02)
VAE,S-PROBE,inplace,R2,R3,nu_max,CUT50,30,0.84,0.8309,0.7457,0.0091,0.0852,True,True,0.467,0.107,no-gap(|ref-def|<0.02)
VAE,S-PROBE,inplace,R2,R3,nu_max,FREEZE,30,0.84,0.8309,0.0008,0.0091,0.8301,True,True,0.6,0.011,no-gap(|ref-def|<0.02)
VAE,S-PROBE,inplace,R2,R3,nu_max,LATLERP,30,0.84,0.8309,0.5,0.0091,0.3309,True,True,0.6,0.028,no-gap(|ref-def|<0.02)
VAE,S-PROBE,inplace,R2,R3,path_over_gap,LERP,30,6.6717,6.6808,3.2515,-0.0091,3.4293,False,False,0.633,0.003,no-gap(|ref-def|<0.02)
VAE,S-PROBE,inplace,R2,R3,path_over_gap,CUT50,30,6.6717,6.6808,2.778,-0.0091,3.9028,False,False,0.633,0.002,no-gap(|ref-def|<0.02)
VAE,S-PROBE,inplace,R2,R3,path_over_gap,FREEZE,30,6.6717,6.6808,1.0013,-0.0091,5.6795,False,False,0.633,0.002,no-gap(|ref-def|<0.02)
VAE,S-PROBE,inplace,R2,R3,path_over_gap,LATLERP,30,6.6717,6.6808,1.0,-0.0091,5.6808,False,False,0.633,0.002,no-gap(|ref-def|<0.02)
VAE,S-PROBE,inplace,R2,R3,step_share,LERP,30,0.105,0.1027,0.0856,0.0023,0.0171,True,True,0.4,0.133,no-gap(|ref-def|<0.02)
VAE,S-PROBE,inplace,R2,R3,step_share,CUT50,30,0.105,0.1027,0.3011,0.0023,-0.1984,False,False,0.633,0.011,no-gap(|ref-def|<0.02)
VAE,S-PROBE,inplace,R2,R3,step_share,FREEZE,30,0.105,0.1027,0.9988,0.0023,-0.8961,False,False,0.633,0.003,no-gap(|ref-def|<0.02)
VAE,S-PROBE,inplace,R2,R3,step_share,LATLERP,30,0.105,0.1027,0.0714,0.0023,0.0312,True,True,0.367,0.073,no-gap(|ref-def|<0.02)
TRANS,S-GRID,,GT,NULLGEN,nu_max,LERP,19,0.4953,0.3358,0.2828,0.1595,0.053,True,True,0.474,3.009,RIGHT
TRANS,S-GRID,,GT,NULLGEN,nu_max,CUT50,19,0.4953,0.3358,0.0,0.1595,0.3358,True,True,0.789,0.475,RIGHT
TRANS,S-GRID,,GT,NULLGEN,nu_max,FREEZE,19,0.4953,0.3358,0.0,0.1595,0.3358,True,True,0.789,0.475,RIGHT
TRANS,S-GRID,,GT,NULLGEN,swap_sharp,LERP,19,0.2324,0.5661,0.1237,-0.3337,0.4424,False,False,0.0,0.754,WRONG
TRANS,S-GRID,,GT,NULLGEN,swap_sharp,CUT50,19,0.2324,0.5661,1.0,-0.3337,-0.4339,True,True,1.0,0.769,RIGHT
TRANS,S-GRID,,GT,NULLGEN,swap_sharp,FREEZE,19,0.2324,0.5661,1.0,-0.3337,-0.4339,True,True,1.0,0.769,RIGHT
TRANS,S-GRID,,GT,NULLGEN,local_at_peak,LERP,19,0.3333,0.5767,0.0,-0.2433,0.5767,False,False,0.211,0.422,WRONG
TRANS,S-GRID,,GT,NULLGEN,local_at_peak,CUT50,19,0.3333,0.5767,0.6833,-0.2433,-0.1067,True,True,0.579,2.281,RIGHT
TRANS,S-GRID,,GT,NULLGEN,local_at_peak,FREEZE,19,0.3333,0.5767,0.6833,-0.2433,-0.1067,True,True,0.579,2.281,RIGHT
TRANS,S-GRID,,GT,NULLGEN,trans_mean,LERP,19,0.0742,0.059,0.0566,0.0151,0.0025,True,True,0.526,6.133,no-gap(|ref-def|<0.02)
TRANS,S-GRID,,GT,NULLGEN,trans_mean,CUT50,19,0.0742,0.059,0.0532,0.0151,0.0058,True,True,0.842,2.589,no-gap(|ref-def|<0.02)
TRANS,S-GRID,,GT,NULLGEN,trans_mean,FREEZE,19,0.0742,0.059,0.0531,0.0151,0.0059,True,True,0.737,2.556,no-gap(|ref-def|<0.02)
TRANS,S-PROBE,high,R1,R3,nu_max,LERP,90,0.5832,0.3072,0.2834,0.276,0.0239,True,True,0.567,11.569,RIGHT
TRANS,S-PROBE,high,R1,R3,nu_max,CUT50,90,0.5832,0.3072,0.0,0.276,0.3072,True,True,0.944,0.898,RIGHT
TRANS,S-PROBE,high,R1,R3,nu_max,FREEZE,90,0.5832,0.3072,0.0,0.276,0.3072,True,True,0.944,0.898,RIGHT
TRANS,S-PROBE,high,R1,R3,swap_sharp,LERP,90,0.2866,0.5304,0.1548,-0.2438,0.3756,False,False,0.122,0.649,WRONG
TRANS,S-PROBE,high,R1,R3,swap_sharp,CUT50,90,0.2866,0.5304,1.0,-0.2438,-0.4696,True,True,0.867,0.519,RIGHT
TRANS,S-PROBE,high,R1,R3,swap_sharp,FREEZE,90,0.2866,0.5304,1.0,-0.2438,-0.4696,True,True,0.867,0.519,RIGHT
TRANS,S-PROBE,high,R1,R3,local_at_peak,LERP,90,0.3383,0.5867,0.0,-0.2483,0.5867,False,False,0.244,0.423,WRONG
TRANS,S-PROBE,high,R1,R3,local_at_peak,CUT50,90,0.3383,0.5867,0.86,-0.2483,-0.2733,True,True,0.611,0.909,RIGHT
TRANS,S-PROBE,high,R1,R3,local_at_peak,FREEZE,90,0.3383,0.5867,0.86,-0.2483,-0.2733,True,True,0.611,0.909,RIGHT
TRANS,S-PROBE,high,R1,R3,trans_mean,LERP,90,0.0533,0.0531,0.0564,0.0001,-0.0033,False,False,0.467,0.036,no-gap(|ref-def|<0.02)
TRANS,S-PROBE,high,R1,R3,trans_mean,CUT50,90,0.0533,0.0531,0.0536,0.0001,-0.0005,False,False,0.433,0.236,no-gap(|ref-def|<0.02)
TRANS,S-PROBE,high,R1,R3,trans_mean,FREEZE,90,0.0533,0.0531,0.0519,0.0001,0.0013,True,True,0.411,0.095,no-gap(|ref-def|<0.02)
TRANS,S-PROBE,high,R2,R3,nu_max,LERP,90,0.5552,0.3072,0.2834,0.248,0.0239,True,True,0.5,10.397,RIGHT
TRANS,S-PROBE,high,R2,R3,nu_max,CUT50,90,0.5552,0.3072,0.0,0.248,0.3072,True,True,0.856,0.807,RIGHT
TRANS,S-PROBE,high,R2,R3,nu_max,FREEZE,90,0.5552,0.3072,0.0,0.248,0.3072,True,True,0.856,0.807,RIGHT
TRANS,S-PROBE,high,R2,R3,swap_sharp,LERP,90,0.2966,0.5304,0.1548,-0.2338,0.3756,False,False,0.089,0.623,WRONG
TRANS,S-PROBE,high,R2,R3,swap_sharp,CUT50,90,0.2966,0.5304,1.0,-0.2338,-0.4696,True,True,0.9,0.498,RIGHT
TRANS,S-PROBE,high,R2,R3,swap_sharp,FREEZE,90,0.2966,0.5304,1.0,-0.2338,-0.4696,True,True,0.9,0.498,RIGHT
TRANS,S-PROBE,high,R2,R3,local_at_peak,LERP,90,0.36,0.5867,0.0,-0.2267,0.5867,False,False,0.322,0.386,WRONG
TRANS,S-PROBE,high,R2,R3,local_at_peak,CUT50,90,0.36,0.5867,0.86,-0.2267,-0.2733,True,True,0.556,0.829,RIGHT
TRANS,S-PROBE,high,R2,R3,local_at_peak,FREEZE,90,0.36,0.5867,0.86,-0.2267,-0.2733,True,True,0.556,0.829,RIGHT
TRANS,S-PROBE,high,R2,R3,trans_mean,LERP,90,0.0524,0.0531,0.0564,-0.0008,-0.0033,True,True,0.456,0.239,no-gap(|ref-def|<0.02)
TRANS,S-PROBE,high,R2,R3,trans_mean,CUT50,90,0.0524,0.0531,0.0536,-0.0008,-0.0005,True,True,0.422,1.552,no-gap(|ref-def|<0.02)
TRANS,S-PROBE,high,R2,R3,trans_mean,FREEZE,90,0.0524,0.0531,0.0519,-0.0008,0.0013,False,False,0.467,0.623,no-gap(|ref-def|<0.02)
TRANS,S-PROBE,inplace,R1,R3,nu_max,LERP,30,0.2314,0.1947,0.2084,0.0367,-0.0137,False,True,0.4,2.678,negligible(|def-N|<0.02)
TRANS,S-PROBE,inplace,R1,R3,nu_max,CUT50,30,0.2314,0.1947,0.0,0.0367,0.1947,True,True,0.6,0.189,RIGHT
TRANS,S-PROBE,inplace,R1,R3,nu_max,FREEZE,30,0.2314,0.1947,0.0,0.0367,0.1947,True,True,0.6,0.189,RIGHT
TRANS,S-PROBE,inplace,R1,R3,swap_sharp,LERP,30,0.2141,0.2993,0.153,-0.0852,0.1462,False,False,0.233,0.583,WRONG
TRANS,S-PROBE,inplace,R1,R3,swap_sharp,CUT50,30,0.2141,0.2993,1.0,-0.0852,-0.7007,True,True,0.767,0.122,RIGHT
TRANS,S-PROBE,inplace,R1,R3,swap_sharp,FREEZE,30,0.2141,0.2993,1.0,-0.0852,-0.7007,True,True,0.767,0.122,RIGHT
TRANS,S-PROBE,inplace,R1,R3,local_at_peak,LERP,30,0.0283,0.0167,0.0,0.0117,0.0167,True,True,0.233,0.7,no-gap(|ref-def|<0.02)
TRANS,S-PROBE,inplace,R1,R3,local_at_peak,CUT50,30,0.0283,0.0167,0.3817,0.0117,-0.365,False,False,0.433,0.032,no-gap(|ref-def|<0.02)
TRANS,S-PROBE,inplace,R1,R3,local_at_peak,FREEZE,30,0.0283,0.0167,0.3817,0.0117,-0.365,False,False,0.433,0.032,no-gap(|ref-def|<0.02)
TRANS,S-PROBE,inplace,R1,R3,trans_mean,LERP,30,0.0614,0.0609,0.0581,0.0005,0.0028,True,True,0.5,0.194,no-gap(|ref-def|<0.02)
TRANS,S-PROBE,inplace,R1,R3,trans_mean,CUT50,30,0.0614,0.0609,0.059,0.0005,0.0019,True,True,0.533,0.282,no-gap(|ref-def|<0.02)
TRANS,S-PROBE,inplace,R1,R3,trans_mean,FREEZE,30,0.0614,0.0609,0.0595,0.0005,0.0014,True,True,0.5,0.375,no-gap(|ref-def|<0.02)
TRANS,S-PROBE,inplace,R2,R3,nu_max,LERP,30,0.2337,0.1947,0.2084,0.039,-0.0137,False,True,0.467,2.844,negligible(|def-N|<0.02)
TRANS,S-PROBE,inplace,R2,R3,nu_max,CUT50,30,0.2337,0.1947,0.0,0.039,0.1947,True,True,0.667,0.2,RIGHT
TRANS,S-PROBE,inplace,R2,R3,nu_max,FREEZE,30,0.2337,0.1947,0.0,0.039,0.1947,True,True,0.667,0.2,RIGHT
TRANS,S-PROBE,inplace,R2,R3,swap_sharp,LERP,30,0.2975,0.2993,0.153,-0.0018,0.1462,False,False,0.4,0.012,no-gap(|ref-def|<0.02)
TRANS,S-PROBE,inplace,R2,R3,swap_sharp,CUT50,30,0.2975,0.2993,1.0,-0.0018,-0.7007,True,True,0.6,0.003,no-gap(|ref-def|<0.02)
TRANS,S-PROBE,inplace,R2,R3,swap_sharp,FREEZE,30,0.2975,0.2993,1.0,-0.0018,-0.7007,True,True,0.6,0.003,no-gap(|ref-def|<0.02)
TRANS,S-PROBE,inplace,R2,R3,local_at_peak,LERP,30,0.0467,0.0167,0.0,0.03,0.0167,True,True,0.367,1.8,negligible(|def-N|<0.02)
TRANS,S-PROBE,inplace,R2,R3,local_at_peak,CUT50,30,0.0467,0.0167,0.3817,0.03,-0.365,False,False,0.4,0.082,WRONG
TRANS,S-PROBE,inplace,R2,R3,local_at_peak,FREEZE,30,0.0467,0.0167,0.3817,0.03,-0.365,False,False,0.4,0.082,WRONG
TRANS,S-PROBE,inplace,R2,R3,trans_mean,LERP,30,0.0606,0.0609,0.0581,-0.0003,0.0028,False,False,0.233,0.097,no-gap(|ref-def|<0.02)
TRANS,S-PROBE,inplace,R2,R3,trans_mean,CUT50,30,0.0606,0.0609,0.059,-0.0003,0.0019,False,False,0.333,0.141,no-gap(|ref-def|<0.02)
TRANS,S-PROBE,inplace,R2,R3,trans_mean,FREEZE,30,0.0606,0.0609,0.0595,-0.0003,0.0014,False,False,0.3,0.188,no-gap(|ref-def|<0.02)
