group,clip_id,gini_dino,step_dino,lerp_dino,gini_pix,step_pix
S-GRID:NULLGEN,null_v2__hero_flight_1__s42,0.8082922670950579,0.13492201463537132,0.29216471279256895,0.8466564109575232,0.08663223173949362
S-GRID:NULLGEN,null_v2__hero_flight_1__s43,0.6529319903964677,0.12526353966654372,0.24465430922589232,0.8241018675569847,0.0809169660508304
S-GRID:NULLGEN,null_v2__shadow_smoke_2__s42,0.8344835792158682,0.09181767119692952,0.27296965268006124,0.8508110280021992,0.10036545740379968
S-GRID:NULLGEN,null_v2__shadow_smoke_2__s43,0.8611658609353066,0.07813657557912515,0.3978482787368991,0.8833229787839716,0.07484524875966136
S-GRID:NULLGEN,null_v2__hero_flight_5__s42,0.9359807146415018,0.016413266753252075,0.4908147607070273,0.9303146518108028,0.03589360001823175
S-GRID:NULLGEN,null_v2__hero_flight_5__s43,0.8995609338130115,0.0891773493008278,0.4306185337765562,0.8385762627067124,0.10684623726584819
S-GRID:NULLGEN,null_v2__shadow_smoke_0__s42,0.8209944030664342,0.12025325768313351,0.40237933992240066,0.8009132310529625,0.17590306684377147
S-GRID:NULLGEN,null_v2__shadow_smoke_0__s43,0.7041103042501995,0.14946281444447412,0.28750404654479966,0.6653918876751015,0.19103957610419192
S-GRID:NULLGEN,null_v2__hero_flight_6__s42,0.5791897615627513,0.14368299169897036,0.38067868741807903,0.6512571241634759,0.15882409476411666
S-GRID:NULLGEN,null_v2__hero_flight_6__s43,0.5553334431940844,0.16190075387724837,0.38284889898414487,0.6734094049563255,0.16699877980160724
S-GRID:NULLGEN,null_v2__shadow_smoke_7__s42,0.8471026112946196,0.07779849017872324,0.44521159110901226,0.8658592980741113,0.08621151858441015
S-GRID:NULLGEN,null_v2__shadow_smoke_7__s43,0.8521724893103144,0.1507714165793366,0.3577397950443331,0.8615046070235826,0.20048071155914013
S-GRID:NULLGEN,null_v2__display_transition_1__s42,0.9344666699082493,0.02354024147585222,0.2887763004393613,0.8614401043778945,0.07462845094064305
S-GRID:NULLGEN,null_v2__display_transition_1__s43,0.9143902231003354,0.12960531838177528,0.3550022248889181,0.7716916072307771,0.11432505560557235
S-GRID:NULLGEN,null_v2__earth_wave_3__s42,0.7805311341700825,0.2379523473653883,0.2347686480033424,0.7953995562049854,0.17275058936734095
S-GRID:NULLGEN,null_v2__earth_wave_3__s43,0.6891921993896157,0.18900826513459856,0.2899173981270393,0.6467862414884731,0.20100877814721776
S-GRID:NULLGEN,null_v2__melt_transition_2__s42,0.8942641655396684,0.12431556146638484,0.24660579733895993,0.8796407899900489,0.09752679541467431
S-GRID:NULLGEN,null_v2__melt_transition_2__s43,0.8011949376678353,0.13753053547499453,0.25085742217885976,0.7741458809937285,0.12489615857136935
S-GRID:NULLGEN,null_v2__raven_transition_2__s42,0.816086698970649,0.13971148823265672,0.26457353655373783,0.8935546353998833,0.07009519632672165
S-GRID:NULLGEN,null_v2__raven_transition_2__s43,0.6882505779875447,0.1301033547040893,0.33954412880322093,0.7988235374308876,0.11485950799010897
S-GRID:NULLGEN,null_v2__air_bending_1__s42,0.8822008903039933,0.12650570346783196,0.2355808294796426,0.9256568297983763,0.10313270924756612
S-GRID:NULLGEN,null_v2__air_bending_1__s43,0.8065495011594173,0.09656459861356557,0.24879187311769607,0.9000289870587448,0.06929435557328695
S-GRID:NULLGEN,null_v2__giant_grab_3__s42,0.6854102563040148,0.308932709497415,0.15717136449581506,0.6453780885586105,0.2426417991050223
S-GRID:NULLGEN,null_v2__giant_grab_3__s43,0.7793298850409573,0.12555091280504074,0.2039862995796037,0.8450166123215122,0.09338357722951636
S-GRID:NULLGEN,null_v2__water_bending_3__s42,0.6948656275674732,0.10012674348074907,0.2073350340605495,0.8097887060966342,0.11423964084017066
S-GRID:NULLGEN,null_v2__water_bending_3__s43,0.7173625360511084,0.16024932386621316,0.23114420426834545,0.8930416157228525,0.0601303353143631
S-GRID:NULLGEN,null_v2__firelava_4__s42,0.6967455101319626,0.1408475181416138,0.21301452521401043,0.8230721075792291,0.10912351960070135
S-GRID:NULLGEN,null_v2__firelava_4__s43,0.6941114730291069,0.15022440975654933,0.16869052295039316,0.8378381399265018,0.08526290319237236
S-GRID:NULLGEN,null_v2__flying_cam_transition_4__s42,0.7811850668746567,0.10424106444296129,0.2209952114710888,0.8141416461575155,0.11050490313247034
S-GRID:NULLGEN,null_v2__flying_cam_transition_4__s43,0.7347444576116136,0.115934712627369,0.22125647362820153,0.6709509580745212,0.14430185985425925
S-GRID-F:NULLGEN,gridF_v2__davis_bear_elephant__s42,0.6657928110880567,0.13105174154926635,0.21908917896283647,0.7279884895349298,0.12873591674724671
S-GRID-F:NULLGEN,gridF_v2__davis_bear_elephant__s43,0.7317795142668455,0.12130672221330353,0.2855688567982811,0.7257196083055171,0.14354052900503314
S-GRID-F:NULLGEN,gridF_v2__davis_tennis_snowboard__s42,0.5995240657608842,0.1888782582966484,0.15105448386488207,0.5462537111822516,0.2586767535781053
S-GRID-F:NULLGEN,gridF_v2__davis_tennis_snowboard__s43,0.5789188023182987,0.18114072163783715,0.20673101695357413,0.5925385926710818,0.28681320073946115
S-GRID-F:NULLGEN,gridF_v2__davis_blackswan_rhino__s42,0.8395588010621584,0.10267713652207706,0.2935978012381693,0.6089303491518916,0.2466328147901927
S-GRID-F:NULLGEN,gridF_v2__davis_blackswan_rhino__s43,0.8237429574979283,0.056283525558690484,0.26883952935640004,0.6209822902749162,0.24485212186731553
S-GRID:NULLGEN,null_v3__hero_flight_1__s42,0.8082922670950579,0.13492201463537132,0.29216471279256895,0.8466564109575232,0.08663223173949362
S-GRID:NULLGEN,null_v3__hero_flight_1__s43,0.6529319903964677,0.12526353966654372,0.24465430922589232,0.8241018675569847,0.0809169660508304
S-GRID:NULLGEN,null_v3__shadow_smoke_2__s42,0.8344835792158682,0.09181767119692952,0.27296965268006124,0.8508110280021992,0.10036545740379968
S-GRID:NULLGEN,null_v3__shadow_smoke_2__s43,0.8611658609353066,0.07813657557912515,0.3978482787368991,0.8833229787839716,0.07484524875966136
S-GRID:NULLGEN,null_v3__hero_flight_5__s42,0.9359807146415018,0.016413266753252075,0.4908147607070273,0.9303146518108028,0.03589360001823175
S-GRID:NULLGEN,null_v3__hero_flight_5__s43,0.8995609338130115,0.0891773493008278,0.4306185337765562,0.8385762627067124,0.10684623726584819
S-GRID:NULLGEN,null_v3__shadow_smoke_0__s42,0.8209944030664342,0.12025325768313351,0.40237933992240066,0.8009132310529625,0.17590306684377147
S-GRID:NULLGEN,null_v3__shadow_smoke_0__s43,0.7041103042501995,0.14946281444447412,0.28750404654479966,0.6653918876751015,0.19103957610419192
S-GRID:NULLGEN,null_v3__air_bending_1__s42,0.8822008903039933,0.12650570346783196,0.2355808294796426,0.9256568297983763,0.10313270924756612
S-GRID:NULLGEN,null_v3__air_bending_1__s43,0.8065495011594173,0.09656459861356557,0.24879187311769607,0.9000289870587448,0.06929435557328695
S-GRID:NULLGEN,null_v3__display_transition_1__s42,0.9344666699082493,0.02354024147585222,0.2887763004393613,0.8614401043778945,0.07462845094064305
S-GRID:NULLGEN,null_v3__display_transition_1__s43,0.9143902231003354,0.12960531838177528,0.3550022248889181,0.7716916072307771,0.11432505560557235
S-GRID:NULLGEN,null_v3__earth_wave_3__s42,0.7805311341700825,0.2379523473653883,0.2347686480033424,0.7953995562049854,0.17275058936734095
S-GRID:NULLGEN,null_v3__earth_wave_3__s43,0.6891921993896157,0.18900826513459856,0.2899173981270393,0.6467862414884731,0.20100877814721776
S-GRID:NULLGEN,null_v3__earth_wave_5__s42,0.8118513785000063,0.12483776382731664,0.24339184351155316,0.8441345388187242,0.1083795828419864
S-GRID:NULLGEN,null_v3__earth_wave_5__s43,0.7970609497249517,0.08838846059719381,0.2388303875943718,0.7757116612047792,0.14703010852508078
S-GRID:NULLGEN,null_v3__firelava_4__s42,0.6967455101319626,0.1408475181416138,0.21301452521401043,0.8230721075792291,0.10912351960070135
S-GRID:NULLGEN,null_v3__firelava_4__s43,0.6941114730291069,0.15022440975654933,0.16869052295039316,0.8378381399265018,0.08526290319237236
S-GRID:NULLGEN,null_v3__hero_flight_6__s42,0.5791897615627513,0.14368299169897036,0.38067868741807903,0.6512571241634759,0.15882409476411666
S-GRID:NULLGEN,null_v3__hero_flight_6__s43,0.5553334431940844,0.16190075387724837,0.38284889898414487,0.6734094049563255,0.16699877980160724
S-GRID:NULLGEN,null_v3__melt_transition_2__s42,0.8942641655396684,0.12431556146638484,0.24660579733895993,0.8796407899900489,0.09752679541467431
S-GRID:NULLGEN,null_v3__melt_transition_2__s43,0.8011949376678353,0.13753053547499453,0.25085742217885976,0.7741458809937285,0.12489615857136935
S-GRID:NULLGEN,null_v3__raven_transition_2__s42,0.816086698970649,0.13971148823265672,0.26457353655373783,0.8935546353998833,0.07009519632672165
S-GRID:NULLGEN,null_v3__raven_transition_2__s43,0.6882505779875447,0.1301033547040893,0.33954412880322093,0.7988235374308876,0.11485950799010897
S-GRID:NULLGEN,null_v3__water_bending_3__s42,0.6948656275674732,0.10012674348074907,0.2073350340605495,0.8097887060966342,0.11423964084017066
S-GRID:NULLGEN,null_v3__water_bending_3__s43,0.7173625360511084,0.16024932386621316,0.23114420426834545,0.8930416157228525,0.0601303353143631
S-GRID:NULLGEN,null_v3__flame_transition_2__s42,0.7421636134409881,0.099101107107346,0.2951974069684313,0.9137789834388876,0.06389934102926309
S-GRID:NULLGEN,null_v3__flame_transition_2__s43,0.8201517191030314,0.03488213366837275,0.28672178999123726,0.9260753527663923,0.07541470479024197
S-GRID:NULLGEN,null_v3__flame_transition_3__s42,0.8532029232456271,0.06046507742064249,0.3359286402107911,0.9289927859558167,0.11016881283799189
S-GRID:NULLGEN,null_v3__flame_transition_3__s43,0.7517808453301753,0.08107701313960401,0.3633111952375952,0.9002153875370784,0.08221444295898961
S-GRID:NULLGEN,null_v3__giant_grab_5__s42,0.6197918907687066,0.23054368833918729,0.18992944444638343,0.6203062114174174,0.2426527801985049
S-GRID:NULLGEN,null_v3__giant_grab_5__s43,0.6260719156784762,0.25128224057751747,0.13095260630803282,0.6432028719559106,0.2836180077023755
S-GRID:NULLGEN,null_v3__shadow_smoke_7__s42,0.8471026112946196,0.07779849017872324,0.44521159110901226,0.8658592980741113,0.08621151858441015
S-GRID:NULLGEN,null_v3__shadow_smoke_7__s43,0.8521724893103144,0.1507714165793366,0.3577397950443331,0.8615046070235826,0.20048071155914013
S-GRID:NULLGEN,null_v3__giant_grab_3__s42,0.6854102563040148,0.308932709497415,0.15717136449581506,0.6453780885586105,0.2426417991050223
S-GRID:NULLGEN,null_v3__giant_grab_3__s43,0.7793298850409573,0.12555091280504074,0.2039862995796037,0.8450166123215122,0.09338357722951636
S-GRID:NULLGEN,null_v3__flying_cam_transition_4__s42,0.7811850668746567,0.10424106444296129,0.2209952114710888,0.8141416461575155,0.11050490313247034
S-GRID:NULLGEN,null_v3__flying_cam_transition_4__s43,0.7347444576116136,0.115934712627369,0.22125647362820153,0.6709509580745212,0.14430185985425925
S-GRID-F:NULLGEN,gridF_v3__davis_bear_elephant__s42,0.6657928110880567,0.13105174154926635,0.21908917896283647,0.7279884895349298,0.12873591674724671
S-GRID-F:NULLGEN,gridF_v3__davis_bear_elephant__s43,0.7317795142668455,0.12130672221330353,0.2855688567982811,0.7257196083055171,0.14354052900503314
S-GRID-F:NULLGEN,gridF_v3__davis_tennis_snowboard__s42,0.5995240657608842,0.1888782582966484,0.15105448386488207,0.5462537111822516,0.2586767535781053
S-GRID-F:NULLGEN,gridF_v3__davis_tennis_snowboard__s43,0.5789188023182987,0.18114072163783715,0.20673101695357413,0.5925385926710818,0.28681320073946115
S-GRID-F:NULLGEN,gridF_v3__hvpair.humanvid_10042758.humanvid_7537430__s42,0.8920595465314038,0.0134920507668368,0.30263239104967926,0.9411558898835519,0.011546960168175809
S-GRID-F:NULLGEN,gridF_v3__hvpair.humanvid_10042758.humanvid_7537430__s43,0.842086919843245,0.09640647033247988,0.31224279327648385,0.8912609800901306,0.09518848589499661
S-GRID-F:NULLGEN,gridF_v3__hvpair.humanvid_12405668.humanvid_7539020__s42,0.8178385359694944,0.08792187153332516,0.23344652541130662,0.6356511284647886,0.18829881127094578
S-GRID-F:NULLGEN,gridF_v3__hvpair.humanvid_12405668.humanvid_7539020__s43,0.6877508293939423,0.25784498506980663,0.18397779042356927,0.6972823058190132,0.17367037476551833
S-GRID-F:NULLGEN,gridF_v3__hvpair.humanvid_2402374.humanvid_7663067__s42,0.9162985759851259,0.013268755712779797,0.27618757817603384,0.91339875162829,0.030603223342299802
S-GRID-F:NULLGEN,gridF_v3__hvpair.humanvid_2402374.humanvid_7663067__s43,0.9174556688404396,0.015053274246860784,0.4997918672762835,0.9247221864642972,0.012055601305299004
S-GRID-F:NULLGEN,gridF_v3__hvpair.humanvid_3795426.humanvid_7670221__s42,0.7906367854309386,0.04697779584568062,0.4552365619371956,0.9561642026535995,0.015518316049883784
S-GRID-F:NULLGEN,gridF_v3__hvpair.humanvid_3795426.humanvid_7670221__s43,0.8307071423159187,0.1303082536567911,0.3952508862487606,0.9514491089775603,0.016546548032285086
S-GRID-F:NULLGEN,gridF_v3__hvpair.humanvid_4058810.humanvid_7682587__s42,0.877836395765524,0.09899780374207229,0.25157416661847626,0.9202920763775442,0.07608770409192045
S-GRID-F:NULLGEN,gridF_v3__hvpair.humanvid_4058810.humanvid_7682587__s43,0.8200812122429881,0.09783316707235784,0.3135972058507015,0.9167473895837939,0.05019102986174297
S-GRID-F:NULLGEN,gridF_v3__hvpair.humanvid_4076737.humanvid_7707744__s42,0.7705868732166856,0.06584563944399703,0.42606102068351986,0.8989237158785854,0.04660217427817137
S-GRID-F:NULLGEN,gridF_v3__hvpair.humanvid_4076737.humanvid_7707744__s43,0.733802245858296,0.11117549335360552,0.42550036702437233,0.8378296788502857,0.0909114212879174
S-GRID-F:NULLGEN,gridF_v3__hvpair.humanvid_4223661.humanvid_7772314__s42,0.9702131145862583,0.004581714031417054,0.38279790558307547,0.9533749142211254,0.031467251233719705
S-GRID-F:NULLGEN,gridF_v3__hvpair.humanvid_4223661.humanvid_7772314__s43,0.9055242999651982,0.07832591370853452,0.3278662408575125,0.8529934125326541,0.10746309715219937
S-GRID-F:NULLGEN,gridF_v3__hvpair.humanvid_4325522.humanvid_7776745__s42,0.7968271466082666,0.1891237936188849,0.2114288170812131,0.8587860008675554,0.13977063125352357
S-GRID-F:NULLGEN,gridF_v3__hvpair.humanvid_4325522.humanvid_7776745__s43,0.7981892560509818,0.11340392899223985,0.21531662794912498,0.8801767301655781,0.19067532025141015
S-GRID-F:NULLGEN,gridF_v3__davis_blackswan_rhino__s42,0.8395588010621584,0.10267713652207706,0.2935978012381693,0.6089303491518916,0.2466328147901927
S-GRID-F:NULLGEN,gridF_v3__davis_blackswan_rhino__s43,0.8237429574979283,0.056283525558690484,0.26883952935640004,0.6209822902749162,0.24485212186731553
S-GRID-F:NULLGEN,gridF_v3__hvpair.humanvid_4457812.humanvid_7864986__s42,0.7991224052170383,0.08937681271957508,0.2329225797284759,0.8273184660844191,0.08921671568932732
S-GRID-F:NULLGEN,gridF_v3__hvpair.humanvid_4457812.humanvid_7864986__s43,0.8011789158057117,0.10823979160734008,0.26353086882111454,0.8176487773679761,0.08395668975738908
S-GRID-F:NULLGEN,gridF_v3__hvpair.humanvid_4650062.humanvid_7884019__s42,0.8225739919786816,0.11470983859599959,0.21778501516961546,0.8892129040120968,0.10638564639367978
S-GRID-F:NULLGEN,gridF_v3__hvpair.humanvid_4650062.humanvid_7884019__s43,0.7549072759680464,0.12309249459090588,0.24529501054258918,0.7213553842482374,0.19700672876113742
S-GRID-F:NULLGEN,gridF_v3__hvpair.humanvid_4734626.humanvid_7957231__s42,0.8592930534889605,0.23751830885771033,0.2507547132804736,0.8400491012578855,0.22660540324593806
S-GRID-F:NULLGEN,gridF_v3__hvpair.humanvid_4734626.humanvid_7957231__s43,0.6853357877023063,0.12103245268768996,0.31921554771916233,0.638038837021794,0.26148949292600293
S-GRID-F:NULLGEN,gridF_v3__hvpair.humanvid_4873451.humanvid_7969628__s42,0.7835418102201559,0.12285071461395002,0.20442779337904654,0.7916618880571273,0.11054982108523752
S-GRID-F:NULLGEN,gridF_v3__hvpair.humanvid_4873451.humanvid_7969628__s43,0.6595393827403979,0.10657065930061382,0.2055242805167408,0.7203034342249506,0.14135324993688275
S-GRID-F:NULLGEN,gridF_v3__hvpair.humanvid_5124224.humanvid_7970355__s42,0.8469410029607998,0.0394438082289039,0.2951634146855138,0.8888218922095374,0.05461202320799654
S-GRID-F:NULLGEN,gridF_v3__hvpair.humanvid_5124224.humanvid_7970355__s43,0.8257933350011186,0.1696617456935749,0.21360980266671,0.9328461548400024,0.08802671374419982
S-GRID:GT,GT__air_bending_1,0.5336169105937034,0.2268920411793053,0.10284386543181105,0.5377038108157042,0.2469459129054278
S-GRID:GT,GT__display_transition_1,0.6246097005502871,0.20941551706153513,0.13260425794720326,0.41491612944428335,0.2845462463206476
S-GRID:GT,GT__earth_wave_3,0.48515334791139897,0.2892119446292081,0.06631363832074606,0.442285894775988,0.29645400877667566
S-GRID:GT,GT__earth_wave_5,0.5923722511697247,0.3014055532937476,0.08003832499888831,0.5524230419914933,0.30052688761826624
S-GRID:GT,GT__firelava_4,0.5112764272027823,0.31030881982816877,0.07512433613490728,0.4626751549905559,0.22020915734269692
S-GRID:GT,GT__flame_transition_2,0.5366877014348828,0.2366600811344316,0.10446449680331803,0.6522706270951946,0.1431374260440275
S-GRID:GT,GT__flame_transition_3,0.5556797278740249,0.18244582115072974,0.12922709779833944,0.6477115360774086,0.15759682204614697
S-GRID:GT,GT__flying_cam_transition_4,0.5466877440297058,0.25326498152691734,0.11304757836674459,0.5540229121894331,0.24750317140991576
S-GRID:GT,GT__giant_grab_3,0.5939443870101282,0.25768085086461084,0.19743012959960682,0.5952861594617378,0.20142873271929948
S-GRID:GT,GT__giant_grab_5,0.6289092417089421,0.1730087080046657,0.13709295874316255,0.5828049100097095,0.3419183417329241
S-GRID:GT,GT__hero_flight_1,0.5337979739253582,0.330818757483535,0.11912854981166536,0.6819631096596364,0.1958992616881422
S-GRID:GT,GT__hero_flight_5,0.6383114242121595,0.18704004886185777,0.17558898627143846,0.6531442075905962,0.24699001277814633
S-GRID:GT,GT__hero_flight_6,0.5996074555385833,0.19152256493757666,0.2022423469235723,0.5826188934399135,0.24391039157898087
S-GRID:GT,GT__melt_transition_2,0.7809985172459748,0.11205669579174489,0.22047361683114175,0.5794827149363795,0.18251029779829153
S-GRID:GT,GT__raven_transition_2,0.5331752075290883,0.2505385951140552,0.11404955361530993,0.40644611047800616,0.2872485788942609
S-GRID:GT,GT__shadow_smoke_0,0.5827068597994736,0.26657945194886273,0.08960611222947858,0.5183986676652079,0.2900158868751117
S-GRID:GT,GT__shadow_smoke_2,0.5533970663396728,0.21599328283773894,0.22657772449875058,0.5033281308724626,0.2395095717935853
S-GRID:GT,GT__shadow_smoke_7,0.5807190702396241,0.27287304598076845,0.14483583014887133,0.38783922375840163,0.2752396962008064
S-GRID:GT,GT__water_bending_3,0.5578461608641707,0.3404629272148157,0.07839032816989347,0.41780647093561374,0.27546278990681994
S-PROBE:R1:high,probe__P01H__wireframe_7__s42,0.7097272336504439,0.21195192524418663,0.2295997425378919,0.7997015590487646,0.13858011903502002
S-PROBE:R2:high,probe_r2__P01H__s42,0.6708959472622094,0.2568326354452869,0.22560430348178656,0.7853129862425232,0.16945586631340692
S-PROBE:R3:high,probe_r3__P01H__s42,0.7658690860928647,0.10791344791599085,0.3152622496636809,0.8107818052933269,0.10833139263027158
S-PROBE:R1:high,probe__P01H__wireframe_7__s43,0.6921090797414944,0.2951990599465438,0.21512676593586758,0.5936061307927643,0.19645834104476106
S-PROBE:R2:high,probe_r2__P01H__s43,0.6263074751950237,0.26144610084348513,0.24006599502010706,0.5555898922497973,0.181971724231232
S-PROBE:R3:high,probe_r3__P01H__s43,0.8459122629305686,0.08676304130929467,0.4542118452737302,0.8041136683251222,0.1468794932228325
S-PROBE:R1:high,probe__P01H__wireframe_7__s44,0.7022149692264568,0.23257655166104424,0.20141232818969648,0.687298331143412,0.16992964763152094
S-PROBE:R2:high,probe_r2__P01H__s44,0.7073332479538921,0.21525879633041134,0.19612515083785656,0.7686798023960897,0.13181273078969274
S-PROBE:R3:high,probe_r3__P01H__s44,0.7199786137769639,0.13157141538176448,0.2952518208916535,0.8073231554020877,0.10146650591516757
S-PROBE:R1:high,probe__P02H__super_fast_run_10__s42,0.7993784920276117,0.07276331616620454,0.3624917387979557,0.7401487337668564,0.14108716468816307
S-PROBE:R2:high,probe_r2__P02H__s42,0.8388341600082407,0.05401796566114014,0.37882382725459296,0.7127416521227115,0.26771144191317814
S-PROBE:R3:high,probe_r3__P02H__s42,0.8700361708727564,0.031359519105644204,0.40353607176259654,0.8665963471712324,0.07721376734170841
S-PROBE:R1:high,probe__P02H__super_fast_run_10__s43,0.7695910536247739,0.15511653836004313,0.3545754237585769,0.7739731021965848,0.2439131980485285
S-PROBE:R2:high,probe_r2__P02H__s43,0.786679038264422,0.10379282110911507,0.4121617841840108,0.7150114336883104,0.15657551365937714
S-PROBE:R3:high,probe_r3__P02H__s43,0.8929435458468544,0.09484594608468251,0.4335907533410689,0.8700486237473541,0.11871952452469094
S-PROBE:R1:high,probe__P02H__super_fast_run_10__s44,0.6664010477625306,0.1820241145900533,0.29812377063251205,0.614484065307727,0.1663082818845838
S-PROBE:R2:high,probe_r2__P02H__s44,0.6565744305499601,0.19781682091959638,0.3519296143745803,0.5107550610688252,0.20855489655102616
S-PROBE:R3:high,probe_r3__P02H__s44,0.8411114392717676,0.17047189234424276,0.3157392656528192,0.8381549518115368,0.13193911229101477
S-PROBE:R1:high,probe__P03H__portal_1__s42,0.5393083566559065,0.31403707191555924,0.09774460068872627,0.5476452763067279,0.29122644109993695
S-PROBE:R2:high,probe_r2__P03H__s42,0.560241068825666,0.2850642820724741,0.07097689092842227,0.6103671327208351,0.27354525825823955
S-PROBE:R3:high,probe_r3__P03H__s42,0.7535318209219921,0.09392387633557547,0.2809110147591015,0.8895856266136004,0.06324095923012601
S-PROBE:R1:high,probe__P03H__portal_1__s43,0.5532370012086647,0.27498968280697134,0.12003039681320515,0.7094952915526502,0.21922421062445796
S-PROBE:R2:high,probe_r2__P03H__s43,0.578564570190035,0.2738629763583874,0.10779331396251704,0.5548083729249358,0.26357768239886653
S-PROBE:R3:high,probe_r3__P03H__s43,0.7194995964920787,0.08377308267748566,0.26950471049781993,0.8419524137249437,0.10260556179291774
S-PROBE:R1:high,probe__P03H__portal_1__s44,0.5807296156861876,0.30164062318468504,0.11613671510896713,0.6094001958975905,0.18414394057387357
S-PROBE:R2:high,probe_r2__P03H__s44,0.6114389711344734,0.28301442584996617,0.08465483386630969,0.6255987388083084,0.2830116371481079
S-PROBE:R3:high,probe_r3__P03H__s44,0.7475163038860912,0.104624493054726,0.21416445829312536,0.7910908231896057,0.11894091691329191
S-PROBE:R1:high,probe__P04H__portal_10__s42,0.5371543309684472,0.21567137122883773,0.2692696245160408,0.6176861300237018,0.14601863048859245
S-PROBE:R2:high,probe_r2__P04H__s42,0.6118802514407047,0.2267871986222696,0.36083657689130927,0.6623391761882693,0.1627490664663355
S-PROBE:R3:high,probe_r3__P04H__s42,0.6029805839025171,0.26163906782895513,0.3439213991933256,0.7013350960143399,0.14280351067338615
S-PROBE:R1:high,probe__P04H__portal_10__s43,0.5561797603144985,0.25959291559833075,0.15087103202983065,0.550729251380452,0.305144529072136
S-PROBE:R2:high,probe_r2__P04H__s43,0.6103233268903541,0.32533695731970563,0.19202183325280425,0.5165688747735422,0.23372874634625412
S-PROBE:R3:high,probe_r3__P04H__s43,0.564709456880115,0.24914188078027838,0.266860162401327,0.6658994176001594,0.2244280831342618
S-PROBE:R1:high,probe__P04H__portal_10__s44,0.5517392575749596,0.2896994919151504,0.1619918622210347,0.47916643402397874,0.3311970429286404
S-PROBE:R2:high,probe_r2__P04H__s44,0.6215674355711729,0.3010421849018864,0.20518241580996965,0.3760111616465125,0.3582841792806851
S-PROBE:R3:high,probe_r3__P04H__s44,0.6474109115283186,0.27187036268034925,0.2399256622604863,0.46398776536907493,0.36920014093895837
S-PROBE:R1:high,probe__P05H__explosion_1__s42,0.6138372433434163,0.29690687394131976,0.14406679907335596,0.5536462768737549,0.29241941078954464
S-PROBE:R2:high,probe_r2__P05H__s42,0.6161161318881259,0.28358307061744437,0.156754490371218,0.5663123134214072,0.2854282162978361
S-PROBE:R3:high,probe_r3__P05H__s42,0.7953063072232636,0.08851852577749056,0.25153759543610793,0.618429728894339,0.17781425509930981
S-PROBE:R1:high,probe__P05H__explosion_1__s43,0.6130621280002297,0.30780884278675436,0.1888653804860794,0.649041522178218,0.3268590241153488
S-PROBE:R2:high,probe_r2__P05H__s43,0.6415599525744395,0.30925270791441334,0.19408813413258746,0.6289670057944023,0.30702499412116957
S-PROBE:R3:high,probe_r3__P05H__s43,0.9090664271531554,0.09282034697133895,0.34339382266599094,0.916612942226875,0.06700833081093546
S-PROBE:R1:high,probe__P05H__explosion_1__s44,0.6435692911125694,0.3262469878073796,0.15623383582413286,0.6336266151223495,0.3589552968272661
S-PROBE:R2:high,probe_r2__P05H__s44,0.7411814468107458,0.2876059944769112,0.22352248575302602,0.716945718346855,0.26159430548668605
S-PROBE:R3:high,probe_r3__P05H__s44,0.8853792055058047,0.11526975395568435,0.33310202473033307,0.8812379761513753,0.07429368959451871
S-PROBE:R1:high,probe__P06H__explosion_0__s42,0.6163880140656031,0.20249989576761893,0.2917388601852036,0.5253359278959566,0.2179913457811804
S-PROBE:R2:high,probe_r2__P06H__s42,0.7458610739372828,0.17957319549823417,0.3860004823296545,0.7744486703193321,0.1998650778060649
S-PROBE:R3:high,probe_r3__P06H__s42,0.8731638465585463,0.037837544940615135,0.4700242586376507,0.946527224664949,0.018431863576358346
S-PROBE:R1:high,probe__P06H__explosion_0__s43,0.747525731907708,0.12938826918615573,0.3290737981807822,0.8198940158446071,0.135998895566283
S-PROBE:R2:high,probe_r2__P06H__s43,0.8046041986210548,0.09175714956121055,0.33126165789368667,0.8403724174110969,0.09935507648428457
S-PROBE:R3:high,probe_r3__P06H__s43,0.8351927568430877,0.07779845638789232,0.330347196493016,0.8825361993567558,0.08878808484888277
S-PROBE:R1:high,probe__P06H__explosion_0__s44,0.6711033564093309,0.17208389004300567,0.3204787300923723,0.6958703362479812,0.14386752682332868
S-PROBE:R2:high,probe_r2__P06H__s44,0.7175502308453034,0.13891074740134013,0.3512105257667859,0.7162792286923227,0.1117625572375822
S-PROBE:R3:high,probe_r3__P06H__s44,0.8314260791879988,0.09685318652963847,0.40306202914173306,0.8434698541644525,0.10579643236894853
S-PROBE:R1:high,probe__P07H__plasma_explosion_2__s42,0.691298470445376,0.178205153076493,0.22315897528555478,0.6334404183446309,0.14433695732285065
S-PROBE:R2:high,probe_r2__P07H__s42,0.7325812558814362,0.17467326176544573,0.2111544604177321,0.6590976972233036,0.13241372138857804
S-PROBE:R3:high,probe_r3__P07H__s42,0.8666605513854415,0.08236402088004033,0.2954671055340402,0.8060409050311377,0.10159981331822193
S-PROBE:R1:high,probe__P07H__plasma_explosion_2__s43,0.7174078811797575,0.12874365703058308,0.27562079935984,0.5718171088007151,0.19025712953882792
S-PROBE:R2:high,probe_r2__P07H__s43,0.7836630539042593,0.14776643607808349,0.350088125710896,0.7133959935148892,0.14609596311744857
S-PROBE:R3:high,probe_r3__P07H__s43,0.8891577323369246,0.10765154396302239,0.35350005387770017,0.798138347422934,0.11395082088709796
S-PROBE:R1:high,probe__P07H__plasma_explosion_2__s44,0.6610301836296602,0.21047149754659394,0.28597869701009293,0.7260297629519052,0.12602744702228422
S-PROBE:R2:high,probe_r2__P07H__s44,0.6759258680161022,0.21055862007085777,0.2982026836501185,0.7341732363406805,0.11498574302338178
S-PROBE:R3:high,probe_r3__P07H__s44,0.8570185491008162,0.03920961485788455,0.30672546702451237,0.7906505650318258,0.1083869010824638
S-PROBE:R1:high,probe__P08H__point_cloud_1__s42,0.6409248348348824,0.13689019956140502,0.30716569720192954,0.7403508853985112,0.16382147494688803
S-PROBE:R2:high,probe_r2__P08H__s42,0.7699342528698425,0.11092878923425314,0.29548674843609274,0.7453791544101469,0.19072569396983394
S-PROBE:R3:high,probe_r3__P08H__s42,0.756491371095793,0.08252962619773543,0.38814667722268464,0.8735987501561187,0.15260720793761667
S-PROBE:R1:high,probe__P08H__point_cloud_1__s43,0.7324808050062659,0.23295608359502934,0.2206497542476658,0.763216147059993,0.1874618228776439
S-PROBE:R2:high,probe_r2__P08H__s43,0.7516713695331965,0.21070796061955857,0.22410718491813214,0.811589821236333,0.17554428827944682
S-PROBE:R3:high,probe_r3__P08H__s43,0.836249169333309,0.12298212676070636,0.3135714927184583,0.851829193184223,0.17107529652475287
S-PROBE:R1:high,probe__P08H__point_cloud_1__s44,0.6901586625454614,0.24510902940940915,0.21993633881379893,0.6810226392836884,0.22434786946490654
S-PROBE:R2:high,probe_r2__P08H__s44,0.7433552800397065,0.24032250787559087,0.19993317064755217,0.7213548261272662,0.2118111081828996
S-PROBE:R3:high,probe_r3__P08H__s44,0.8897478466396866,0.050617131490305514,0.3355557654771602,0.8893478699053952,0.06653438432641992
S-PROBE:R1:high,probe__P09H__point_cloud_0__s42,0.6781374711734689,0.35032505392491975,0.20741371086737087,0.6133191182245552,0.3177679427819305
S-PROBE:R2:high,probe_r2__P09H__s42,0.7526807672854292,0.2910063319924141,0.3121632540568056,0.8536273209744729,0.05844986714335891
S-PROBE:R3:high,probe_r3__P09H__s42,0.9307820861345706,0.08315056889757086,0.5352081320021354,0.9535499988265459,0.059234060908187475
S-PROBE:R1:high,probe__P09H__point_cloud_0__s43,0.7391291148522272,0.3929766082712281,0.21258341110179674,0.6422980972511068,0.35348736236274236
S-PROBE:R2:high,probe_r2__P09H__s43,0.6398290165427722,0.3313450193078559,0.17946385046518917,0.6074833865194069,0.39739876735806146
S-PROBE:R3:high,probe_r3__P09H__s43,0.8633654353587099,0.06038202438316638,0.31455483008581153,0.8425671169346585,0.10683478877430747
S-PROBE:R1:high,probe__P09H__point_cloud_0__s44,0.5684757521308081,0.3960156704418824,0.1920989562159949,0.5548386683049684,0.26947779015917567
S-PROBE:R2:high,probe_r2__P09H__s44,0.699632996515479,0.30391667904118724,0.27474738279289845,0.7373896563698861,0.18189258152734664
S-PROBE:R3:high,probe_r3__P09H__s44,0.7756992264935423,0.1917451508982785,0.34977863162664075,0.8332435361729846,0.12731990734748913
S-PROBE:R1:high,probe__P10H__monstrosity_0__s42,0.6416609649505476,0.31475678969953585,0.10475404645605445,0.3981948157916433,0.2982830865432818
S-PROBE:R2:high,probe_r2__P10H__s42,0.6274191245092564,0.3231690587766213,0.10599197091622045,0.4807487328078446,0.27461913675050864
S-PROBE:R3:high,probe_r3__P10H__s42,0.7396221597494932,0.11290364341873907,0.24814988232199764,0.4939353433605833,0.2003266340809225
S-PROBE:R1:high,probe__P10H__monstrosity_0__s43,0.6442103088529647,0.24953555022029195,0.1366554117055242,0.5300972124303605,0.22291348896961788
S-PROBE:R2:high,probe_r2__P10H__s43,0.6867176041365601,0.23967819766842485,0.18426803287414728,0.56787781664398,0.17348417110941844
S-PROBE:R3:high,probe_r3__P10H__s43,0.7533569775405264,0.09781851933351701,0.24850215662465072,0.42304412408242964,0.20759209346572155
S-PROBE:R1:high,probe__P10H__monstrosity_0__s44,0.6125035563328007,0.2850157782924318,0.14234693391907915,0.5700747416460923,0.2271398048305954
S-PROBE:R2:high,probe_r2__P10H__s44,0.60758998232719,0.2700510423748415,0.1656276841149907,0.6123775987475821,0.16751307555511669
S-PROBE:R3:high,probe_r3__P10H__s44,0.7853479675686015,0.09174679480686423,0.2771435672351817,0.6823795150319905,0.13814203895204813
S-PROBE:R1:high,probe__P11H__water_element_3__s42,0.6577384738355669,0.2714654169225537,0.12251904597698311,0.7902977787223793,0.09677676454857291
S-PROBE:R2:high,probe_r2__P11H__s42,0.7091192870346255,0.30848354413120654,0.12314088160806912,0.6660727485163986,0.14524333368356027
S-PROBE:R3:high,probe_r3__P11H__s42,0.9326686234851163,0.011893558472370324,0.4205210416327861,0.9361608819808533,0.01561508176211183
S-PROBE:R1:high,probe__P11H__water_element_3__s43,0.6716947199630259,0.2687635951868623,0.11371906401649023,0.6935933138694081,0.13247982070622003
S-PROBE:R2:high,probe_r2__P11H__s43,0.6135831633616515,0.31521976092020215,0.16790617433639501,0.6318763478516798,0.1563487603570641
S-PROBE:R3:high,probe_r3__P11H__s43,0.81253488875466,0.16680134573213856,0.2723610161190534,0.7398503002236463,0.1530709446828235
S-PROBE:R1:high,probe__P11H__water_element_3__s44,0.6319270819084859,0.319945391040019,0.12069550395469664,0.8053958841059243,0.14571449313343077
S-PROBE:R2:high,probe_r2__P11H__s44,0.7248152223180355,0.26558406696856024,0.17479434475977862,0.7454481905124901,0.15455811734927488
S-PROBE:R3:high,probe_r3__P11H__s44,0.858284206343294,0.09603271542090736,0.2795546891756909,0.8886034643772829,0.07756258531965003
S-PROBE:R1:high,probe__P12H__water_element_4__s42,0.637677569020936,0.25599171676187266,0.12992801821322947,0.5507671292789154,0.1987488385175768
S-PROBE:R2:high,probe_r2__P12H__s42,0.7150389628781546,0.2216211365749654,0.14209742725854335,0.6619045979646287,0.16972873100803093
S-PROBE:R3:high,probe_r3__P12H__s42,0.8129671211604601,0.08609838547295504,0.24997786435923347,0.6926529634893632,0.15184169141773934
S-PROBE:R1:high,probe__P12H__water_element_4__s43,0.6839832626500959,0.20518211963353333,0.19505840122887738,0.4806779889210522,0.2440761196680908
S-PROBE:R2:high,probe_r2__P12H__s43,0.711497891113922,0.1728198492249156,0.21329778565872196,0.5017896957566148,0.22809030984520418
S-PROBE:R3:high,probe_r3__P12H__s43,0.8867850511706961,0.10746781516278167,0.3347786732312494,0.8026259408684213,0.1203039991230842
S-PROBE:R1:high,probe__P12H__water_element_4__s44,0.6073265552494742,0.2159794085429336,0.13817978871114933,0.47645898184206303,0.20250315919853737
S-PROBE:R2:high,probe_r2__P12H__s44,0.5614106506740122,0.22176859702733628,0.10867222535653517,0.4190731667117096,0.20954027822916266
S-PROBE:R3:high,probe_r3__P12H__s44,0.8571895063841406,0.0940252191963726,0.2455159682000687,0.8751267991737139,0.05825164535267269
S-PROBE:R1:high,probe__P13H__northern_lights_0__s42,0.7220508334271634,0.21419245037853227,0.18224551549253626,0.6321969486211689,0.25601942134963973
S-PROBE:R2:high,probe_r2__P13H__s42,0.7602811584128388,0.13206802104932247,0.18951541335789598,0.680204061045188,0.2157856211666023
S-PROBE:R3:high,probe_r3__P13H__s42,0.7823049360834411,0.12376112850833244,0.31604486061330234,0.5402440894159566,0.18557630330290872
S-PROBE:R1:high,probe__P13H__northern_lights_0__s43,0.642958952560476,0.19850993492144528,0.1773602008065925,0.5693804277223331,0.22645969608841604
S-PROBE:R2:high,probe_r2__P13H__s43,0.6639270688691503,0.18908138337449865,0.18074206524970957,0.5101318519521734,0.24507054809873965
S-PROBE:R3:high,probe_r3__P13H__s43,0.8058672301875083,0.1286586578952672,0.27173089895012253,0.6978546933890715,0.12437075059907465
S-PROBE:R1:high,probe__P13H__northern_lights_0__s44,0.7359038796818802,0.13256626192106302,0.309903592521824,0.6282877571968213,0.16039084893690914
S-PROBE:R2:high,probe_r2__P13H__s44,0.8686320770523277,0.10840792375143134,0.3302943859594261,0.823486284689267,0.08154159262752476
S-PROBE:R3:high,probe_r3__P13H__s44,0.8797259497781751,0.09547715075893186,0.38914877290997124,0.8361167657861941,0.09302313926741697
S-PROBE:R1:high,probe__P14H__fire_element_2__s42,0.7029073861182127,0.1399206942428641,0.30245258943510034,0.6415824895664455,0.1882121178764728
S-PROBE:R2:high,probe_r2__P14H__s42,0.7014291746727879,0.13140020368465627,0.32093051800955835,0.5849121241941944,0.19450819425858323
S-PROBE:R3:high,probe_r3__P14H__s42,0.871503293118193,0.09931470201670456,0.3726104875339271,0.8998985163253865,0.08056059802677744
S-PROBE:R1:high,probe__P14H__fire_element_2__s43,0.5727840190566793,0.24261228754052255,0.16611407124826502,0.5173313986258159,0.22548472028529012
S-PROBE:R2:high,probe_r2__P14H__s43,0.6037044109424405,0.22460135584136814,0.19111563826662142,0.43848800417163547,0.22121256164653808
S-PROBE:R3:high,probe_r3__P14H__s43,0.8987680792874604,0.05954882518889727,0.3546171643269432,0.8583027886112042,0.08826795728451309
S-PROBE:R1:high,probe__P14H__fire_element_2__s44,0.7090343025526415,0.25532032608997174,0.2218785290515814,0.6076981347245771,0.19984397365091164
S-PROBE:R2:high,probe_r2__P14H__s44,0.6641188797794202,0.2472412703717786,0.22311734595952715,0.6917126537425058,0.18378941088115183
S-PROBE:R3:high,probe_r3__P14H__s44,0.7960522778793004,0.1794020946680347,0.2573028113279231,0.8183617903723897,0.08237507628821043
S-PROBE:R1:high,probe__P15H__fire_element_3__s42,0.6606500113384828,0.19972828136782705,0.15173231957368127,0.7340656118211668,0.1187346819367157
S-PROBE:R2:high,probe_r2__P15H__s42,0.6238126273568463,0.2031783159420641,0.19984698739243567,0.6717627625138629,0.15103882118970735
S-PROBE:R3:high,probe_r3__P15H__s42,0.8653948654756514,0.05690577600987704,0.35343827011284185,0.8608976128953325,0.08356385611772173
S-PROBE:R1:high,probe__P15H__fire_element_3__s43,0.5712706426104717,0.2207423186504204,0.11137881455799781,0.6159298413817718,0.15970917938070778
S-PROBE:R2:high,probe_r2__P15H__s43,0.5518608852710545,0.2356282174254251,0.11755933339552835,0.7038499467547852,0.17737650314018455
S-PROBE:R3:high,probe_r3__P15H__s43,0.8757283182175941,0.14358561400463046,0.29087970535367563,0.8396503663383901,0.11156292043597857
S-PROBE:R1:high,probe__P15H__fire_element_3__s44,0.630812037354894,0.2221006666615227,0.1264578002335233,0.749051479948047,0.109011271339045
S-PROBE:R2:high,probe_r2__P15H__s44,0.6183901420689075,0.1980898858364642,0.14380760921268618,0.7362895475968914,0.1164444910313319
S-PROBE:R3:high,probe_r3__P15H__s44,0.9028461149942111,0.06807799870578529,0.26507832596713915,0.8343088721885423,0.06915710913543194
S-PROBE:R1:high,probe__P16H__color_rain_2__s42,0.8598008043178853,0.07176787649438904,0.26481792305397883,0.6712544586932863,0.16900703879693174
S-PROBE:R2:high,probe_r2__P16H__s42,0.8881458446815049,0.07661926657802419,0.3353511929716885,0.8402810114568704,0.11320383417398537
S-PROBE:R3:high,probe_r3__P16H__s42,0.8740224786058564,0.0897560968310445,0.309643095777356,0.8560428382518279,0.10109473845887194
S-PROBE:R1:high,probe__P16H__color_rain_2__s43,0.8165258788504572,0.11207989020294018,0.2912184313073944,0.7356637254437237,0.15033933182568782
S-PROBE:R2:high,probe_r2__P16H__s43,0.7717435047249881,0.10924801266580138,0.3323166523756156,0.7213056518961134,0.15217137932743596
S-PROBE:R3:high,probe_r3__P16H__s43,0.8584282923923519,0.08728020042914957,0.39226153102442285,0.8996758950459189,0.10221808401781042
S-PROBE:R1:high,probe__P16H__color_rain_2__s44,0.7876478270456106,0.10569383259490724,0.2208137781874442,0.6071597949918766,0.18871957773602596
S-PROBE:R2:high,probe_r2__P16H__s44,0.7911386299653009,0.12248738911867657,0.2226242020449604,0.5726885831314539,0.18146080839858303
S-PROBE:R3:high,probe_r3__P16H__s44,0.8068514552884147,0.12241831788809507,0.2239607538866019,0.7122156106286162,0.13989892837925258
S-PROBE:R1:high,probe__P17H__color_rain_0__s42,0.7857402504421054,0.1979783429057647,0.23895344875990782,0.7220121177013288,0.17498942756474514
S-PROBE:R2:high,probe_r2__P17H__s42,0.7779214550811888,0.22246741267716566,0.2321479170131101,0.7321017999617776,0.17529653688832386
S-PROBE:R3:high,probe_r3__P17H__s42,0.8275952381246467,0.07205996115725438,0.2612076446808105,0.7825836024427058,0.11205888102012572
S-PROBE:R1:high,probe__P17H__color_rain_0__s43,0.7536680965399729,0.19096517897370763,0.24584648463648942,0.7860559982238438,0.13637084106610442
S-PROBE:R2:high,probe_r2__P17H__s43,0.7401444056434658,0.15806592406885722,0.2830245920268996,0.7686191737250607,0.12065975881986117
S-PROBE:R3:high,probe_r3__P17H__s43,0.898178025732161,0.06595113028955923,0.35433994416474607,0.8864898867802329,0.08259798692847332
S-PROBE:R1:high,probe__P17H__color_rain_0__s44,0.7207459123334752,0.2345530846406978,0.2537716028028039,0.7576514962522756,0.16737127076961777
S-PROBE:R2:high,probe_r2__P17H__s44,0.7409240808154518,0.21252814129138453,0.27538141396850213,0.7535847039458803,0.16860964510549228
S-PROBE:R3:high,probe_r3__P17H__s44,0.8521099537437358,0.08528296430323125,0.2574663165570651,0.8065101127365193,0.11739838968026574
S-PROBE:R1:high,probe__P18H__earth_element_6__s42,0.6261870185573521,0.21136833355514803,0.232377343935547,0.39647324620907565,0.26383424797016164
S-PROBE:R2:high,probe_r2__P18H__s42,0.5751659040886685,0.23986813245045285,0.19773017478271038,0.3932036589196326,0.2579519613554796
S-PROBE:R3:high,probe_r3__P18H__s42,0.6592530736911262,0.1142344036552103,0.22042455769101515,0.40267771715620215,0.24437509072122343
S-PROBE:R1:high,probe__P18H__earth_element_6__s43,0.65189519437575,0.19302618939498314,0.25211239530809854,0.45448926067806816,0.23000501444604596
S-PROBE:R2:high,probe_r2__P18H__s43,0.6334310438959685,0.1899436038089533,0.22947528681383544,0.4341888550144357,0.2364056188983748
S-PROBE:R3:high,probe_r3__P18H__s43,0.7071460980253035,0.12879941812963266,0.39441097472321224,0.6103130262821161,0.21819741808960322
S-PROBE:R1:high,probe__P18H__earth_element_6__s44,0.5423852184320019,0.2553076102565589,0.17391795149297484,0.43821160114488866,0.23856925236771032
S-PROBE:R2:high,probe_r2__P18H__s44,0.44394800722075267,0.2687660538141794,0.13371716989280605,0.43197735114528624,0.23553647047034845
S-PROBE:R3:high,probe_r3__P18H__s44,0.7187158021062141,0.11965567202556815,0.21970759888052985,0.6708051634889749,0.1836742129619201
S-PROBE:R1:high,probe__P19H__earth_element_4__s42,0.6547461330325763,0.18099874619523396,0.15084245662698095,0.46148091241848577,0.24402104736622404
S-PROBE:R2:high,probe_r2__P19H__s42,0.6256297546827054,0.2821323343974958,0.07835943299996372,0.5432970878631962,0.28908729634475794
S-PROBE:R3:high,probe_r3__P19H__s42,0.847582459858002,0.08508036011921634,0.2496024085274754,0.6112702351531594,0.16915444660515994
S-PROBE:R1:high,probe__P19H__earth_element_4__s43,0.6602442048708221,0.2635245084764881,0.1368983876085343,0.47602964030173056,0.3407233637479567
S-PROBE:R2:high,probe_r2__P19H__s43,0.6584767930914386,0.2431594028204985,0.14424331880771932,0.5057170351099929,0.3041812383520486
S-PROBE:R3:high,probe_r3__P19H__s43,0.879101866676685,0.11315621248959415,0.28431246985973774,0.801108863308911,0.15260233653510563
S-PROBE:R1:high,probe__P19H__earth_element_4__s44,0.5347307777159935,0.27477681446663127,0.10713862303900153,0.4946330484343566,0.21936755557505613
S-PROBE:R2:high,probe_r2__P19H__s44,0.622086102900288,0.29018755084253084,0.2319428376470659,0.6506182631521968,0.1755206670939877
S-PROBE:R3:high,probe_r3__P19H__s44,0.7529566861339001,0.19490526758783683,0.27278314035884305,0.7222195303637133,0.24240405266043663
S-PROBE:R1:high,probe__P20H__train_rush_1__s42,0.7853134521543139,0.20779289896948616,0.18451857854571332,0.6729127515901985,0.16149746881764246
S-PROBE:R2:high,probe_r2__P20H__s42,0.764534872545366,0.17849228649052326,0.2120074762025125,0.6511504637497922,0.14645176732037749
S-PROBE:R3:high,probe_r3__P20H__s42,0.8415000474071856,0.06590275695917384,0.25567574274313665,0.8613809452619374,0.08442517860340422
S-PROBE:R1:high,probe__P20H__train_rush_1__s43,0.6816163888980358,0.23349317565860575,0.15243471486151253,0.6076178322920809,0.195729795290248
S-PROBE:R2:high,probe_r2__P20H__s43,0.633092290060409,0.21285789857934695,0.16385832209411863,0.5833157843539207,0.20386248394324502
S-PROBE:R3:high,probe_r3__P20H__s43,0.7260457486633254,0.14320654962136253,0.3037137174472851,0.6496122728934965,0.17423317121369336
S-PROBE:R1:high,probe__P20H__train_rush_1__s44,0.619875407857557,0.23932275675568349,0.1906593246689864,0.8176654427098256,0.09428816914596364
S-PROBE:R2:high,probe_r2__P20H__s44,0.6137006303693977,0.23681913696977225,0.17480234280117826,0.7716658359593787,0.09982789308104567
S-PROBE:R3:high,probe_r3__P20H__s44,0.5981256336483822,0.1669428885666276,0.37276478733376756,0.7227701500423576,0.1501489724525892
S-PROBE:R1:high,probe__P21H__train_rush_0__s42,0.7288122399322308,0.16880916290461517,0.2961670630121382,0.8102732345227293,0.11650540257020592
S-PROBE:R2:high,probe_r2__P21H__s42,0.7902679457922055,0.1427019743148201,0.30236160149538305,0.8693251491047149,0.090854043327836
S-PROBE:R3:high,probe_r3__P21H__s42,0.8667131598069866,0.05683477386531627,0.3061332930221418,0.9362673233599712,0.052102761652250335
S-PROBE:R1:high,probe__P21H__train_rush_0__s43,0.7254569274392599,0.25503294851808517,0.27006132308416436,0.7704920626300773,0.17786098979660145
S-PROBE:R2:high,probe_r2__P21H__s43,0.8080068451770548,0.23290377370222576,0.31173836428330565,0.7865922169703157,0.17748609334242396
S-PROBE:R3:high,probe_r3__P21H__s43,0.922523317076102,0.09276857205020361,0.30546528276763785,0.9161942019197278,0.10445668950261167
S-PROBE:R1:high,probe__P21H__train_rush_0__s44,0.7752084667884478,0.26820064811884653,0.31449790875399,0.7652853735096203,0.2675651966048079
S-PROBE:R2:high,probe_r2__P21H__s44,0.7214607369323993,0.2484906256568352,0.32263138276299463,0.7442068844031109,0.23831505630422256
S-PROBE:R3:high,probe_r3__P21H__s44,0.9505536785061683,0.010606194867646357,0.38105128652535547,0.9406226579800876,0.061716033659812285
S-PROBE:R1:high,probe__P22H__money_rain_3__s42,0.6065523243025572,0.16260536198938635,0.1799287557799329,0.5120736790047722,0.18679800053683318
S-PROBE:R2:high,probe_r2__P22H__s42,0.6020119083263864,0.22477113839568674,0.2047219718288828,0.46435083931709054,0.2362560785357694
S-PROBE:R3:high,probe_r3__P22H__s42,0.7698586741004327,0.0730910957175367,0.4293431129810581,0.803828222472704,0.1355855389417434
S-PROBE:R1:high,probe__P22H__money_rain_3__s43,0.6774765953654891,0.16181375212280547,0.19466351776204008,0.539310617042766,0.19507243053639448
S-PROBE:R2:high,probe_r2__P22H__s43,0.7192961431098004,0.26664384771265737,0.2210374635907173,0.685378297603148,0.17833464686511835
S-PROBE:R3:high,probe_r3__P22H__s43,0.8273756127151777,0.15219570115959624,0.3417501746149526,0.8338478696002558,0.10592852428887016
S-PROBE:R1:high,probe__P22H__money_rain_3__s44,0.6510965159489894,0.1853036481821603,0.20029543697082444,0.5903792521407702,0.19731086514218818
S-PROBE:R2:high,probe_r2__P22H__s44,0.7145776290681238,0.10259642770211594,0.2290119394047615,0.6903896443939495,0.14635198481757755
S-PROBE:R3:high,probe_r3__P22H__s44,0.8467975379985857,0.041697362726447806,0.3008130816754816,0.8597820210459723,0.0681729022976259
S-PROBE:R1:high,probe__P23H__glitch_1__s42,0.5742473449089889,0.2905330634845053,0.14233717940483373,0.5002155045520638,0.22161761896496057
S-PROBE:R2:high,probe_r2__P23H__s42,0.5831218666610285,0.24496870850243854,0.141920417327385,0.5718982647633439,0.18702755609588217
S-PROBE:R3:high,probe_r3__P23H__s42,0.8946723125303231,0.11156275277440077,0.2540288934848602,0.9032251469073145,0.08328901270037256
S-PROBE:R1:high,probe__P23H__glitch_1__s43,0.5280168144224628,0.2952576709195367,0.09236484666787025,0.47933719240752537,0.19249953361519564
S-PROBE:R2:high,probe_r2__P23H__s43,0.6295890110741491,0.2810935375116486,0.14293547440872223,0.5959561377897742,0.1845413576053706
S-PROBE:R3:high,probe_r3__P23H__s43,0.8611998938141543,0.03659098792460141,0.26750855442048704,0.8801925840856406,0.08331215701433245
S-PROBE:R1:high,probe__P23H__glitch_1__s44,0.6223317006416145,0.35122466943682396,0.13506610938771885,0.5169108576351655,0.19695178677718433
S-PROBE:R2:high,probe_r2__P23H__s44,0.6576934485304038,0.2681757602588416,0.2217277728230939,0.6626740059893736,0.1481104736982524
S-PROBE:R3:high,probe_r3__P23H__s44,0.8510888797193394,0.09521103753139834,0.2445508507721333,0.7904854562049048,0.13081335298336644
S-PROBE:R1:high,probe__P24H__acid_0__s42,0.6730781358693521,0.28297245861745457,0.12412924827137484,0.504628360185754,0.243914215383213
S-PROBE:R2:high,probe_r2__P24H__s42,0.7109743268455102,0.3045986625432552,0.20739318796387915,0.5745918957273699,0.24812409490956425
S-PROBE:R3:high,probe_r3__P24H__s42,0.9156874265766652,0.046638842445410306,0.4237663029397718,0.8645197543462204,0.08358858276174157
S-PROBE:R1:high,probe__P24H__acid_0__s43,0.7509486797951752,0.2045349861523549,0.22889895004389782,0.6779206721354025,0.16723081901691567
S-PROBE:R2:high,probe_r2__P24H__s43,0.7442434442399577,0.1986255974494624,0.23687835531121842,0.7011774000362709,0.14758577572386447
S-PROBE:R3:high,probe_r3__P24H__s43,0.8603198639081175,0.13085938502039282,0.3030938106372354,0.7986365580529435,0.11610995893069156
S-PROBE:R1:high,probe__P24H__acid_0__s44,0.6804659822411947,0.2585330437011179,0.21399809651527799,0.61603974300249,0.20160739465081964
S-PROBE:R2:high,probe_r2__P24H__s44,0.6704592971687449,0.25817531116278364,0.20111590815111852,0.7089932654902962,0.1527922830021062
S-PROBE:R3:high,probe_r3__P24H__s44,0.8738919598705139,0.10630126446565684,0.33053502505992116,0.852493724081091,0.08251877817544216
S-PROBE:R1:high,probe__P25H__luminous_gaze_3__s42,0.7221282152697672,0.28027960018922726,0.23520329012985391,0.7400182548217857,0.11868559004531105
S-PROBE:R2:high,probe_r2__P25H__s42,0.7692568778527702,0.26831965777512706,0.22562215927003149,0.785997570213937,0.13227182114364056
S-PROBE:R3:high,probe_r3__P25H__s42,0.9359195235788094,0.01657525636585866,0.4159174129855167,0.9307514188825998,0.024727205539734783
S-PROBE:R1:high,probe__P25H__luminous_gaze_3__s43,0.6845778679333308,0.26855309859780396,0.20502611606497656,0.6931196149567818,0.11733230158666665
S-PROBE:R2:high,probe_r2__P25H__s43,0.7528181449680833,0.23693095814246273,0.2189897348463866,0.6819535382382653,0.11112348937801125
S-PROBE:R3:high,probe_r3__P25H__s43,0.8062601805665475,0.1244268950877523,0.34440895653633075,0.7288407152958651,0.16388193816337593
S-PROBE:R1:high,probe__P25H__luminous_gaze_3__s44,0.7112829406783028,0.2794493415091596,0.22729910282115384,0.7201849334382822,0.16763814815720332
S-PROBE:R2:high,probe_r2__P25H__s44,0.7531510491775864,0.27920371773862623,0.22991978633825452,0.7454626145227723,0.1461306993577078
S-PROBE:R3:high,probe_r3__P25H__s44,0.9162970402109871,0.11002257448846803,0.3777418061212163,0.8478386633583985,0.11238895421920672
S-PROBE:R1:high,probe__P26H__saint_glow_3__s42,0.7152420027653283,0.25021360466726184,0.1339936323043598,0.6809921990699443,0.14029740852495048
S-PROBE:R2:high,probe_r2__P26H__s42,0.7349692275875284,0.2344449115666571,0.17527653148045347,0.7917907090496201,0.11327887853827213
S-PROBE:R3:high,probe_r3__P26H__s42,0.8268366613327631,0.09593154392553391,0.27518169266903103,0.7093477046507204,0.1630338408954428
S-PROBE:R1:high,probe__P26H__saint_glow_3__s43,0.5644420409464914,0.2807545676597475,0.10028389422378024,0.6373571374056359,0.1371484220844548
S-PROBE:R2:high,probe_r2__P26H__s43,0.6023772022835592,0.2949543460737629,0.15700561444719077,0.5806266783905285,0.20998293299748685
S-PROBE:R3:high,probe_r3__P26H__s43,0.7552205245228938,0.17437685017977414,0.2266468964521747,0.7699730228461907,0.13995690450338227
S-PROBE:R1:high,probe__P26H__saint_glow_3__s44,0.5536984030555685,0.29876893645861985,0.12295463205811157,0.6956485997207853,0.12430492231389212
S-PROBE:R2:high,probe_r2__P26H__s44,0.6600031559560939,0.24422211706760288,0.17857220417743605,0.7487400610048587,0.10283231327329151
S-PROBE:R3:high,probe_r3__P26H__s44,0.8844301137887081,0.0940352212816199,0.36897893754290445,0.8998058917045146,0.07732853360677598
S-PROBE:R1:high,probe__P27H__live_concert_4__s42,0.6284438771216407,0.270774175542582,0.09724294564190124,0.6015432004377175,0.23582410442695645
S-PROBE:R2:high,probe_r2__P27H__s42,0.7588941189095053,0.2547385155464401,0.21081253177771425,0.788906268139824,0.2686468377885217
S-PROBE:R3:high,probe_r3__P27H__s42,0.7381699946374656,0.14549777537379002,0.22350846904565722,0.7141017796474922,0.16232462511928308
S-PROBE:R1:high,probe__P27H__live_concert_4__s43,0.6777098186594364,0.14731536663371397,0.18389577447835276,0.5299491513490853,0.2219827100415376
S-PROBE:R2:high,probe_r2__P27H__s43,0.6800792901377044,0.1907147762093324,0.19498602279551297,0.6407667652670912,0.2768179391886248
S-PROBE:R3:high,probe_r3__P27H__s43,0.9072547865198388,0.038810448710784505,0.29037103608875287,0.9131969032582619,0.05919922713750855
S-PROBE:R1:high,probe__P27H__live_concert_4__s44,0.7052311312533981,0.27008648000193114,0.19422612065802192,0.7970808709965127,0.11902891959961882
S-PROBE:R2:high,probe_r2__P27H__s44,0.6863752157431138,0.2615570555214931,0.1791872915009116,0.7774573466397683,0.12212507833758428
S-PROBE:R3:high,probe_r3__P27H__s44,0.8291862521300992,0.13026957418915147,0.21651968668614083,0.7690352471908504,0.16539085114341737
S-PROBE:R1:high,probe__P28H__animalization_0__s42,0.6702109862587571,0.19247906216364424,0.3375370841099076,0.5713757853724255,0.2009356387090356
S-PROBE:R2:high,probe_r2__P28H__s42,0.7934730692739262,0.23240351212690072,0.3656812314836487,0.7486100665982856,0.18204182574197197
S-PROBE:R3:high,probe_r3__P28H__s42,0.8524535182378701,0.1225796827600734,0.44068613447784727,0.8722034188555126,0.09639625799428243
S-PROBE:R1:high,probe__P28H__animalization_0__s43,0.6986861614115756,0.14168035704519924,0.39087259765253923,0.710280854535803,0.1663034603907025
S-PROBE:R2:high,probe_r2__P28H__s43,0.5273531162860423,0.1591502497073481,0.3467664536930888,0.4724631326639135,0.21693592566324268
S-PROBE:R3:high,probe_r3__P28H__s43,0.909107130668031,0.08091286980330051,0.49102538907592613,0.8783462592644007,0.08944483056359867
S-PROBE:R1:high,probe__P28H__animalization_0__s44,0.6918001119636301,0.2142838088375105,0.311775826691422,0.7160301309216706,0.15989311283560292
S-PROBE:R2:high,probe_r2__P28H__s44,0.6588577613886981,0.21105867752846863,0.3189967278520978,0.6732981729604175,0.14910138054130337
S-PROBE:R3:high,probe_r3__P28H__s44,0.8134570779214714,0.12280528046319861,0.40186009585338583,0.8094860835503497,0.1232549029305266
S-PROBE:R1:high,probe__P29H__shadow_3__s42,0.6610222782654089,0.18982025377979644,0.17095371685833308,0.5978420605461061,0.3096689702158942
S-PROBE:R2:high,probe_r2__P29H__s42,0.7505223776960703,0.25551565032164925,0.20162713074885688,0.7255003978375885,0.2980436538088189
S-PROBE:R3:high,probe_r3__P29H__s42,0.9503854618554348,0.05898609933530099,0.29007505059327054,0.8936206180641917,0.06516184387213463
S-PROBE:R1:high,probe__P29H__shadow_3__s43,0.747508970266491,0.13554347413128034,0.2447858754759224,0.4529887357214579,0.24309418956543535
S-PROBE:R2:high,probe_r2__P29H__s43,0.7502588647939403,0.11291311341491793,0.33434485908193246,0.5553185863067054,0.2197601782108974
S-PROBE:R3:high,probe_r3__P29H__s43,0.8039390888116316,0.09058368643629869,0.36933130967435895,0.7278470302156455,0.14142468970363833
S-PROBE:R1:high,probe__P29H__shadow_3__s44,0.8115529015219352,0.2000468251533023,0.17343802919824955,0.65857171938366,0.1987918256278817
S-PROBE:R2:high,probe_r2__P29H__s44,0.8393079537706023,0.09000562116982715,0.24092652259324787,0.5796485146359258,0.2066137532704169
S-PROBE:R3:high,probe_r3__P29H__s44,0.8880034176256517,0.13366435669221527,0.228692431129144,0.8570515642134027,0.0906843073247865
S-PROBE:R1:high,probe__P30H__gas_transformation_1__s42,0.730569517552176,0.15114234032624135,0.20838900641854985,0.5366778512907133,0.19040835327524025
S-PROBE:R2:high,probe_r2__P30H__s42,0.7171824459929752,0.15057232304219162,0.27710000583737776,0.5873035031336362,0.1859722081278935
S-PROBE:R3:high,probe_r3__P30H__s42,0.9594987855250801,0.006921623812101006,0.34285135221406243,0.9513750866104222,0.03855618804289983
S-PROBE:R1:high,probe__P30H__gas_transformation_1__s43,0.6579555614021317,0.19331764960955758,0.20335114221129547,0.47152876709116165,0.213359947965563
S-PROBE:R2:high,probe_r2__P30H__s43,0.6684987989416251,0.16275760618882457,0.3177651557572315,0.4608896308642314,0.2032830581978945
S-PROBE:R3:high,probe_r3__P30H__s43,0.8494461149344492,0.1045412678102679,0.3708299161371387,0.7728702601420849,0.12879723472966312
S-PROBE:R1:high,probe__P30H__gas_transformation_1__s44,0.619128621799603,0.17923588535567764,0.1700474234830326,0.5776689729866422,0.19557083568068181
S-PROBE:R2:high,probe_r2__P30H__s44,0.6241649682145021,0.17184999207319657,0.19259364796149658,0.4966654307660252,0.2070596916270697
S-PROBE:R3:high,probe_r3__P30H__s44,0.8030718915722823,0.07972797915299336,0.2929180745555979,0.7891895171472731,0.11358212352463512
S-PROBE:R3:inplace,probe_r3__P01L__s42,0.5458399386843973,0.2551762480941417,0.1010949763508563,0.6328004578774158,0.1797182014030917
S-PROBE:R3:inplace,probe_r3__P01L__s43,0.464816326864812,0.2510922989415711,0.2656100221430403,0.37355880107896167,0.2875033206629736
S-PROBE:R3:inplace,probe_r3__P01L__s44,0.6108794824919581,0.15193769660236123,0.25551215084063594,0.8494733331047744,0.05612444486736042
S-PROBE:R3:inplace,probe_r3__P06L__s42,0.7207605072163681,0.07969120297505158,0.25994252404058776,0.6612952169042015,0.16804240462975548
S-PROBE:R3:inplace,probe_r3__P06L__s43,0.5465933611217235,0.24655500718210374,0.11062785467505155,0.4591838592873201,0.3195533704355178
S-PROBE:R3:inplace,probe_r3__P06L__s44,0.5041484291217688,0.1857945086757657,0.24061312093236092,0.7711942801288476,0.1655877615743549
S-PROBE:R3:inplace,probe_r3__P09L__s42,0.6655215429438399,0.3513773604001551,0.14722693809887755,0.706070850379519,0.1697003320432083
S-PROBE:R3:inplace,probe_r3__P09L__s43,0.6893004255729527,0.09166429750206524,0.41366550729928325,0.7314775771631332,0.1831675493076759
S-PROBE:R3:inplace,probe_r3__P09L__s44,0.6635360749529291,0.057711082655690964,0.4625304552013266,0.641923202952265,0.12139286406669245
S-PROBE:R3:inplace,probe_r3__P10L__s42,0.554768504982682,0.21447876777395758,0.12093104178163251,0.6223643439787812,0.19005288896597552
S-PROBE:R3:inplace,probe_r3__P10L__s43,0.5800344408662443,0.24544054369709067,0.09271011739086854,0.38177009518780025,0.2632550331383535
S-PROBE:R3:inplace,probe_r3__P10L__s44,0.48264548649097705,0.26765090350934045,0.08928261834117918,0.4090128884950479,0.22454032316776754
S-PROBE:R3:inplace,probe_r3__P11L__s42,0.5564989814089056,0.14778361332864562,0.17650043166248922,0.5812117998049349,0.17614703606678017
S-PROBE:R3:inplace,probe_r3__P11L__s43,0.4792936818316935,0.1993686133479713,0.1681941549602256,0.6198830778869173,0.17251062493691674
S-PROBE:R3:inplace,probe_r3__P11L__s44,0.5989777956100459,0.17574307782983625,0.19316149018473033,0.7895683964926934,0.09941677029147797
S-PROBE:R3:inplace,probe_r3__P14L__s42,0.5334383349846936,0.2991510984180804,0.09147400367375433,0.6116706499417568,0.21914293540701676
S-PROBE:R3:inplace,probe_r3__P14L__s43,0.6404291154045092,0.18287945697059435,0.2561266302469008,0.8350627607965966,0.11068353074800572
S-PROBE:R3:inplace,probe_r3__P14L__s44,0.4829659159445723,0.2552414982338019,0.12514345997907858,0.5196460090713002,0.20102120829769715
S-PROBE:R3:inplace,probe_r3__P17L__s42,0.6222841733143136,0.15474619218117047,0.21367821807819257,0.5986091877231652,0.20037740051149291
S-PROBE:R3:inplace,probe_r3__P17L__s43,0.6137148789661744,0.15224899483345417,0.22480204572924004,0.49868567635868466,0.24403838267295322
S-PROBE:R3:inplace,probe_r3__P17L__s44,0.6197641321699561,0.12234800470305064,0.24339910887101918,0.717535916982089,0.11549664179175456
S-PROBE:R3:inplace,probe_r3__P19L__s42,0.7676569000964288,0.2316148521101445,0.16534798458320102,0.750675249804827,0.2208054689682313
S-PROBE:R3:inplace,probe_r3__P19L__s43,0.5922703271021577,0.18417825393502815,0.1533524605464786,0.5957225749883546,0.17045440914050589
S-PROBE:R3:inplace,probe_r3__P19L__s44,0.6343937899141483,0.17100830603940156,0.2658356551771899,0.6519142662576078,0.18973803264273462
S-PROBE:R3:inplace,probe_r3__P23L__s42,0.5453086134483369,0.16880795592554837,0.1686764472969261,0.8343857287606409,0.09328880787963136
S-PROBE:R3:inplace,probe_r3__P23L__s43,0.4813012000672945,0.19753664000607538,0.13006555129982122,0.6621592418747693,0.22657158706428618
S-PROBE:R3:inplace,probe_r3__P23L__s44,0.5194922184464801,0.22542880457711517,0.07654953077179959,0.6764324682636678,0.17111088301025312
S-PROBE:R3:inplace,probe_r3__P28L__s42,0.49161112946624375,0.20229426424236704,0.29694603579217344,0.5064948106881515,0.21630505021789523
S-PROBE:R3:inplace,probe_r3__P28L__s43,0.6456229848892601,0.31581801171027263,0.16528509789542106,0.8158972751229041,0.11832018588841572
S-PROBE:R3:inplace,probe_r3__P28L__s44,0.6277590011474392,0.1395680349280079,0.24657513221245755,0.831126434180748,0.088021936483142
S-SWEEP:A_empty,sweep__class1__blackswan__mallard-water__A_empty__s42,0.5395248475432672,0.15488927415679574,0.2564104585761589,0.5696624433790367,0.1740891918810847
S-SWEEP:A_word,sweep__class1__blackswan__mallard-water__A_word__s42,0.5611304125951639,0.14408823728155135,0.2807403230558339,0.556563552923941,0.1749639882762973
S-SWEEP:A_empty,sweep__class2__mallard-fly__mallard-water__A_empty__s42,0.5474055666640563,0.23968547691497621,0.22887206245402256,0.5361103428555438,0.20386408371799122
S-SWEEP:A_word,sweep__class2__mallard-fly__mallard-water__A_word__s42,0.5245381639383035,0.22299495410891668,0.23094076602869423,0.5101149800221576,0.20875517843065539
S-SWEEP:A_empty,sweep__class2__motocross-bumps__motocross-jump__A_empty__s42,0.521271204556216,0.3092867495681999,0.33154253910159753,0.6868734032088244,0.2038117362757722
S-SWEEP:A_word,sweep__class2__motocross-bumps__motocross-jump__A_word__s42,0.5322270725807039,0.3258225756255831,0.30672665167642765,0.7064669202750935,0.22288792610466152
S-SWEEP:A_empty,sweep__class2__paragliding-launch__paragliding__A_empty__s42,0.4791029479075384,0.24400230250384303,0.2376278910073751,0.3836386606808917,0.25749658744651155
S-SWEEP:A_word,sweep__class2__paragliding-launch__paragliding__A_word__s42,0.4966526069103805,0.3040069424618293,0.140464228217714,0.45864850108227984,0.22924375864622437
S-SWEEP:A_empty,sweep__class5__breakdance-flare__breakdance__A_empty__s42,0.5073919937759526,0.09236970854782041,0.46765645625678265,0.7299357480209918,0.12820189980948818
S-SWEEP:A_word,sweep__class5__breakdance-flare__breakdance__A_word__s42,0.5404084548756731,0.06784992676386117,0.49938151686220067,0.7510785384335723,0.12853407897607388
S-SWEEP:A_empty,sweep__class5__car-roundabout__bus__A_empty__s42,0.6126750081123953,0.29930590562477466,0.08783289135132571,0.7171121569600833,0.30532784991161405
S-SWEEP:A_word,sweep__class5__car-roundabout__bus__A_word__s42,0.6625802428713159,0.28061155918183966,0.12569210288646826,0.745460596832118,0.2395181284164069
S-SWEEP:A_empty,sweep__class5__car-turn__car-shadow__A_empty__s42,0.5386139539125938,0.33044753271138727,0.131140139205004,0.5056273763329298,0.20857189500201084
S-SWEEP:A_word,sweep__class5__car-turn__car-shadow__A_word__s42,0.4906971196364618,0.319171919690675,0.143021217695759,0.49979064163051223,0.19794297816014925
S-SWEEP:A_empty,sweep__class5__lucia__hike__A_empty__s42,0.6388705761712883,0.10689270637262459,0.24521652536170038,0.632713226567863,0.19298209282392087
S-SWEEP:A_word,sweep__class5__lucia__hike__A_word__s42,0.6591071057477405,0.14660328885267254,0.2167556267542716,0.6239224938801762,0.21020015518184187
S-SWEEP:A_empty,sweep__class6__longboard__kite-surf__A_empty__s42,0.5750282700530036,0.11465635229656249,0.2066678296023713,0.5120834133451975,0.27748826464623155
S-SWEEP:A_word,sweep__class6__longboard__kite-surf__A_word__s42,0.6740854365377957,0.07847642331622573,0.23558929389127392,0.575796157032153,0.28483547764980743
S-SWEEP:A_empty,sweep__class8__blackswan__boat__A_empty__s42,0.774752338823141,0.15564666326371168,0.3274632819957324,0.7411899359795231,0.16795615963528346
S-SWEEP:A_word,sweep__class8__blackswan__boat__A_word__s42,0.7800101985370671,0.15304503456970076,0.3351626179328874,0.7421517969473566,0.16501383863494343
