group,cls,clip_id,gini,offline,DR,d_frames,fit_rmse,lerp_rmse,gap_rel
GT:all-two-sided,air_bending,GT__air_bending_0,0.4196607977142415,0.4918924680097535,0.5673462115553436,48.0,0.07318819852983571,0.23960703724123397,0.9064259687957736
GT:all-two-sided,air_bending,GT__air_bending_1,0.5453303076812737,0.5697659006655277,0.679138443602012,80.0,0.05566663306672584,0.1006725981838608,1.0777620619155177
GT:all-two-sided,air_bending,GT__air_bending_2,0.5276625465165008,0.5260388648170686,0.5443275636559701,64.0,0.04170293583337234,0.12265816441187612,0.9070261089802967
GT:all-two-sided,air_bending,GT__air_bending_3,0.514027239803494,0.5122652065178938,0.61631125052819,80.0,0.0878031804013895,0.09051832054328429,0.7974253314218372
GT:all-two-sided,display_transition,GT__display_transition_0,0.6634786133637434,0.44723010104056166,0.5365478006116268,32.0,0.04951495511579536,0.24437977006917974,0.8962032652549634
GT:all-two-sided,display_transition,GT__display_transition_1,0.4253166217398594,0.6611002737609711,0.7523001185867816,104.0,0.09784890558358579,0.10356012914575709,0.7980324814959354
GT:all-two-sided,display_transition,GT__display_transition_2,0.4639362068899815,0.5372489638888077,0.5828652833196024,64.0,0.07689852945246389,0.1767090107256856,0.7125121153215553
GT:all-two-sided,display_transition,GT__display_transition_3,0.6625019016751388,0.4480511892900131,0.5385271470539171,32.0,0.049628818152388884,0.24447151105543097,0.8909090166532028
GT:all-two-sided,earth_wave,GT__earth_wave_0,0.5648683590077306,0.47554664037140565,0.5746596979472887,80.0,0.11998714520288344,0.18304543489448025,0.8997679129945333
GT:all-two-sided,earth_wave,GT__earth_wave_1,0.48724714933732005,0.5767037194772335,0.6345572409744423,104.0,0.17385668785527256,0.17385668785527256,0.6775441807870356
GT:all-two-sided,earth_wave,GT__earth_wave_2,0.4444140866801076,0.5480874457106095,0.6390591239238876,104.0,0.07602410593332626,0.08909690783507053,0.9494768006010089
GT:all-two-sided,earth_wave,GT__earth_wave_3,0.48004171540870155,0.7025014092615807,0.8413571621101759,104.0,0.14343326685378735,0.14343326685378735,0.7562270450088325
GT:all-two-sided,earth_wave,GT__earth_wave_4,0.5323711555121708,0.41356473144090644,0.46374927206632144,80.0,0.10057130440132189,0.12309440487306127,0.7382999578779681
GT:all-two-sided,earth_wave,GT__earth_wave_5,0.5631589431114268,0.47482344334395804,0.5734749799302856,80.0,0.11999475160705199,0.18305308511606844,0.904663241804337
GT:all-two-sided,firelava,GT__firelava_0,0.5647760851081378,1.24585429356711,1.5253852902617433,80.0,0.1756417264782752,0.17674403982879322,0.9241471941287693
GT:all-two-sided,firelava,GT__firelava_1,0.5750328299002552,0.38146743093092605,0.408330270023368,80.0,0.0800497300773123,0.12100017035376483,0.9826666716283263
GT:all-two-sided,firelava,GT__firelava_2,0.4622837455108635,0.6290880633269699,0.7118645737675884,104.0,0.12789198191645929,0.1808945634969272,0.6301576032014851
GT:all-two-sided,firelava,GT__firelava_3,0.5014707483592435,0.6033145457094596,0.7290544850781342,80.0,0.05947919245352115,0.14025629495358796,0.679651719723774
GT:all-two-sided,firelava,GT__firelava_4,0.4833439148962988,0.5309671991536581,0.61579304361312,64.0,0.04985994653184223,0.11112596398175315,0.9565752507295574
GT:all-two-sided,firelava,GT__firelava_5,0.39663902128669615,0.6143457258314464,0.6788117286669924,104.0,0.14208350267020461,0.18284751602726398,0.8146483615380182
GT:all-two-sided,flame,GT__flame_transition_0,0.6527354897615074,0.7180719523658106,0.5289789565773979,32.0,0.0458053069115584,0.23213214017396433,0.5875667712734156
GT:all-two-sided,flame,GT__flame_transition_1,0.6518036293330156,0.505879840970388,0.36782413658196383,32.0,0.057479750138837146,0.16753540956484902,0.7118374684818752
GT:all-two-sided,flame,GT__flame_transition_2,0.6577500729952614,0.7177172836545263,0.5289460060114521,32.0,0.04541666144910187,0.2311370163173507,0.5894822774766689
GT:all-two-sided,flame,GT__flame_transition_3,0.6502422262827656,0.5064989110758107,0.3682979510767255,32.0,0.05756455715322069,0.16739237670563342,0.7142511777471147
GT:all-two-sided,flame,GT__flame_transition_4,0.6535633876666025,0.719031073480519,0.5305599122858429,32.0,0.045614558461556674,0.23148450580398156,0.5897142297286181
GT:all-two-sided,flying_cam_transition,GT__flying_cam_transition_0,0.679945715307704,0.6542926295669544,0.6130531630318123,24.0,0.09680006292146323,0.19120803816840737,0.4973487984686313
GT:all-two-sided,flying_cam_transition,GT__flying_cam_transition_1,0.6974657485217621,0.5073495926922521,0.5575047848930029,80.0,0.12208419337452271,0.2476470624113692,0.6455074836532496
GT:all-two-sided,flying_cam_transition,GT__flying_cam_transition_2,0.42596333615490645,0.4804920935220641,0.5124373469497653,80.0,0.05692995790052486,0.11058983472294538,0.7891213650169734
GT:all-two-sided,flying_cam_transition,GT__flying_cam_transition_3,0.685915033544668,0.2630440579062109,0.23542338118763562,16.0,0.0588414157745468,0.44025711343089663,1.0989605843944303
GT:all-two-sided,flying_cam_transition,GT__flying_cam_transition_4,0.5765738244507521,0.5209486287085483,0.6044120348316062,32.0,0.1902121442276315,0.2111405851011885,1.10375064792186
GT:all-two-sided,giant_grab,GT__giant_grab_0,0.6143082029639388,0.5727133515730416,0.6190395962803854,104.0,0.14289466401952908,0.14289466401952908,0.49299237552444736
GT:all-two-sided,giant_grab,GT__giant_grab_1,0.6519164311859849,0.527587609602058,0.5244035321852472,80.0,0.08845886564137792,0.1123711416445067,0.2867192057638924
GT:all-two-sided,giant_grab,GT__giant_grab_2,0.7147033803633556,0.553217649651595,0.5468170019940128,80.0,0.09702050021115466,0.13116302976860175,0.5139770956806031
GT:all-two-sided,giant_grab,GT__giant_grab_3,0.6118840219680939,0.6202129689867123,0.6209670706845858,48.0,0.13671666748851702,0.1935256862449763,0.3504103109776645
GT:all-two-sided,giant_grab,GT__giant_grab_4,0.5752036460982572,0.5208554184506838,0.4983256752369632,104.0,0.1001781792785457,0.1001781792785457,0.4107464046885085
GT:all-two-sided,giant_grab,GT__giant_grab_5,0.6156110742491838,0.5730685756917029,0.6181913222708157,104.0,0.1430058261965921,0.1430058261965921,0.4975004106007271
GT:all-two-sided,hero_flight,GT__hero_flight_0,0.6348090485174207,0.6840876152221557,0.7611858002969003,104.0,0.09992377954177294,0.10652826534429816,0.607586314932824
GT:all-two-sided,hero_flight,GT__hero_flight_1,0.6955058659373898,0.5984042750303268,0.5956269065621145,104.0,0.13240727924954038,0.19742930666135475,0.7391166483863573
GT:all-two-sided,hero_flight,GT__hero_flight_2,0.8082859322532958,0.41053236792050873,0.3296339865977319,80.0,0.10490898909533093,0.12665041244485709,0.9563480536697817
GT:all-two-sided,hero_flight,GT__hero_flight_3,0.6568234141098133,0.5480265508500428,0.6633802107603486,80.0,0.11741074287979937,0.1514090010447602,0.6860734136736034
GT:all-two-sided,hero_flight,GT__hero_flight_4,0.6421672448800009,0.4156420071017974,0.49792764528640543,80.0,0.08607454712848842,0.11047374777980931,0.7457897095210613
GT:all-two-sided,hero_flight,GT__hero_flight_5,0.679228024657196,0.5335276110850538,0.5334102509872071,104.0,0.10593417129893969,0.13000104827867018,0.6685853791481918
GT:all-two-sided,hero_flight,GT__hero_flight_6,0.5948828802012538,0.5774380348834163,0.578389065280731,80.0,0.11531580856218823,0.12426653845050308,0.7196506698472988
GT:all-two-sided,hero_flight,GT__hero_flight_7,0.579134252588734,0.7345606715040256,0.699969091631502,104.0,0.08521845425240637,0.08521845425240637,0.6292561620213211
GT:all-two-sided,hero_flight,GT__hero_flight_8,0.6000689160517598,0.32762529154214004,0.3273031474240351,48.0,0.09519846120231303,0.16455520750930236,1.1193864175508208
GT:all-two-sided,hero_flight,GT__hero_flight_9,0.610639066593236,0.5243688840689003,0.53817033195186,104.0,0.09385056195032779,0.09385056195032779,0.7593567525251751
GT:all-two-sided,hole_transition,GT__hole_transition_0,0.395084688252072,0.5320299940828678,0.6110823412068643,104.0,0.06182408607036212,0.06767617099926133,1.1180083476449678
GT:all-two-sided,hole_transition,GT__hole_transition_1,0.38972246281207434,0.5392399352017535,0.609490898905913,80.0,0.06526636504654348,0.08320230944537022,0.7942167953722128
GT:all-two-sided,jump_transition,GT__jump_transition_1,0.5750726613847215,0.3847478935392631,0.36972688689628286,64.0,0.06440033311361945,0.14506026948758846,0.9257528939835249
GT:all-two-sided,melt_transition,GT__melt_transition_0,0.6960946761091737,0.29324543876493664,0.2782398192405683,32.0,0.05174841542683578,0.18628514250847797,0.9888094943238478
GT:all-two-sided,melt_transition,GT__melt_transition_1,0.5318771849844819,0.4991066342628618,0.5208356364001613,80.0,0.08294362534320149,0.10906903695684955,0.7352009033659408
GT:all-two-sided,melt_transition,GT__melt_transition_2,0.5843442353918302,0.33922746861602104,0.28139702542247724,48.0,0.0223909837850365,0.15618899124738267,0.7599183198973652
GT:all-two-sided,melt_transition,GT__melt_transition_3,0.695577358316906,0.29410203290834813,0.2795838314356884,32.0,0.0517690762536965,0.18619326452554802,0.983437616134808
GT:all-two-sided,melt_transition,GT__melt_transition_4,0.6943293466694225,0.22170767604723066,0.14017029257282398,32.0,0.03129254581105066,0.2125239154181646,0.7775649414786594
GT:all-two-sided,raven_transition,GT__raven_transition_0,0.47356541801297825,0.460063290454591,0.40819379067343986,104.0,0.13963515683093622,0.15257112200843798,1.0614764985339369
GT:all-two-sided,raven_transition,GT__raven_transition_1,0.5792705727965446,0.4933691409534958,0.5969350171038117,80.0,0.08516186697280598,0.12780145609357618,0.8432251855199508
GT:all-two-sided,raven_transition,GT__raven_transition_2,0.46237729933567717,0.4386987396073187,0.4919121291382267,104.0,0.06013283821796312,0.06013283821796312,1.0046964644380214
GT:all-two-sided,raven_transition,GT__raven_transition_3,0.4461355383287078,0.7014992147000044,0.746562080577023,24.0,0.07360399944631363,0.223048333210976,0.723728315564238
GT:all-two-sided,seamless_transition,GT__seamless_transition_0,0.5403930189679156,0.32007756425204825,0.32720677191306635,64.0,0.04990964906906708,0.13255323334763147,1.2469670565529354
GT:all-two-sided,shadow_smoke,GT__shadow_smoke_0,0.5267156959124273,0.8370639598517549,0.9533691525707073,104.0,0.0750367545093632,0.0750367545093632,0.5626088676948364
GT:all-two-sided,shadow_smoke,GT__shadow_smoke_1,0.40232134393894325,0.689813743854076,0.7405859358958211,48.0,0.07395919513056637,0.30232147847839874,0.6526439574323611
GT:all-two-sided,shadow_smoke,GT__shadow_smoke_2,0.5487697715519364,0.4782783260247403,0.5589982259577643,80.0,0.05977183109215312,0.12354041902663303,0.8247689001188797
GT:all-two-sided,shadow_smoke,GT__shadow_smoke_3,0.41139368938293996,0.6274807591729552,0.7077126265549047,104.0,0.059714868513823766,0.0625021534452906,0.7210483019633777
GT:all-two-sided,shadow_smoke,GT__shadow_smoke_4,0.4461121918452722,0.6757858631493795,0.8634305520051848,104.0,0.13997346768686497,0.13997346768686497,0.6307061793549381
GT:all-two-sided,shadow_smoke,GT__shadow_smoke_5,0.5240041601080812,0.6476637266844562,0.7147209009778711,104.0,0.11673236167839435,0.11673236167839435,0.6680282274346491
GT:all-two-sided,shadow_smoke,GT__shadow_smoke_6,0.5425903370117275,0.5316757860522132,0.5958112459274222,80.0,0.06309649937712042,0.09556097666192187,0.7128972240773453
GT:all-two-sided,shadow_smoke,GT__shadow_smoke_7,0.4080679375033289,0.6331601321694933,0.6320541973910813,104.0,0.06259939823565423,0.06259939823565423,0.9132414885369954
GT:all-two-sided,shadow_smoke,GT__shadow_smoke_8,0.5137626097029571,0.5610700942306933,0.6173561622912077,104.0,0.11085168435014729,0.11085168435014729,0.6663620675950417
GT:all-two-sided,shadow_smoke,GT__shadow_smoke_9,0.5599295301263334,0.3706545752533189,0.40729965521713246,48.0,0.04162554196374228,0.19578931984352993,1.1715901185719884
GT:all-two-sided,water_bending,GT__water_bending_0,0.4098859150684604,0.5736080846202358,0.7054802911130715,104.0,0.09552867915458113,0.1362228937153728,0.6658252165656144
GT:all-two-sided,water_bending,GT__water_bending_1,0.5332112225857444,0.5071896023866536,0.5098558117741872,64.0,0.04807265430250532,0.1631948900357843,0.8248632037164427
GT:all-two-sided,water_bending,GT__water_bending_2,0.46732704960270843,0.7512628443218188,0.8463459963420827,80.0,0.09258574251556727,0.09354611138152728,0.7914746908464811
GT:all-two-sided,water_bending,GT__water_bending_3,0.43967606830741546,0.6607604721986854,0.6917515495081934,80.0,0.08955112509088425,0.1339596217289856,0.7056686503381455
S-GRID:NULLGEN,hero_flight_1,null_v2__hero_flight_1__s42,0.8374080859523954,0.2203317368000866,0.20408622652500535,8.0,0.029523915650745133,0.3151313249104298,0.7453279932075944
S-GRID:NULLGEN,hero_flight_1,null_v2__hero_flight_1__s43,0.821456568317914,0.27911235808122253,0.2573407160539156,5.0,0.05466241513505235,0.26059380246617997,0.7462595206692486
S-GRID:NULLGEN,shadow_smoke_2,null_v2__shadow_smoke_2__s42,0.8660942068201538,0.1393606825972453,0.11477670037276022,12.0,0.021180622963900657,0.2690118962126052,0.8340277490789706
S-GRID:NULLGEN,shadow_smoke_2,null_v2__shadow_smoke_2__s43,0.8909358577240409,0.15062351744854313,0.11122304654173754,8.0,0.02492778391292283,0.3945684537439767,0.8366467726885056
S-GRID:NULLGEN,hero_flight_5,null_v2__hero_flight_5__s42,0.9354889114027696,0.17188027900741665,0.11934951430922956,0.5,0.0317070228682813,0.47674940351784917,0.6802725093721909
S-GRID:NULLGEN,hero_flight_5,null_v2__hero_flight_5__s43,0.8769807829057734,0.2350933853645962,0.11405682099058115,12.0,0.04670347441358506,0.4106367280769633,0.6779752176968514
S-GRID:NULLGEN,shadow_smoke_0,null_v2__shadow_smoke_0__s42,0.8481353917228724,0.3990069293382125,0.42513851596972996,32.0,0.13511339861797556,0.3337439380710134,0.556425514351414
S-GRID:NULLGEN,shadow_smoke_0,null_v2__shadow_smoke_0__s43,0.67841462016574,0.5029701179519008,0.479001704504437,32.0,0.12802174073748174,0.25797262642491114,0.5550243728409856
S-GRID:NULLGEN,hero_flight_6,null_v2__hero_flight_6__s42,0.66308826940052,0.39964848574680506,0.4338955107250366,32.0,0.08579779266659417,0.3030750417267065,0.720943488960833
S-GRID:NULLGEN,hero_flight_6,null_v2__hero_flight_6__s43,0.6983267170374443,0.5401909270348579,0.5696726799151304,16.0,0.1369785184704576,0.38297048590446553,0.7185711261190155
S-GRID:NULLGEN,shadow_smoke_7,null_v2__shadow_smoke_7__s42,0.8830737517861325,0.3343447025933744,0.38144969835818787,8.0,0.04807730695533614,0.42379212017781365,0.9211660350040909
S-GRID:NULLGEN,shadow_smoke_7,null_v2__shadow_smoke_7__s43,0.8860169127758477,0.247587305300032,0.10430839950820167,32.0,0.09416367114244002,0.3403640360067715,0.9218709383493096
S-GRID:NULLGEN,display_transition_1,null_v2__display_transition_1__s42,0.8632076598535083,0.23473469904354882,0.19017501785507676,0.5,0.07155968983234863,0.25071624912670076,0.8213604692083479
S-GRID:NULLGEN,display_transition_1,null_v2__display_transition_1__s43,0.772011022969662,0.28798462021533827,0.18433702270722607,16.0,0.0267014371506002,0.2719851710685089,0.8265570540400268
S-GRID:NULLGEN,earth_wave_3,null_v2__earth_wave_3__s42,0.8166423179704436,0.3648543359455365,0.19608091075008355,48.0,0.08090021941827334,0.2642939841410819,0.7740116351651443
S-GRID:NULLGEN,earth_wave_3,null_v2__earth_wave_3__s43,0.6563610770050368,0.4645927078349556,0.4790785447142113,48.0,0.11145558079069673,0.25498425916676504,0.7697101341581538
S-GRID:NULLGEN,melt_transition_2,null_v2__melt_transition_2__s42,0.8904175550314741,0.115584511270333,0.041841438983998266,12.0,0.041132079627259205,0.2503881657681165,0.7658501926480594
S-GRID:NULLGEN,melt_transition_2,null_v2__melt_transition_2__s43,0.7931855532014032,0.26688667542826844,0.19011076959708842,16.0,0.06983881019051577,0.22665460871985194,0.7684088626196471
S-GRID:NULLGEN,raven_transition_2,null_v2__raven_transition_2__s42,0.8954726777989976,0.1963675347321277,0.21576413197286737,1.0,0.06813212575227931,0.27877292212074367,1.0177133074868774
S-GRID:NULLGEN,raven_transition_2,null_v2__raven_transition_2__s43,0.8138516249316021,0.2794896923497683,0.26925434910896284,1.0,0.11465208053013186,0.32344491011298804,1.021275194390793
S-GRID:NULLGEN,air_bending_1,null_v2__air_bending_1__s42,0.9363083791443385,0.09639183551172881,0.03887635596457853,12.0,0.044901641332240005,0.25941939112195006,1.0862265973432186
S-GRID:NULLGEN,air_bending_1,null_v2__air_bending_1__s43,0.8977270423608252,0.11578649985710557,0.08847127905723491,8.0,0.024656384201577345,0.2896478145096503,1.0853291221025718
S-GRID:NULLGEN,giant_grab_3,null_v2__giant_grab_3__s42,0.6883085618924443,0.511550414759409,0.5423862273039284,80.0,0.04819630232409282,0.1392657889772912,0.34244170248776284
S-GRID:NULLGEN,giant_grab_3,null_v2__giant_grab_3__s43,0.8437107513083597,0.32965475518628923,0.30689290505372147,12.0,0.08557606979946507,0.22608722891913052,0.3356617969315445
S-GRID:NULLGEN,water_bending_3,null_v2__water_bending_3__s42,0.8175108713566097,0.24370658560521907,0.22615050387139118,12.0,0.06240877082777147,0.21285504568240368,0.7052844039691872
S-GRID:NULLGEN,water_bending_3,null_v2__water_bending_3__s43,0.8907277498698303,0.2537505999448439,0.25269953528612443,3.0,0.04031713576075864,0.2973477991018953,0.7046200224448221
S-GRID:NULLGEN,firelava_4,null_v2__firelava_4__s42,0.8246232355539476,0.24634928762314148,0.20527498153207613,12.0,0.037378449183514295,0.24755640480821803,0.9602695610261519
S-GRID:NULLGEN,firelava_4,null_v2__firelava_4__s43,0.831262462344049,0.26569437318997086,0.2949568533623329,5.0,0.08279932274913218,0.21680850093540469,0.9600097549107818
S-GRID:NULLGEN,flying_cam_transition_4,null_v2__flying_cam_transition_4__s42,0.819958909567331,0.20284334258817766,0.1850310682394529,12.0,0.04321322234238495,0.24801314108129402,1.1264805489708243
S-GRID:NULLGEN,flying_cam_transition_4,null_v2__flying_cam_transition_4__s43,0.6741510921369573,0.2558082594241542,0.301480682257011,24.0,0.04511783465509757,0.18806149256799495,1.1226010463641223
S-GRID:NULLGEN,hero_flight_1,null_v3__hero_flight_1__s42,0.8374080859523954,0.2203317368000866,0.20408622652500535,8.0,0.029523915650745133,0.3151313249104298,0.7453279932075944
S-GRID:NULLGEN,hero_flight_1,null_v3__hero_flight_1__s43,0.821456568317914,0.27911235808122253,0.2573407160539156,5.0,0.05466241513505235,0.26059380246617997,0.7462595206692486
S-GRID:NULLGEN,shadow_smoke_2,null_v3__shadow_smoke_2__s42,0.8660942068201538,0.1393606825972453,0.11477670037276022,12.0,0.021180622963900657,0.2690118962126052,0.8340277490789706
S-GRID:NULLGEN,shadow_smoke_2,null_v3__shadow_smoke_2__s43,0.8909358577240409,0.15062351744854313,0.11122304654173754,8.0,0.02492778391292283,0.3945684537439767,0.8366467726885056
S-GRID:NULLGEN,hero_flight_5,null_v3__hero_flight_5__s42,0.9354889114027696,0.17188027900741665,0.11934951430922956,0.5,0.0317070228682813,0.47674940351784917,0.6802725093721909
S-GRID:NULLGEN,hero_flight_5,null_v3__hero_flight_5__s43,0.8769807829057734,0.2350933853645962,0.11405682099058115,12.0,0.04670347441358506,0.4106367280769633,0.6779752176968514
S-GRID:NULLGEN,shadow_smoke_0,null_v3__shadow_smoke_0__s42,0.8481353917228724,0.3990069293382125,0.42513851596972996,32.0,0.13511339861797556,0.3337439380710134,0.556425514351414
S-GRID:NULLGEN,shadow_smoke_0,null_v3__shadow_smoke_0__s43,0.67841462016574,0.5029701179519008,0.479001704504437,32.0,0.12802174073748174,0.25797262642491114,0.5550243728409856
S-GRID:NULLGEN,air_bending_1,null_v3__air_bending_1__s42,0.9363083791443385,0.09639183551172881,0.03887635596457853,12.0,0.044901641332240005,0.25941939112195006,1.0862265973432186
S-GRID:NULLGEN,air_bending_1,null_v3__air_bending_1__s43,0.8977270423608252,0.11578649985710557,0.08847127905723491,8.0,0.024656384201577345,0.2896478145096503,1.0853291221025718
S-GRID:NULLGEN,display_transition_1,null_v3__display_transition_1__s42,0.8632076598535083,0.23473469904354882,0.19017501785507676,0.5,0.07155968983234863,0.25071624912670076,0.8213604692083479
S-GRID:NULLGEN,display_transition_1,null_v3__display_transition_1__s43,0.772011022969662,0.28798462021533827,0.18433702270722607,16.0,0.0267014371506002,0.2719851710685089,0.8265570540400268
S-GRID:NULLGEN,earth_wave_3,null_v3__earth_wave_3__s42,0.8166423179704436,0.3648543359455365,0.19608091075008355,48.0,0.08090021941827334,0.2642939841410819,0.7740116351651443
S-GRID:NULLGEN,earth_wave_3,null_v3__earth_wave_3__s43,0.6563610770050368,0.4645927078349556,0.4790785447142113,48.0,0.11145558079069673,0.25498425916676504,0.7697101341581538
S-GRID:NULLGEN,earth_wave_5,null_v3__earth_wave_5__s42,0.8611508658008775,0.2346002250929307,0.19688332452433788,16.0,0.029411261724368445,0.2313591821685624,0.9142339563480149
S-GRID:NULLGEN,earth_wave_5,null_v3__earth_wave_5__s43,0.7952794063213522,0.24863689689395413,0.15064652645968843,32.0,0.029253927815595483,0.20662633277593484,0.9128478792993489
S-GRID:NULLGEN,firelava_4,null_v3__firelava_4__s42,0.8246232355539476,0.24634928762314148,0.20527498153207613,12.0,0.037378449183514295,0.24755640480821803,0.9602695610261519
S-GRID:NULLGEN,firelava_4,null_v3__firelava_4__s43,0.831262462344049,0.26569437318997086,0.2949568533623329,5.0,0.08279932274913218,0.21680850093540469,0.9600097549107818
S-GRID:NULLGEN,hero_flight_6,null_v3__hero_flight_6__s42,0.66308826940052,0.39964848574680506,0.4338955107250366,32.0,0.08579779266659417,0.3030750417267065,0.720943488960833
S-GRID:NULLGEN,hero_flight_6,null_v3__hero_flight_6__s43,0.6983267170374443,0.5401909270348579,0.5696726799151304,16.0,0.1369785184704576,0.38297048590446553,0.7185711261190155
S-GRID:NULLGEN,melt_transition_2,null_v3__melt_transition_2__s42,0.8904175550314741,0.115584511270333,0.041841438983998266,12.0,0.041132079627259205,0.2503881657681165,0.7658501926480594
S-GRID:NULLGEN,melt_transition_2,null_v3__melt_transition_2__s43,0.7931855532014032,0.26688667542826844,0.19011076959708842,16.0,0.06983881019051577,0.22665460871985194,0.7684088626196471
S-GRID:NULLGEN,raven_transition_2,null_v3__raven_transition_2__s42,0.8954726777989976,0.1963675347321277,0.21576413197286737,1.0,0.06813212575227931,0.27877292212074367,1.0177133074868774
S-GRID:NULLGEN,raven_transition_2,null_v3__raven_transition_2__s43,0.8138516249316021,0.2794896923497683,0.26925434910896284,1.0,0.11465208053013186,0.32344491011298804,1.021275194390793
S-GRID:NULLGEN,water_bending_3,null_v3__water_bending_3__s42,0.8175108713566097,0.24370658560521907,0.22615050387139118,12.0,0.06240877082777147,0.21285504568240368,0.7052844039691872
S-GRID:NULLGEN,water_bending_3,null_v3__water_bending_3__s43,0.8907277498698303,0.2537505999448439,0.25269953528612443,3.0,0.04031713576075864,0.2973477991018953,0.7046200224448221
S-GRID:NULLGEN,flame_transition_2,null_v3__flame_transition_2__s42,0.9065110311639508,0.48080714837613286,0.18865720696619614,1.0,0.06396040499136865,0.32381942824878124,0.5855747204241915
S-GRID:NULLGEN,flame_transition_2,null_v3__flame_transition_2__s43,0.9368830417062044,0.2741438202168306,0.28042788260155327,0.5,0.07660659054343569,0.2512299473186708,0.5833140456410535
S-GRID:NULLGEN,flame_transition_3,null_v3__flame_transition_3__s42,0.9596500309971048,0.22775957590430154,0.1594257115887716,1.0,0.08450521107650369,0.31306648863035735,0.7082046673289668
S-GRID:NULLGEN,flame_transition_3,null_v3__flame_transition_3__s43,0.9041217571661007,0.21633340965529152,0.23610014079316352,8.0,0.03792713261828286,0.3663273177252306,0.7072719115678302
S-GRID:NULLGEN,giant_grab_5,null_v3__giant_grab_5__s42,0.6484181129324142,0.43681765367927766,0.3931846311275027,64.0,0.059855153582752625,0.19939402451833915,0.49312613406496886
S-GRID:NULLGEN,giant_grab_5,null_v3__giant_grab_5__s43,0.685462323685456,0.4315963910432856,0.5174352070890768,80.0,0.0785010719085856,0.09042946026007749,0.492437225660956
S-GRID:NULLGEN,shadow_smoke_7,null_v3__shadow_smoke_7__s42,0.8830737517861325,0.3343447025933744,0.38144969835818787,8.0,0.04807730695533614,0.42379212017781365,0.9211660350040909
S-GRID:NULLGEN,shadow_smoke_7,null_v3__shadow_smoke_7__s43,0.8860169127758477,0.247587305300032,0.10430839950820167,32.0,0.09416367114244002,0.3403640360067715,0.9218709383493096
S-GRID:NULLGEN,giant_grab_3,null_v3__giant_grab_3__s42,0.6883085618924443,0.511550414759409,0.5423862273039284,80.0,0.04819630232409282,0.1392657889772912,0.34244170248776284
S-GRID:NULLGEN,giant_grab_3,null_v3__giant_grab_3__s43,0.8437107513083597,0.32965475518628923,0.30689290505372147,12.0,0.08557606979946507,0.22608722891913052,0.3356617969315445
S-GRID:NULLGEN,flying_cam_transition_4,null_v3__flying_cam_transition_4__s42,0.819958909567331,0.20284334258817766,0.1850310682394529,12.0,0.04321322234238495,0.24801314108129402,1.1264805489708243
S-GRID:NULLGEN,flying_cam_transition_4,null_v3__flying_cam_transition_4__s43,0.6741510921369573,0.2558082594241542,0.301480682257011,24.0,0.04511783465509757,0.18806149256799495,1.1226010463641223
S-GRID-F:NULLGEN,davis_bear_elephant,gridF_v2__davis_bear_elephant__s42,0.713773541722865,0.36004532465212047,0.3580963908074443,8.0,0.09928985524054018,0.24043855602879613,0.725959513994264
S-GRID-F:NULLGEN,davis_bear_elephant,gridF_v2__davis_bear_elephant__s43,0.7521055746580698,0.3899581999410008,0.4860294486940294,32.0,0.12307238887635272,0.2189278322809946,0.7294686500937881
S-GRID-F:NULLGEN,davis_tennis_snowboard,gridF_v2__davis_tennis_snowboard__s42,0.6006272767668339,0.7953235187773965,0.6332764906765183,104.0,0.09110396604225525,0.1234264350191849,0.6444661632362857
S-GRID-F:NULLGEN,davis_tennis_snowboard,gridF_v2__davis_tennis_snowboard__s43,0.5908578264846003,0.729833252609886,0.7263092074434772,104.0,0.11197141736763758,0.11501264571470202,0.648321284635578
S-GRID-F:NULLGEN,davis_blackswan_rhino,gridF_v2__davis_blackswan_rhino__s42,0.6399356284720974,0.579565756330206,0.7154628968851268,104.0,0.15863695611356454,0.16066840973953278,0.5437623455383693
S-GRID-F:NULLGEN,davis_blackswan_rhino,gridF_v2__davis_blackswan_rhino__s43,0.6358756962824685,0.5702200698775568,0.6641307000402022,104.0,0.09305680931717482,0.09624606208527045,0.5462719025055792
S-GRID-F:NULLGEN,davis_bear_elephant,gridF_v3__davis_bear_elephant__s42,0.713773541722865,0.36004532465212047,0.3580963908074443,8.0,0.09928985524054018,0.24043855602879613,0.725959513994264
S-GRID-F:NULLGEN,davis_bear_elephant,gridF_v3__davis_bear_elephant__s43,0.7521055746580698,0.3899581999410008,0.4860294486940294,32.0,0.12307238887635272,0.2189278322809946,0.7294686500937881
S-GRID-F:NULLGEN,davis_tennis_snowboard,gridF_v3__davis_tennis_snowboard__s42,0.6006272767668339,0.7953235187773965,0.6332764906765183,104.0,0.09110396604225525,0.1234264350191849,0.6444661632362857
S-GRID-F:NULLGEN,davis_tennis_snowboard,gridF_v3__davis_tennis_snowboard__s43,0.5908578264846003,0.729833252609886,0.7263092074434772,104.0,0.11197141736763758,0.11501264571470202,0.648321284635578
S-GRID-F:NULLGEN,hvpair.humanvid_10042758.humanvid_7537430,gridF_v3__hvpair.humanvid_10042758.humanvid_7537430__s42,0.9453435689914242,0.12386551380557033,0.12137479117601743,0.5,0.011671614854013565,0.3019674136362394,0.6260457752070783
S-GRID-F:NULLGEN,hvpair.humanvid_10042758.humanvid_7537430,gridF_v3__hvpair.humanvid_10042758.humanvid_7537430__s43,0.8954534699875991,0.11252689324755726,0.07214274968271872,8.0,0.021337854347041187,0.3242984729088772,0.6268450222918673
S-GRID-F:NULLGEN,hvpair.humanvid_12405668.humanvid_7539020,gridF_v3__hvpair.humanvid_12405668.humanvid_7539020__s42,0.7008412141680367,0.35435478122637376,0.31209435169055855,48.0,0.05806334693051867,0.1500907288884305,0.7183159931797333
S-GRID-F:NULLGEN,hvpair.humanvid_12405668.humanvid_7539020,gridF_v3__hvpair.humanvid_12405668.humanvid_7539020__s43,0.7312901045352616,0.4394350439015193,0.48200470701382614,64.0,0.12951294678953795,0.15691870219810114,0.7206743034246292
S-GRID-F:NULLGEN,hvpair.humanvid_2402374.humanvid_7663067,gridF_v3__hvpair.humanvid_2402374.humanvid_7663067__s42,0.8926809039365269,0.17554698952629635,0.15275683764259235,0.5,0.0307191019923721,0.26471895791721933,0.9322138136952945
S-GRID-F:NULLGEN,hvpair.humanvid_2402374.humanvid_7663067,gridF_v3__hvpair.humanvid_2402374.humanvid_7663067__s43,0.8948450843080711,0.09034649345969521,0.0935569213658013,0.5,0.0120894366253582,0.5029371228835846,0.9360701978145523
S-GRID-F:NULLGEN,hvpair.humanvid_3795426.humanvid_7670221,gridF_v3__hvpair.humanvid_3795426.humanvid_7670221__s42,0.9576421500919403,0.04023320585208878,0.02784622440033655,0.5,0.014895464833630667,0.49408239115627706,0.9038173351603475
S-GRID-F:NULLGEN,hvpair.humanvid_3795426.humanvid_7670221,gridF_v3__hvpair.humanvid_3795426.humanvid_7670221__s43,0.9586080438532358,0.08449754273813677,0.037210719213044516,0.5,0.015790339649422263,0.4945352280585751,0.9038802460248969
S-GRID-F:NULLGEN,hvpair.humanvid_4058810.humanvid_7682587,gridF_v3__hvpair.humanvid_4058810.humanvid_7682587__s42,0.9130170116470064,0.0996395249313465,0.03976744828660876,5.0,0.02296218439287329,0.26174950800352936,1.3641951146436944
S-GRID-F:NULLGEN,hvpair.humanvid_4058810.humanvid_7682587,gridF_v3__hvpair.humanvid_4058810.humanvid_7682587__s43,0.9051195402183614,0.10756096093100154,0.10652007763223902,5.0,0.021991022301948025,0.331549630823029,1.3665897208443973
S-GRID-F:NULLGEN,hvpair.humanvid_4076737.humanvid_7707744,gridF_v3__hvpair.humanvid_4076737.humanvid_7707744__s42,0.8923008480043861,0.26405999507813216,0.2875976129723217,0.5,0.04678283642244272,0.4542795800586563,0.8458278428996991
S-GRID-F:NULLGEN,hvpair.humanvid_4076737.humanvid_7707744,gridF_v3__hvpair.humanvid_4076737.humanvid_7707744__s43,0.8618359269833122,0.29958409503670913,0.27395106912413614,8.0,0.059691876217954326,0.4237723243465563,0.8495699167676382
S-GRID-F:NULLGEN,hvpair.humanvid_4223661.humanvid_7772314,gridF_v3__hvpair.humanvid_4223661.humanvid_7772314__s42,0.9607304921630748,0.06730575156566104,0.049111664863363984,1.0,0.02859283374591706,0.369561803431553,0.6593636647411086
S-GRID-F:NULLGEN,hvpair.humanvid_4223661.humanvid_7772314,gridF_v3__hvpair.humanvid_4223661.humanvid_7772314__s43,0.8799978615417361,0.10506316357446045,0.05799673382823111,16.0,0.01426112237621328,0.33523096509374617,0.6581364396338171
S-GRID-F:NULLGEN,hvpair.humanvid_4325522.humanvid_7776745,gridF_v3__hvpair.humanvid_4325522.humanvid_7776745__s42,0.8379986371798307,0.12395001333296501,0.06415888280481927,24.0,0.04288271648067378,0.22739424544552203,0.9422907416341741
S-GRID-F:NULLGEN,hvpair.humanvid_4325522.humanvid_7776745,gridF_v3__hvpair.humanvid_4325522.humanvid_7776745__s43,0.8766705571438258,0.2083891181881232,0.12605538825283158,32.0,0.07450423451951109,0.23559994737028456,0.9446984909765308
S-GRID-F:NULLGEN,davis_blackswan_rhino,gridF_v3__davis_blackswan_rhino__s42,0.6399356284720974,0.579565756330206,0.7154628968851268,104.0,0.15863695611356454,0.16066840973953278,0.5437623455383693
S-GRID-F:NULLGEN,davis_blackswan_rhino,gridF_v3__davis_blackswan_rhino__s43,0.6358756962824685,0.5702200698775568,0.6641307000402022,104.0,0.09305680931717482,0.09624606208527045,0.5462719025055792
S-GRID-F:NULLGEN,hvpair.humanvid_4457812.humanvid_7864986,gridF_v3__hvpair.humanvid_4457812.humanvid_7864986__s42,0.8290641713030074,0.18722786746195202,0.13739939215285252,12.0,0.04128089373913654,0.24064475357711482,1.044910865585061
S-GRID-F:NULLGEN,hvpair.humanvid_4457812.humanvid_7864986,gridF_v3__hvpair.humanvid_4457812.humanvid_7864986__s43,0.823876724708926,0.2542762498543889,0.24136360106837193,1.0,0.08341618416312334,0.24698052226560074,1.0433700442937177
S-GRID-F:NULLGEN,hvpair.humanvid_4650062.humanvid_7884019,gridF_v3__hvpair.humanvid_4650062.humanvid_7884019__s42,0.894232171277388,0.22294978494549256,0.10374834560502004,8.0,0.041627813683677996,0.2533812650738814,0.708257311687992
S-GRID-F:NULLGEN,hvpair.humanvid_4650062.humanvid_7884019,gridF_v3__hvpair.humanvid_4650062.humanvid_7884019__s43,0.7478838275206199,0.4370194912547968,0.4563842016211226,80.0,0.14668725361464097,0.1820080416697397,0.7087052329440036
S-GRID-F:NULLGEN,hvpair.humanvid_4734626.humanvid_7957231,gridF_v3__hvpair.humanvid_4734626.humanvid_7957231__s42,0.8853869838518624,0.45979005055697036,0.610091424354345,48.0,0.1541352554299204,0.26013721409679624,0.8659554113996116
S-GRID-F:NULLGEN,hvpair.humanvid_4734626.humanvid_7957231,gridF_v3__hvpair.humanvid_4734626.humanvid_7957231__s43,0.6669531124981134,0.4717362958701748,0.5669344398411829,104.0,0.16806639714760185,0.1809429584626102,0.862245676386001
S-GRID-F:NULLGEN,hvpair.humanvid_4873451.humanvid_7969628,gridF_v3__hvpair.humanvid_4873451.humanvid_7969628__s42,0.7919065240321093,0.2570237600971433,0.2886875107688373,3.0,0.08889484330210566,0.2233471228211041,0.6878082023144281
S-GRID-F:NULLGEN,hvpair.humanvid_4873451.humanvid_7969628,gridF_v3__hvpair.humanvid_4873451.humanvid_7969628__s43,0.7115559157215763,0.3159898114909239,0.3755558785485533,32.0,0.08909404328048902,0.16768631651508129,0.6859468551211515
S-GRID-F:NULLGEN,hvpair.humanvid_5124224.humanvid_7970355,gridF_v3__hvpair.humanvid_5124224.humanvid_7970355__s42,0.8989914417187872,0.23121559005029388,0.23367295097979013,0.5,0.055351316549597844,0.2727265994873418,0.5960089082033292
S-GRID-F:NULLGEN,hvpair.humanvid_5124224.humanvid_7970355,gridF_v3__hvpair.humanvid_5124224.humanvid_7970355__s43,0.9357641567634623,0.19796480647993037,0.16299338073238656,0.5,0.08492187386820504,0.24200055336689832,0.5974479714961995
S-PROBE:R3:high,wireframe_7,probe_r3__P01H__s42,0.8110093701482759,0.192936360291412,0.18078932821508953,16.0,0.0196743951894884,0.3108872773189726,0.8643688699395224
S-PROBE:R3:high,wireframe_7,probe_r3__P01H__s43,0.813800085617868,0.3687840054734754,0.41874618070472486,16.0,0.11760132829679486,0.3728250567040448,0.849950560951017
S-PROBE:R3:high,wireframe_7,probe_r3__P01H__s44,0.8145270167517265,0.27328977003633176,0.22633557318399158,16.0,0.05382513732751457,0.33356169022647647,0.9151153612356411
S-PROBE:R3:high,super_fast_run_10,probe_r3__P02H__s42,0.8794394809947652,0.2628796049195837,0.29835991509428006,0.5,0.07810248435400799,0.3538811905664257,0.8835346456629026
S-PROBE:R3:high,super_fast_run_10,probe_r3__P02H__s43,0.8895965371441155,0.3219930149228964,0.3560278708986757,12.0,0.07257359012794232,0.39127682125556473,0.8480971478177779
S-PROBE:R3:high,super_fast_run_10,probe_r3__P02H__s44,0.8383784681243698,0.3072372531524622,0.3273761660294719,24.0,0.061055372342210944,0.31738718113505954,0.8089799743164656
S-PROBE:R3:high,portal_1,probe_r3__P03H__s42,0.8830088975184549,0.24377805639006148,0.29010919529758705,5.0,0.04353547559061534,0.3135070193340247,0.9606639262540532
S-PROBE:R3:high,portal_1,probe_r3__P03H__s43,0.8329172484860647,0.15706321363149425,0.06307765844089339,12.0,0.04575513442122167,0.26586308216932536,0.9432390843502023
S-PROBE:R3:high,portal_1,probe_r3__P03H__s44,0.7914536108813652,0.16634449255106415,0.11403416866109232,24.0,0.04778089571507059,0.21275260359944173,0.9465471162321442
S-PROBE:R3:high,portal_10,probe_r3__P04H__s42,0.7134271011272062,0.36863924495970074,0.40141987436046417,16.0,0.11250424321592038,0.25226617634715004,0.9929388281246275
S-PROBE:R3:high,portal_10,probe_r3__P04H__s43,0.6703907696133016,0.49255345368702896,0.5536975848122121,16.0,0.20903365727970952,0.3290154306024303,0.9058797408541089
S-PROBE:R3:high,portal_10,probe_r3__P04H__s44,0.522704634932573,0.7189495542171269,0.7514805795486428,104.0,0.14818882820631815,0.14818882820631815,0.9513955659175747
S-PROBE:R3:high,explosion_1,probe_r3__P05H__s42,0.6226417311809271,0.20146617820237037,0.21356481209098332,48.0,0.03758562085188826,0.22717421120640519,1.026697948244415
S-PROBE:R3:high,explosion_1,probe_r3__P05H__s43,0.948820244431217,0.14787982484952583,0.05116692068743538,8.0,0.06523332384093085,0.36093307974564753,1.0442242003058746
S-PROBE:R3:high,explosion_1,probe_r3__P05H__s44,0.8884223216087184,0.26546478938470974,0.12472011213928622,8.0,0.04298249771995811,0.34730130369108386,1.0497446292099368
S-PROBE:R3:high,explosion_0,probe_r3__P06H__s42,0.9377990441888093,0.10365712177292837,0.10845290239832497,1.0,0.01623003815465051,0.49683803595794623,0.8330873637260306
S-PROBE:R3:high,explosion_0,probe_r3__P06H__s43,0.8705085190886084,0.19280259450079143,0.13925210692771398,8.0,0.031128201836579456,0.34289411718159596,0.8834310635416
S-PROBE:R3:high,explosion_0,probe_r3__P06H__s44,0.8595681116028604,0.18196572969841174,0.14761777754477037,16.0,0.04023923856628251,0.41688702907633957,0.8389511855024899
S-PROBE:R3:high,plasma_explosion_2,probe_r3__P07H__s42,0.797472164406323,0.24723924505822037,0.2786830225177602,12.0,0.06148197549613782,0.26083367265716384,0.7564298104397088
S-PROBE:R3:high,plasma_explosion_2,probe_r3__P07H__s43,0.7986200093417855,0.21533703996479595,0.2029991675459193,16.0,0.04437699771410206,0.326563522437351,0.8776681950818683
S-PROBE:R3:high,plasma_explosion_2,probe_r3__P07H__s44,0.7977311735348229,0.35635224709369717,0.3347659863400042,12.0,0.06103676656869102,0.32952647889345127,0.7586106354681807
S-PROBE:R3:high,point_cloud_1,probe_r3__P08H__s42,0.8921836185769021,0.33142612161433543,0.30666811306226793,24.0,0.09793977049762011,0.41829516441614695,0.9529097208414254
S-PROBE:R3:high,point_cloud_1,probe_r3__P08H__s43,0.8902708795973164,0.25924606253037796,0.15864351407423455,32.0,0.08597434257295812,0.3576207836353213,0.9611978752637413
S-PROBE:R3:high,point_cloud_1,probe_r3__P08H__s44,0.9005662342862888,0.20304595904372064,0.05786143445638403,8.0,0.04056330929045562,0.30399408901503233,0.9482852850417312
S-PROBE:R3:high,point_cloud_0,probe_r3__P09H__s42,0.9720217485818794,0.07923324370632236,0.04951945639216976,2.0,0.0648633478700258,0.543498394111351,0.7780447333795399
S-PROBE:R3:high,point_cloud_0,probe_r3__P09H__s43,0.8456740586212641,0.2827363600016111,0.261363097527391,8.0,0.09838033329548444,0.24568913418494182,0.742113780863444
S-PROBE:R3:high,point_cloud_0,probe_r3__P09H__s44,0.8599881784274273,0.1797577335976677,0.06364390753070656,32.0,0.07324010877112491,0.4094811500049884,0.8616014332643167
S-PROBE:R3:high,monstrosity_0,probe_r3__P10H__s42,0.5005772083787645,0.24732563104689995,0.21522715706306833,48.0,0.03318677301939783,0.23660192335014665,0.452422181765798
S-PROBE:R3:high,monstrosity_0,probe_r3__P10H__s43,0.4332597882272926,0.3616890280495774,0.37892697384483226,64.0,0.04246529212669657,0.15448930928863613,0.5832574380922937
S-PROBE:R3:high,monstrosity_0,probe_r3__P10H__s44,0.6821607602075273,0.3671611006173763,0.4172025091228425,24.0,0.0691318047219872,0.2032560242160816,0.7413484567897591
S-PROBE:R3:high,water_element_3,probe_r3__P11H__s42,0.9275771136865147,0.1167639326484573,0.13139565379716528,0.5,0.015725343783451737,0.4206070802569591,1.1306667306170473
S-PROBE:R3:high,water_element_3,probe_r3__P11H__s43,0.7291563527741407,0.18522977255768552,0.16836044954248075,32.0,0.02081379600232159,0.2828041481270123,1.0953071983983462
S-PROBE:R3:high,water_element_3,probe_r3__P11H__s44,0.8698977639393375,0.1155368037398869,0.09204789550879924,8.0,0.021659697250816737,0.3015257401003048,1.0086915152691387
S-PROBE:R3:high,water_element_4,probe_r3__P12H__s42,0.6931329557737269,0.1909562888919489,0.16846339159554363,32.0,0.030607281035521215,0.19304877287956068,0.8777290652113147
S-PROBE:R3:high,water_element_4,probe_r3__P12H__s43,0.8398839666931481,0.3738481929241513,0.446287021344412,3.0,0.11631739132110357,0.23247501541301793,0.8347969913985358
S-PROBE:R3:high,water_element_4,probe_r3__P12H__s44,0.8774852196745482,0.19932202951592443,0.1820092418719035,5.0,0.03493080555086964,0.25082999854289634,0.8220897389247931
S-PROBE:R3:high,northern_lights_0,probe_r3__P13H__s42,0.5523545273481039,0.317610019470994,0.2760168371880262,48.0,0.02750960004350493,0.2549660442399024,0.9377204303606287
S-PROBE:R3:high,northern_lights_0,probe_r3__P13H__s43,0.7489361769034315,0.39824326851791914,0.40024583888804566,16.0,0.059449930722613634,0.2457719336182602,0.9309095698862413
S-PROBE:R3:high,northern_lights_0,probe_r3__P13H__s44,0.8507381452325751,0.28286203532852017,0.2756332950739915,8.0,0.0352300132390534,0.39050322002882426,0.9846588433452694
S-PROBE:R3:high,fire_element_2,probe_r3__P14H__s42,0.9037361677429601,0.10942781803501692,0.09823849817401034,5.0,0.029470859150110915,0.3377494455359165,0.9337228288779135
S-PROBE:R3:high,fire_element_2,probe_r3__P14H__s43,0.8683180034210618,0.2429846347176927,0.26174457123244993,8.0,0.048227793864011465,0.3144961482635167,0.8184340818835815
S-PROBE:R3:high,fire_element_2,probe_r3__P14H__s44,0.8201515643428849,0.17187476359590945,0.057756561727579134,5.0,0.03525732381777365,0.3770611970851021,0.9845021976880087
S-PROBE:R3:high,fire_element_3,probe_r3__P15H__s42,0.832807854708733,0.2052468511145487,0.22073285534985387,8.0,0.03219808621739047,0.32659389059987765,0.9735817400273126
S-PROBE:R3:high,fire_element_3,probe_r3__P15H__s43,0.8500774687263783,0.29034858576993433,0.31180906485503196,12.0,0.07082789682832626,0.2568008633064215,0.9526168527549282
S-PROBE:R3:high,fire_element_3,probe_r3__P15H__s44,0.8478712929044641,0.24846577471514888,0.2802724091811979,3.0,0.06093847736719033,0.2289627479908261,0.9043282169617723
S-PROBE:R3:high,color_rain_2,probe_r3__P16H__s42,0.8671455122293965,0.07619165403758293,0.023019375032674726,12.0,0.018526653089426078,0.29326623247306205,1.1666662100138852
S-PROBE:R3:high,color_rain_2,probe_r3__P16H__s43,0.9083334241282615,0.21746738384335004,0.2523905475931323,8.0,0.03754136591563928,0.38418287483609764,1.0785635114937184
S-PROBE:R3:high,color_rain_2,probe_r3__P16H__s44,0.713264058200787,0.1608808788430599,0.11068934485977128,32.0,0.0342754724790431,0.21204910654688536,1.2288264497329422
S-PROBE:R3:high,color_rain_0,probe_r3__P17H__s42,0.7933591837851164,0.19787217808412774,0.22117710613665992,16.0,0.03566220674047307,0.2260722757483707,0.8803358721299016
S-PROBE:R3:high,color_rain_0,probe_r3__P17H__s43,0.8870473739928442,0.19481093399608884,0.22398061634818225,8.0,0.024907926270286315,0.3448774607286168,0.855709892983874
S-PROBE:R3:high,color_rain_0,probe_r3__P17H__s44,0.7941560096043401,0.1698968217160841,0.09530514979817345,16.0,0.028059644835301528,0.24713734155302955,0.8647293889331252
S-PROBE:R3:high,earth_element_6,probe_r3__P18H__s42,0.4138270652659952,0.4399471793952629,0.40495235084393033,80.0,0.03243854155135628,0.08166299436199612,0.9473702389803959
S-PROBE:R3:high,earth_element_6,probe_r3__P18H__s43,0.6156492782767495,0.41596048407713393,0.465538718566472,48.0,0.1332470716242565,0.27969970590571486,1.0506866719627508
S-PROBE:R3:high,earth_element_6,probe_r3__P18H__s44,0.6785452175312696,0.15969337206958162,0.10582548306351029,32.0,0.03664584330231293,0.21801466299143138,1.0280652142834628
S-PROBE:R3:high,earth_element_4,probe_r3__P19H__s42,0.6119799272530035,0.17341783359960608,0.13415454460941373,32.0,0.0347135360938064,0.17486988958114782,0.6614231253112738
S-PROBE:R3:high,earth_element_4,probe_r3__P19H__s43,0.8091628369843149,0.24418902043064078,0.1530163049006206,24.0,0.061268690185937884,0.26240094018382093,0.6658167348859206
S-PROBE:R3:high,earth_element_4,probe_r3__P19H__s44,0.7773977856853573,0.4482994775738875,0.5003798891823961,64.0,0.16747839794201047,0.24691871115768296,0.70195327610204
S-PROBE:R3:high,train_rush_1,probe_r3__P20H__s42,0.8551738545705241,0.11923848004800397,0.101918620131801,8.0,0.030114100206142847,0.24637631880211242,1.5765599266861658
S-PROBE:R3:high,train_rush_1,probe_r3__P20H__s43,0.6653891964143326,0.28532472663137426,0.25923792006977464,48.0,0.0775437070152679,0.28728077005934055,1.6008564378897443
S-PROBE:R3:high,train_rush_1,probe_r3__P20H__s44,0.7459729645508846,0.198010721524885,0.18428185692325932,24.0,0.03865204907829147,0.36493712753187996,1.6135187728554272
S-PROBE:R3:high,train_rush_0,probe_r3__P21H__s42,0.944981343479717,0.0851963244160636,0.07608405282908416,3.0,0.013438904093324346,0.33257948579778335,1.1314131022668483
S-PROBE:R3:high,train_rush_0,probe_r3__P21H__s43,0.9245400379272204,0.07633960682211335,0.009934448976780329,12.0,0.03107766281214676,0.3059699217514392,1.1034012931171908
S-PROBE:R3:high,train_rush_0,probe_r3__P21H__s44,0.9693667575011593,0.11332944694287374,0.11654038124690073,0.5,0.007166576338310231,0.3843333760670613,1.1386935331407397
S-PROBE:R3:high,money_rain_3,probe_r3__P22H__s42,0.8155687257863311,0.39056312563724543,0.45704794501969204,0.5,0.1356425417870316,0.356161278280391,0.8907821277674844
S-PROBE:R3:high,money_rain_3,probe_r3__P22H__s43,0.8554316124174406,0.30388875407763155,0.2910197757798868,12.0,0.06303935657088454,0.3738918012772203,0.9471614591345043
S-PROBE:R3:high,money_rain_3,probe_r3__P22H__s44,0.8679738060871829,0.26690294377662827,0.2675624930129584,5.0,0.035885966762878536,0.29187024314946053,1.0177086133488096
S-PROBE:R3:high,glitch_1,probe_r3__P23H__s42,0.9207316287354372,0.12571408549440838,0.07124799565453589,12.0,0.03791121770571859,0.26833023029470016,0.9247426649322402
S-PROBE:R3:high,glitch_1,probe_r3__P23H__s43,0.8773022239203359,0.12194800902404,0.07792384591848778,12.0,0.037077521410416175,0.25393668773464706,1.0633897624092803
S-PROBE:R3:high,glitch_1,probe_r3__P23H__s44,0.7843150782647452,0.07952986027151576,0.07674121970438724,24.0,0.016588351586308767,0.22320493205639383,1.0887610057173611
S-PROBE:R3:high,acid_0,probe_r3__P24H__s42,0.8732606052411713,0.2133549843965625,0.2345285103122967,5.0,0.04458318251257101,0.387004456499147,0.9251780255058506
S-PROBE:R3:high,acid_0,probe_r3__P24H__s43,0.81714368200669,0.27289947750722365,0.2961078439721452,16.0,0.03595785287398646,0.28269583619516275,0.9537663478457692
S-PROBE:R3:high,acid_0,probe_r3__P24H__s44,0.8554855473565426,0.3039172024367672,0.20775496507530286,5.0,0.03605664026287489,0.35759998105240437,0.9229521640864915
S-PROBE:R3:high,luminous_gaze_3,probe_r3__P25H__s42,0.912907484081015,0.2256667570982622,0.25931991958255296,0.5,0.024955148084301573,0.4105889649667059,0.5502443790467764
S-PROBE:R3:high,luminous_gaze_3,probe_r3__P25H__s43,0.7338456436561767,0.31781748622277495,0.3325844419984251,32.0,0.028569832681789288,0.2990764239034456,0.5147798257506945
S-PROBE:R3:high,luminous_gaze_3,probe_r3__P25H__s44,0.9053001952518274,0.24941787843423027,0.2557912174690749,12.0,0.051535323674555045,0.3436831205434906,0.5685441103648453
S-PROBE:R3:high,saint_glow_3,probe_r3__P26H__s42,0.674023761525476,0.15563131544383307,0.16176400793752174,32.0,0.015262339279509827,0.22319067859945194,0.8664409827410801
S-PROBE:R3:high,saint_glow_3,probe_r3__P26H__s43,0.751994813185981,0.21434056579866448,0.2091845807562787,24.0,0.033511443820860416,0.22093338322277123,0.8539748370312245
S-PROBE:R3:high,saint_glow_3,probe_r3__P26H__s44,0.9200808324596947,0.0950396508414472,0.069095205831289,8.0,0.040271354189304616,0.37143485021629274,0.8911551032000897
S-PROBE:R3:high,live_concert_4,probe_r3__P27H__s42,0.7295775551280974,0.19677519450282802,0.12077180250757519,32.0,0.046540691307802536,0.2361727073172768,1.2667271896969268
S-PROBE:R3:high,live_concert_4,probe_r3__P27H__s43,0.9094396180785762,0.2167120528151833,0.1762053562383559,1.0,0.05808307823056001,0.2869595752773304,1.2645795622999096
S-PROBE:R3:high,live_concert_4,probe_r3__P27H__s44,0.7881772659927535,0.2952838452813474,0.29900361588132074,32.0,0.08142490508290193,0.21226760964388505,1.2271840991494085
S-PROBE:R3:high,animalization_0,probe_r3__P28H__s42,0.8920596343164797,0.20705976028493886,0.09401643371193122,16.0,0.040166236743021465,0.4635677655228166,0.9141890776264306
S-PROBE:R3:high,animalization_0,probe_r3__P28H__s43,0.8963372909296248,0.24781696720246238,0.2048019561393289,12.0,0.031784009630904005,0.48538953419261116,0.9346678269283683
S-PROBE:R3:high,animalization_0,probe_r3__P28H__s44,0.8095066547457244,0.3121445491323985,0.23922643490516515,24.0,0.033650851168780124,0.4023347689884765,0.9787385170705409
S-PROBE:R3:high,shadow_3,probe_r3__P29H__s42,0.9168199860058353,0.17485338631069083,0.019769680028564197,5.0,0.05292282305450433,0.2813708861258492,1.0815191926700567
S-PROBE:R3:high,shadow_3,probe_r3__P29H__s43,0.7674757100974718,0.33325570777713853,0.3467442206903079,24.0,0.052883109844079144,0.31707921272607176,1.048942588700035
S-PROBE:R3:high,shadow_3,probe_r3__P29H__s44,0.8758928702864728,0.23379779922734156,0.18969008463721182,8.0,0.042378735879011024,0.23648652881281532,1.1566106283823496
S-PROBE:R3:high,gas_transformation_1,probe_r3__P30H__s42,0.9569719243447012,0.06117489270210604,0.05638946532127702,0.5,0.005348087628838458,0.34525784158926137,0.9502674378004794
S-PROBE:R3:high,gas_transformation_1,probe_r3__P30H__s43,0.7791243014739433,0.1762805761430227,0.20112401241653718,16.0,0.044995294864788406,0.3215099235684575,0.9266228034839747
S-PROBE:R3:high,gas_transformation_1,probe_r3__P30H__s44,0.7932285345048429,0.16155058108243237,0.16861333188131328,16.0,0.030290734878655395,0.2817117202446324,0.9242244206652396
S-PROBE:R1:high,wireframe_7,probe__P01H__wireframe_7__s42,0.8063804436001603,0.26770886972270636,0.21885969731167354,32.0,0.10334901205120227,0.20574533774440346,0.8601343531755741
S-PROBE:R1:high,wireframe_7,probe__P01H__wireframe_7__s43,0.6096915349388035,0.3531298091831181,0.38990874974006723,64.0,0.08451345474699279,0.1214933308620556,0.8482699583425701
S-PROBE:R1:high,wireframe_7,probe__P01H__wireframe_7__s44,0.6858884098897402,0.26261917238216803,0.23040586733575774,48.0,0.07010938250550823,0.18860067261505079,0.9086886573149204
S-PROBE:R1:high,super_fast_run_10,probe__P02H__super_fast_run_10__s42,0.766367309037663,0.3139821108400583,0.366571817459459,32.0,0.12788592891631245,0.291737065595843,0.8847096841812593
S-PROBE:R1:high,super_fast_run_10,probe__P02H__super_fast_run_10__s43,0.7837640953647591,0.37101958957825504,0.3788691174737399,64.0,0.07669535457373267,0.2298693559000403,0.853851697220787
S-PROBE:R1:high,super_fast_run_10,probe__P02H__super_fast_run_10__s44,0.6184652412651572,0.360008205314513,0.31111238590845364,48.0,0.04462617481382758,0.2124322142589279,0.8090147997179565
S-PROBE:R1:high,portal_1,probe__P03H__portal_1__s42,0.5668742837382186,0.4276087630386523,0.4998029265152882,80.0,0.08156953795869129,0.10159677816796459,0.9511843172034918
S-PROBE:R1:high,portal_1,probe__P03H__portal_1__s43,0.6828074206437389,0.3868579915053708,0.4170345052114008,80.0,0.09584883885886433,0.13480495669387896,0.9395125094234564
S-PROBE:R1:high,portal_1,probe__P03H__portal_1__s44,0.6322643629981068,0.47174567744962187,0.4991954386741963,32.0,0.15174949383638917,0.22850070884915924,0.9427881442857341
S-PROBE:R1:high,portal_10,probe__P04H__portal_10__s42,0.6187149239707954,0.4715747908814378,0.5115644125266499,32.0,0.11608972270673754,0.2629926909504212,0.9827409770579072
S-PROBE:R1:high,portal_10,probe__P04H__portal_10__s43,0.5808868911508818,0.6008916720306877,0.6933609294360249,80.0,0.11097343185479569,0.1323374524422049,0.8969579089867504
S-PROBE:R1:high,portal_10,probe__P04H__portal_10__s44,0.5564583600110555,0.8147130196687905,0.8784747708340804,80.0,0.13358532787424934,0.1350452434757364,0.9546421934752355
S-PROBE:R1:high,explosion_1,probe__P05H__explosion_1__s42,0.5906151226330956,0.5799016947077676,0.6018713761688295,104.0,0.13786714608191677,0.13786714608191677,1.0170740936810359
S-PROBE:R1:high,explosion_1,probe__P05H__explosion_1__s43,0.6296046006348262,0.5877648175646518,0.6850705505559359,80.0,0.15150785805795042,0.18925254968239372,1.0346501153793177
S-PROBE:R1:high,explosion_1,probe__P05H__explosion_1__s44,0.6991402272866407,0.6567805293336759,0.5379999617955681,104.0,0.20798470965716434,0.20798470965716434,1.0428681576039387
S-PROBE:R1:high,explosion_0,probe__P06H__explosion_0__s42,0.5211028845564731,0.21661423083454331,0.2014235980234664,48.0,0.057294519626675665,0.2744055356824448,0.8237616948834338
S-PROBE:R1:high,explosion_0,probe__P06H__explosion_0__s43,0.8250389498613577,0.21923881822362284,0.15633761422385667,24.0,0.0421904125387624,0.3687015721571027,0.8715756327859298
S-PROBE:R1:high,explosion_0,probe__P06H__explosion_0__s44,0.6998067423579997,0.25220573948152597,0.20932071127616106,24.0,0.049073875094033305,0.4550981656376428,0.8350303516722134
S-PROBE:R1:high,plasma_explosion_2,probe__P07H__plasma_explosion_2__s42,0.6410968609873275,0.37701146395732216,0.37024808795573494,24.0,0.07245628985219169,0.29869439223985106,0.7576063859637348
S-PROBE:R1:high,plasma_explosion_2,probe__P07H__plasma_explosion_2__s43,0.6265705416520291,0.2205501766938802,0.23727010337943305,48.0,0.05537518609251955,0.2569814390191547,0.8780542114776847
S-PROBE:R1:high,plasma_explosion_2,probe__P07H__plasma_explosion_2__s44,0.7003681703968556,0.5058773610061393,0.3373399364958771,12.0,0.07651109244656668,0.5093190480423349,0.7555154998698468
S-PROBE:R1:high,point_cloud_1,probe__P08H__point_cloud_1__s42,0.7592865383673864,0.3956038698300667,0.36753950668085295,16.0,0.12400273127425958,0.40277677748652313,0.9349949335865766
S-PROBE:R1:high,point_cloud_1,probe__P08H__point_cloud_1__s43,0.7817634882772366,0.3364485046456836,0.3691662121185213,32.0,0.07789123598242428,0.34142418680089615,0.945354812821624
S-PROBE:R1:high,point_cloud_1,probe__P08H__point_cloud_1__s44,0.6973897779807201,0.48347532096778206,0.3518730047349267,48.0,0.09858495708029623,0.32247991734790926,0.9281079550400559
S-PROBE:R1:high,point_cloud_0,probe__P09H__point_cloud_0__s42,0.6084094184043207,0.5069307779713191,0.6045945173434604,80.0,0.28321044959596414,0.298337541351596,0.7804601381929499
S-PROBE:R1:high,point_cloud_0,probe__P09H__point_cloud_0__s43,0.5878378806835611,0.7338745458762262,0.9019971825919022,80.0,0.2520531310565233,0.26155630121493595,0.7352263944808275
S-PROBE:R1:high,point_cloud_0,probe__P09H__point_cloud_0__s44,0.519080179508649,0.49627856280773347,0.5909915229700173,24.0,0.24303090910797115,0.3063948281005066,0.8642370487575631
S-PROBE:R1:high,monstrosity_0,probe__P10H__monstrosity_0__s42,0.4164490030514256,1.2686338217048199,1.5282336464191821,104.0,0.08570417315116766,0.08570417315116766,0.45634323472870125
S-PROBE:R1:high,monstrosity_0,probe__P10H__monstrosity_0__s43,0.5417962313778946,0.8833207173068112,0.8341830775706505,64.0,0.10702266519172704,0.20361995017760706,0.5809289917400591
S-PROBE:R1:high,monstrosity_0,probe__P10H__monstrosity_0__s44,0.5791218007020966,0.8479869464601183,0.934600722333061,64.0,0.04354346578313639,0.13786792441445467,0.7384348119883304
S-PROBE:R1:high,water_element_3,probe__P11H__water_element_3__s42,0.7819868555451741,0.23841369910265017,0.23240940288554182,12.0,0.03496185803980544,0.36193806203819595,1.139747612467292
S-PROBE:R1:high,water_element_3,probe__P11H__water_element_3__s43,0.6870645131972009,0.2504668098964203,0.22839306016430289,24.0,0.0574129711456627,0.3367061536006535,1.0932199167819763
S-PROBE:R1:high,water_element_3,probe__P11H__water_element_3__s44,0.7825349406622539,0.3084328878661776,0.34253738888095336,8.0,0.1210485430539299,0.43715203623423887,1.011905458804253
S-PROBE:R1:high,water_element_4,probe__P12H__water_element_4__s42,0.5616380505749838,0.4051464364962482,0.43363505662383073,48.0,0.05327034456263003,0.12313059806366004,0.8642271910728541
S-PROBE:R1:high,water_element_4,probe__P12H__water_element_4__s43,0.5218564285305141,0.39759762385800335,0.47136898522211856,80.0,0.05111215007908081,0.10708234807703652,0.8408681220197589
S-PROBE:R1:high,water_element_4,probe__P12H__water_element_4__s44,0.4825140143654878,0.3843597567411216,0.41029601344531796,64.0,0.027653289709928933,0.11872206675987315,0.8042682182690977
S-PROBE:R1:high,northern_lights_0,probe__P13H__northern_lights_0__s42,0.6407155658508428,0.4517031838368575,0.4872248974797898,80.0,0.06953788516907662,0.13657820558838163,0.9309000675079231
S-PROBE:R1:high,northern_lights_0,probe__P13H__northern_lights_0__s43,0.5661840987294955,0.40764209155654435,0.3977854826799102,48.0,0.0531029713223012,0.14293306209752243,0.9220375344002609
S-PROBE:R1:high,northern_lights_0,probe__P13H__northern_lights_0__s44,0.6345908078053559,0.31231222505608414,0.2932495076938779,48.0,0.04573904319913178,0.2729576901125743,0.9789212627614633
S-PROBE:R1:high,fire_element_2,probe__P14H__fire_element_2__s42,0.6487702710411676,0.2086059758065454,0.12067376102386854,48.0,0.03216013693150518,0.21133404376057402,0.9265321513743632
S-PROBE:R1:high,fire_element_2,probe__P14H__fire_element_2__s43,0.5582367033262368,0.46642537420895525,0.46889115722761227,64.0,0.02417708313546747,0.14076777786630124,0.8080501369823659
S-PROBE:R1:high,fire_element_2,probe__P14H__fire_element_2__s44,0.5757728063235061,0.2971823128493272,0.3053023188295458,48.0,0.13589840978776385,0.25898008545585893,0.9760979940739798
S-PROBE:R1:high,fire_element_3,probe__P15H__fire_element_3__s42,0.718861824056187,0.3179779921922291,0.2688426013250211,16.0,0.03848206705861565,0.2239268857799419,0.9683468975201859
S-PROBE:R1:high,fire_element_3,probe__P15H__fire_element_3__s43,0.5828075533051698,0.3671856661804649,0.33737367351311415,32.0,0.039425122677761576,0.214684808971689,0.9461898408381637
S-PROBE:R1:high,fire_element_3,probe__P15H__fire_element_3__s44,0.7115165145512825,0.41821111106906717,0.4263543343286057,16.0,0.04381417187803634,0.29317271347123347,0.9001791631617585
S-PROBE:R1:high,color_rain_2,probe__P16H__color_rain_2__s42,0.6678102514612005,0.17742199860441143,0.06953780749596124,32.0,0.024789791555847165,0.26169933483254637,1.1657240570313188
S-PROBE:R1:high,color_rain_2,probe__P16H__color_rain_2__s43,0.7502775771943888,0.2332190816545041,0.2407561770727218,32.0,0.04235909122221056,0.3160938747909409,1.077233840100573
S-PROBE:R1:high,color_rain_2,probe__P16H__color_rain_2__s44,0.6064126024645842,0.1967558428084724,0.13209627049269435,48.0,0.027375943473857613,0.1927816771840433,1.234137569546321
S-PROBE:R1:high,color_rain_0,probe__P17H__color_rain_0__s42,0.739447711281561,0.2541661292143626,0.23101406172501668,32.0,0.053623159909616795,0.23627717783646218,0.8720294268859448
S-PROBE:R1:high,color_rain_0,probe__P17H__color_rain_0__s43,0.7899779872752857,0.2631878746368574,0.21294365983208338,32.0,0.05655396570698445,0.2801220466481314,0.8493959584810133
S-PROBE:R1:high,color_rain_0,probe__P17H__color_rain_0__s44,0.7512227708901402,0.2650249861561837,0.11122919474161978,32.0,0.057163545194011595,0.32400207854852514,0.8616286793533733
S-PROBE:R1:high,earth_element_6,probe__P18H__earth_element_6__s42,0.4193723431606631,0.5888141709799453,0.630669634652993,80.0,0.10677550392982309,0.11658286274174925,0.9308843294707542
S-PROBE:R1:high,earth_element_6,probe__P18H__earth_element_6__s43,0.46672848791934096,0.4417094999867276,0.4982791329482989,80.0,0.06596164080112547,0.11616975435540161,1.0467525878010984
S-PROBE:R1:high,earth_element_6,probe__P18H__earth_element_6__s44,0.4476893937500108,0.558645909030755,0.6347077924322794,104.0,0.10862484851238363,0.10862484851238363,1.0228790155929275
S-PROBE:R1:high,earth_element_4,probe__P19H__earth_element_4__s42,0.4572451455822124,0.6517344360966141,0.6490056852511858,104.0,0.12738851176441215,0.12738851176441215,0.6639397416254913
S-PROBE:R1:high,earth_element_4,probe__P19H__earth_element_4__s43,0.5287190436068454,0.6661693452708538,0.7240617167165447,104.0,0.10495542404982451,0.10844208986730461,0.669704580632538
S-PROBE:R1:high,earth_element_4,probe__P19H__earth_element_4__s44,0.478339580391812,0.6345141576360391,0.7135917481813578,48.0,0.14058526371851643,0.25522406878468856,0.6934695351890608
S-PROBE:R1:high,train_rush_1,probe__P20H__train_rush_1__s42,0.6820807707181813,0.3611349928396077,0.19731350069909054,24.0,0.10504780850452633,0.3170666390939851,1.5726198674614182
S-PROBE:R1:high,train_rush_1,probe__P20H__train_rush_1__s43,0.7602416438860238,0.3562462838015546,0.42796121813420956,32.0,0.11045203355967058,0.4014498895339333,1.6009978533888742
S-PROBE:R1:high,train_rush_1,probe__P20H__train_rush_1__s44,0.8200189852236164,0.2476266129154791,0.16949286214914497,5.0,0.06176942538121153,0.44127045032154877,1.6091325053463232
S-PROBE:R1:high,train_rush_0,probe__P21H__train_rush_0__s42,0.8136730859514878,0.13629146228731903,0.07469364053460263,16.0,0.023169508064212644,0.32286276250231616,1.1288719333604547
S-PROBE:R1:high,train_rush_0,probe__P21H__train_rush_0__s43,0.7799850502358181,0.18673884576625144,0.013502820591752467,48.0,0.08338033491380073,0.30334414972146917,1.0997522283100396
S-PROBE:R1:high,train_rush_0,probe__P21H__train_rush_0__s44,0.7627678455085267,0.30173118997127457,0.14295574413091383,48.0,0.10049094497144945,0.3116155980880713,1.1353306290175653
S-PROBE:R1:high,money_rain_3,probe__P22H__money_rain_3__s42,0.50692251439587,0.4285608099274772,0.4245813592083897,48.0,0.04456904747326213,0.1935645280654327,0.8820886627923018
S-PROBE:R1:high,money_rain_3,probe__P22H__money_rain_3__s43,0.5828053779485702,0.3427598257683818,0.3233970509620594,64.0,0.05215142804761716,0.17950503873282186,0.9406319729316104
S-PROBE:R1:high,money_rain_3,probe__P22H__money_rain_3__s44,0.6126272209097565,0.32693581076624334,0.2801526459110318,48.0,0.03747765903333885,0.17487251568304385,1.0070955882908763
S-PROBE:R1:high,glitch_1,probe__P23H__glitch_1__s42,0.5279166115640734,0.250347003293534,0.2616538690917404,64.0,0.02579334604005442,0.12018490794993075,0.9221487209251108
S-PROBE:R1:high,glitch_1,probe__P23H__glitch_1__s43,0.5240151738758738,0.2821591499335173,0.3158779879720214,48.0,0.04212428059038963,0.13479148424848872,1.0732422881534824
S-PROBE:R1:high,glitch_1,probe__P23H__glitch_1__s44,0.5389248507702402,0.32206242605994373,0.3577648809902173,64.0,0.06863007045502947,0.12882829833688428,1.0884558543913827
S-PROBE:R1:high,acid_0,probe__P24H__acid_0__s42,0.5206277409273175,0.6135787679558781,0.5826932801670882,80.0,0.05157934958391685,0.08342972999687964,0.9130808178141333
S-PROBE:R1:high,acid_0,probe__P24H__acid_0__s43,0.6844561342699509,0.4895919933644305,0.32317434284763735,48.0,0.09108371602307638,0.22351080123028694,0.9511949723788514
S-PROBE:R1:high,acid_0,probe__P24H__acid_0__s44,0.6067054430221799,0.6182264495843596,0.5693423070155109,48.0,0.10853373801315856,0.25480527444462114,0.917851478333291
S-PROBE:R1:high,luminous_gaze_3,probe__P25H__luminous_gaze_3__s42,0.7415363025008042,0.5954130079820302,0.4809510110303388,5.0,0.11065078003224427,0.3362732714009796,0.5464787943740432
S-PROBE:R1:high,luminous_gaze_3,probe__P25H__luminous_gaze_3__s43,0.6762265764447597,0.6408281476339962,0.3610033751829236,16.0,0.05853379762960566,0.20356739899425996,0.5086541245218111
S-PROBE:R1:high,luminous_gaze_3,probe__P25H__luminous_gaze_3__s44,0.7205745720404471,0.5015714722474688,0.3183241344090635,64.0,0.10618894664661044,0.18067523398631494,0.5660540495195867
S-PROBE:R1:high,saint_glow_3,probe__P26H__saint_glow_3__s42,0.6247725377792206,0.4507638589889566,0.3747617021566454,24.0,0.04302934265205661,0.24254140438182967,0.8600965281399674
S-PROBE:R1:high,saint_glow_3,probe__P26H__saint_glow_3__s43,0.6236526053099856,0.4993036190699985,0.4460444679755877,24.0,0.05732743736818607,0.22649756945031985,0.8412488685679087
S-PROBE:R1:high,saint_glow_3,probe__P26H__saint_glow_3__s44,0.6716982927973301,0.6241651602325399,0.7484007047423044,16.0,0.05322974107748612,0.30806630434081156,0.880320454499655
S-PROBE:R1:high,live_concert_4,probe__P27H__live_concert_4__s42,0.6198187572888427,0.31384997994684743,0.4179341217229437,64.0,0.045644257252831597,0.15843547312996775,1.2640508203783394
S-PROBE:R1:high,live_concert_4,probe__P27H__live_concert_4__s43,0.5297571947058983,0.2644224385732141,0.31818568419193805,64.0,0.04895862882953109,0.184760362711639,1.2561523433694763
S-PROBE:R1:high,live_concert_4,probe__P27H__live_concert_4__s44,0.7979209396068507,0.5762623593423819,0.44299138499435525,16.0,0.08241979416990786,0.3159952193955996,1.2220585877746442
S-PROBE:R1:high,animalization_0,probe__P28H__animalization_0__s42,0.5873263342476105,0.3335927519611391,0.32404897854392817,64.0,0.038924415974846395,0.20601995599482079,0.9105263086407387
S-PROBE:R1:high,animalization_0,probe__P28H__animalization_0__s43,0.7268576326467575,0.3159658274699132,0.23106332355378031,32.0,0.04218013342741788,0.30214209027897565,0.9330138749111009
S-PROBE:R1:high,animalization_0,probe__P28H__animalization_0__s44,0.7251546808142499,0.35274323930005436,0.2152129359680166,32.0,0.043911351719138354,0.2749943519061923,0.9716756761572408
S-PROBE:R1:high,shadow_3,probe__P29H__shadow_3__s42,0.6182668375776201,0.4328015660137921,0.5419953398138135,80.0,0.07361026729516718,0.1516129630200632,1.082056714184643
S-PROBE:R1:high,shadow_3,probe__P29H__shadow_3__s43,0.4662540835401474,0.42197001173465554,0.39290699757670444,80.0,0.029841746105053045,0.10358106228749273,1.0454166744393036
S-PROBE:R1:high,shadow_3,probe__P29H__shadow_3__s44,0.6841524481314074,0.3299674419213848,0.28862235549730003,48.0,0.04969487980944347,0.14529321488213046,1.1552166285534633
S-PROBE:R1:high,gas_transformation_1,probe__P30H__gas_transformation_1__s42,0.5365334067144021,0.04939316781701621,0.05236586334023813,48.0,0.007681055141925242,0.1572305180262332,0.9463395295901097
S-PROBE:R1:high,gas_transformation_1,probe__P30H__gas_transformation_1__s43,0.48304130450158356,0.12815841488378632,0.13715960020328485,64.0,0.026362265144885003,0.14603665372795752,0.9223234868310113
S-PROBE:R1:high,gas_transformation_1,probe__P30H__gas_transformation_1__s44,0.579701171586477,0.11651354887637028,0.11635069548214934,48.0,0.015291244169270694,0.16632489599699687,0.91924065723158
S-PROBE:R2:high,wireframe_7,probe_r2__P01H__s42,0.8074137475663654,0.27011990947580244,0.2175353129256914,48.0,0.10326426450287099,0.19942469207179028,0.865751794659317
S-PROBE:R2:high,wireframe_7,probe_r2__P01H__s43,0.5776043304650627,0.34118472680774276,0.38987476579539254,48.0,0.06602758211943247,0.1586274565325233,0.8505601408136383
S-PROBE:R2:high,wireframe_7,probe_r2__P01H__s44,0.7596637390930059,0.23207947553477218,0.22291854639124276,24.0,0.07666611121924437,0.2011654356366209,0.9149703664201394
S-PROBE:R2:high,super_fast_run_10,probe_r2__P02H__s42,0.7246496511565228,0.31724878406363577,0.4327461566944383,80.0,0.11592948065225471,0.1688617901300289,0.882393554445781
S-PROBE:R2:high,super_fast_run_10,probe_r2__P02H__s43,0.7323152215103053,0.35259270929195663,0.3764332469881891,24.0,0.07660880235799203,0.3309946538337175,0.848696454072661
S-PROBE:R2:high,super_fast_run_10,probe_r2__P02H__s44,0.5114911150694228,0.37250017711327915,0.3872353853669434,64.0,0.03769757464693115,0.20760410291034082,0.8094061664771642
S-PROBE:R2:high,portal_1,probe_r2__P03H__s42,0.6050291062820587,0.3833228986394689,0.36217530079456206,80.0,0.0704587846731136,0.09205413098948326,0.9606615491831539
S-PROBE:R2:high,portal_1,probe_r2__P03H__s43,0.5786005740832485,0.3829134357563716,0.33694870127307075,64.0,0.05734829745338533,0.10105452067173504,0.9438266961841967
S-PROBE:R2:high,portal_1,probe_r2__P03H__s44,0.6092892945503707,0.37720090548632945,0.44198997416411573,80.0,0.07022381791996309,0.10188127029509107,0.9468745146244537
S-PROBE:R2:high,portal_10,probe_r2__P04H__s42,0.6751724639233188,0.3957243172203145,0.4110499861999828,48.0,0.1141175979083941,0.2655013783910868,0.9944527535716596
S-PROBE:R2:high,portal_10,probe_r2__P04H__s43,0.5087643585990973,0.5106478522029689,0.5590647701785063,104.0,0.12811825485353548,0.12811825485353548,0.8952269147026916
S-PROBE:R2:high,portal_10,probe_r2__P04H__s44,0.4454995237230346,0.7296645712706284,0.7034253329808087,104.0,0.10678722376426895,0.10678722376426895,0.9565325002429128
S-PROBE:R2:high,explosion_1,probe_r2__P05H__s42,0.6027498637285604,0.6201856248395929,0.6109318904534442,104.0,0.20288731988695144,0.20288731988695144,1.027282939822053
S-PROBE:R2:high,explosion_1,probe_r2__P05H__s43,0.6531588469020804,0.5607384926699113,0.5721195561213281,80.0,0.13554943491461793,0.1905348092816847,1.0436671771220418
S-PROBE:R2:high,explosion_1,probe_r2__P05H__s44,0.7585083390594058,0.555409938390907,0.49841738097768884,64.0,0.15795702077532578,0.2345328685979621,1.0517554093228407
S-PROBE:R2:high,explosion_0,probe_r2__P06H__s42,0.766602396538882,0.24285422952906396,0.23666580547392846,24.0,0.18120937360444916,0.37565958361383167,0.8244389350376783
S-PROBE:R2:high,explosion_0,probe_r2__P06H__s43,0.8366304822046298,0.2066522364542594,0.14805627732856808,12.0,0.037594827336212076,0.3425752588956791,0.8823202442672156
S-PROBE:R2:high,explosion_0,probe_r2__P06H__s44,0.7309091356097106,0.2597486878495341,0.21533525946379753,16.0,0.05140367700348236,0.4609827615629787,0.8371791174409319
S-PROBE:R2:high,plasma_explosion_2,probe_r2__P07H__s42,0.6615952148795905,0.3731806429560437,0.3627657231273048,24.0,0.06660057333713928,0.2740288866452996,0.7555685641249127
S-PROBE:R2:high,plasma_explosion_2,probe_r2__P07H__s43,0.7240398941933897,0.20617963030548928,0.2079196852361041,24.0,0.04672394352446753,0.33236754995031065,0.8769325283826356
S-PROBE:R2:high,plasma_explosion_2,probe_r2__P07H__s44,0.7090868019838306,0.4447665446178124,0.34776951596183425,16.0,0.04553628918108837,0.45537383162663847,0.7570847650920588
S-PROBE:R2:high,point_cloud_1,probe_r2__P08H__s42,0.7825208457352009,0.375881886545977,0.3813451349690298,48.0,0.09306099584644628,0.3145236114798287,0.9657053122316871
S-PROBE:R2:high,point_cloud_1,probe_r2__P08H__s43,0.8595621523219994,0.3292706452133115,0.16976587924516343,48.0,0.09278052959491707,0.3465061865140356,0.9585915251690188
S-PROBE:R2:high,point_cloud_1,probe_r2__P08H__s44,0.7243534354424832,0.42051664757738316,0.14893179237293105,64.0,0.06903549937853573,0.23636048948944535,0.9493054414379831
S-PROBE:R2:high,point_cloud_0,probe_r2__P09H__s42,0.7882468602855108,0.3457788712556135,0.533883156721121,0.5,0.062294391987282295,0.5164099167183981,0.7784888733367091
S-PROBE:R2:high,point_cloud_0,probe_r2__P09H__s43,0.6196046431832247,0.6963799927098295,0.8947631354046692,80.0,0.20674859098487836,0.21777033839859045,0.7371223671203609
S-PROBE:R2:high,point_cloud_0,probe_r2__P09H__s44,0.6493173383773876,0.3683252271380159,0.5709544849813806,12.0,0.1644675616141285,0.38656519793151417,0.8817598311813704
S-PROBE:R2:high,monstrosity_0,probe_r2__P10H__s42,0.48735596976697737,1.3312603172658,1.7511316066374105,80.0,0.06081807912906411,0.12130832381255931,0.45377863931229107
S-PROBE:R2:high,monstrosity_0,probe_r2__P10H__s43,0.5778067257995789,0.8052567932584567,0.5418252839181563,48.0,0.06058053586038451,0.25794996106387275,0.5843059484227604
S-PROBE:R2:high,monstrosity_0,probe_r2__P10H__s44,0.6524691751566827,0.8992252728085486,1.0850170184253876,48.0,0.0814723359454059,0.2527192257719132,0.740755998013181
S-PROBE:R2:high,water_element_3,probe_r2__P11H__s42,0.6756529413579961,0.2560049095476698,0.27903418456320633,24.0,0.054144330242244965,0.28470010867145246,1.1273848559959367
S-PROBE:R2:high,water_element_3,probe_r2__P11H__s43,0.6085465535914154,0.3137567691529549,0.3784587469470516,24.0,0.08187871046704509,0.2997790354864322,1.0909264573968056
S-PROBE:R2:high,water_element_3,probe_r2__P11H__s44,0.7312760984696236,0.2626043905117032,0.17491750001718767,16.0,0.11331573117032022,0.34680747339699985,1.004582998088519
S-PROBE:R2:high,water_element_4,probe_r2__P12H__s42,0.670765808793619,0.2708405568247182,0.20138909635151875,32.0,0.048627390674735,0.17393816233535994,0.8762011516639152
S-PROBE:R2:high,water_element_4,probe_r2__P12H__s43,0.568324253222311,0.4192127386684224,0.4954257276616505,64.0,0.0641642372804903,0.13719596272909945,0.8345067113591698
S-PROBE:R2:high,water_element_4,probe_r2__P12H__s44,0.4168528204241264,0.396337514300329,0.43340590869365925,64.0,0.026709358437857916,0.11477116856440742,0.8206372304835363
S-PROBE:R2:high,northern_lights_0,probe_r2__P13H__s42,0.69521730166237,0.43857490179371705,0.4509795427774361,64.0,0.0879595523376225,0.16725675933709136,0.9386000836187789
S-PROBE:R2:high,northern_lights_0,probe_r2__P13H__s43,0.5252545373513391,0.4285772058693361,0.42451093536410955,64.0,0.048234841847739886,0.13526745612335367,0.9298155853538456
S-PROBE:R2:high,northern_lights_0,probe_r2__P13H__s44,0.83173449931604,0.30338590491709927,0.2777515086759744,8.0,0.04014198143985245,0.33354349617186446,0.9830346498389508
S-PROBE:R2:high,fire_element_2,probe_r2__P14H__s42,0.5928860398955373,0.22300736531733067,0.15906737629208084,48.0,0.022821009072035867,0.21564682128720575,0.9334219237517213
S-PROBE:R2:high,fire_element_2,probe_r2__P14H__s43,0.4859428130947532,0.4273236761455926,0.43774577872869114,64.0,0.02164533172915172,0.11325310665740748,0.8186879373009891
S-PROBE:R2:high,fire_element_2,probe_r2__P14H__s44,0.6813333997737767,0.27126024250235303,0.19735719697100496,48.0,0.10624784318465652,0.2767282331607835,0.9839184714030234
S-PROBE:R2:high,fire_element_3,probe_r2__P15H__s42,0.6676658263942645,0.35567368214872846,0.322301608266112,32.0,0.032479876183381155,0.18250467828974232,0.9753599461991876
S-PROBE:R2:high,fire_element_3,probe_r2__P15H__s43,0.6629905441212438,0.3493948999539177,0.3777257967132739,48.0,0.0458609999678432,0.16653169543704088,0.9566969302653685
S-PROBE:R2:high,fire_element_3,probe_r2__P15H__s44,0.6756131920477264,0.37697612089376986,0.36336937647850676,16.0,0.03790635936427548,0.2501300931886301,0.9042934798037782
S-PROBE:R2:high,color_rain_2,probe_r2__P16H__s42,0.8401211225770822,0.09191123761090317,0.008098919780096237,16.0,0.012519265440850835,0.3343867244848425,1.168783504523821
S-PROBE:R2:high,color_rain_2,probe_r2__P16H__s43,0.7231377967497019,0.2543231215215643,0.2418424850948458,32.0,0.03176242409587658,0.34362065927189456,1.0791077421376467
S-PROBE:R2:high,color_rain_2,probe_r2__P16H__s44,0.5746978802788829,0.19643096155172243,0.11293943692349823,48.0,0.018836090670088727,0.22968844499064314,1.228662015008116
S-PROBE:R2:high,color_rain_0,probe_r2__P17H__s42,0.742122253415874,0.2887542960216737,0.2524179958805444,48.0,0.05980341264856624,0.23595684537701656,0.8796628697896324
S-PROBE:R2:high,color_rain_0,probe_r2__P17H__s43,0.7732623291524285,0.23365006577880235,0.23245536823612195,24.0,0.032188984673444415,0.29980390446812566,0.8558027461714697
S-PROBE:R2:high,color_rain_0,probe_r2__P17H__s44,0.7502839488436275,0.2689736845880422,0.10412594516862454,32.0,0.05140394369506519,0.3231935609232494,0.8646423362535959
S-PROBE:R2:high,earth_element_6,probe_r2__P18H__s42,0.4001853275330465,0.5865866159118198,0.6588102011652686,104.0,0.12056485401248589,0.12056485401248589,0.9484246965043637
S-PROBE:R2:high,earth_element_6,probe_r2__P18H__s43,0.4362715597124702,0.41967758491345136,0.449657474502244,80.0,0.05116310177141352,0.12101906792527131,1.0507294080372591
S-PROBE:R2:high,earth_element_6,probe_r2__P18H__s44,0.47645835638781286,0.5914967990772513,0.6539632746513382,104.0,0.11204446175214429,0.11204446175214429,1.0277568021322372
S-PROBE:R2:high,earth_element_4,probe_r2__P19H__s42,0.546944944367818,0.708878891821443,0.8476566905807841,80.0,0.13731650257201555,0.16855879983687364,0.6617475017944253
S-PROBE:R2:high,earth_element_4,probe_r2__P19H__s43,0.5157904374763811,0.5657543099194597,0.6176644448002053,80.0,0.0860765000633187,0.09223394021374416,0.6666482108406974
S-PROBE:R2:high,earth_element_4,probe_r2__P19H__s44,0.644163147163517,0.6398941109928292,0.6996287000082537,8.0,0.16189637194590883,0.38083356966236165,0.7027633098582007
S-PROBE:R2:high,train_rush_1,probe_r2__P20H__s42,0.6629015027993435,0.3149151548923943,0.12280926869429336,24.0,0.06254537485556329,0.26442178148452394,1.5773932153742336
S-PROBE:R2:high,train_rush_1,probe_r2__P20H__s43,0.5917862160298462,0.3556966381592368,0.3949480734690496,32.0,0.1112485796847546,0.3977168757808393,1.6018548028874775
S-PROBE:R2:high,train_rush_1,probe_r2__P20H__s44,0.7702936698005438,0.2442068304808183,0.17799657378603717,8.0,0.05334684639988766,0.372617827379706,1.6110644142787427
S-PROBE:R2:high,train_rush_0,probe_r2__P21H__s42,0.8727461272078152,0.12316764252702736,0.07584516665511395,12.0,0.013253147917348409,0.3392081255640409,1.1309776387949293
S-PROBE:R2:high,train_rush_0,probe_r2__P21H__s43,0.7943173952749587,0.18292236806569903,0.008945078411146685,48.0,0.06889744480116729,0.32604939030028857,1.1018009705765992
S-PROBE:R2:high,train_rush_0,probe_r2__P21H__s44,0.7289060883287188,0.27954707356233555,0.1417124804980341,48.0,0.07584832752766714,0.31220535483351375,1.138046478823062
S-PROBE:R2:high,money_rain_3,probe_r2__P22H__s42,0.5502906551029256,0.45118048634629954,0.46871720802474004,64.0,0.05495602264517861,0.17196654843926362,0.8914174648435316
S-PROBE:R2:high,money_rain_3,probe_r2__P22H__s43,0.7336514592943759,0.3328610790626066,0.2870161917986857,32.0,0.059896232375741314,0.2888875141793353,0.9469390257337353
S-PROBE:R2:high,money_rain_3,probe_r2__P22H__s44,0.6721146540249765,0.3058914410137691,0.2707725619666984,32.0,0.052790383916271645,0.19833778824024,1.017280522153088
S-PROBE:R2:high,glitch_1,probe_r2__P23H__s42,0.5733962088707631,0.23920208272139135,0.2503553321722058,48.0,0.042555173276084955,0.14928718958333906,0.9249750428458454
S-PROBE:R2:high,glitch_1,probe_r2__P23H__s43,0.6117997105366231,0.3274241687737446,0.33190276700495586,64.0,0.06729180890067661,0.13553655539006818,1.0627924280242877
S-PROBE:R2:high,glitch_1,probe_r2__P23H__s44,0.7013957083986093,0.2971519546373612,0.32257152179706133,32.0,0.03949442345456865,0.1873054590969395,1.0903394117761598
S-PROBE:R2:high,acid_0,probe_r2__P24H__s42,0.5821770728428814,0.49446077382233367,0.5179367892426359,64.0,0.19487650042922405,0.25980958769659696,0.9260416315930942
S-PROBE:R2:high,acid_0,probe_r2__P24H__s43,0.7041848445430119,0.48844930364990274,0.31862809100438405,32.0,0.06410374548105487,0.24540922920319827,0.9537978403256746
S-PROBE:R2:high,acid_0,probe_r2__P24H__s44,0.6881967535902127,0.5344238501261801,0.27636034781235325,24.0,0.08937962999729235,0.29371857565777865,0.9215892232906281
S-PROBE:R2:high,luminous_gaze_3,probe_r2__P25H__s42,0.7821413145762302,0.554522394032796,0.2825421228509908,12.0,0.09519682169875238,0.3235389706449762,0.5507250804128506
S-PROBE:R2:high,luminous_gaze_3,probe_r2__P25H__s43,0.6760368797963809,0.6208516285611925,0.3756105477118691,12.0,0.05873117770231641,0.20920402780775507,0.5144134771471712
S-PROBE:R2:high,luminous_gaze_3,probe_r2__P25H__s44,0.7197571970323537,0.5191757366910085,0.32085196394099097,16.0,0.11071482860729244,0.18852871735974563,0.5680083393024654
S-PROBE:R2:high,saint_glow_3,probe_r2__P26H__s42,0.750389802180037,0.3649655163218149,0.24755833106970754,12.0,0.06337118002577113,0.27372314766084044,0.867203329891678
S-PROBE:R2:high,saint_glow_3,probe_r2__P26H__s43,0.5916886358903033,0.5112898931252535,0.45730404126622703,48.0,0.040366383441876846,0.24366117835981854,0.8542764494846472
S-PROBE:R2:high,saint_glow_3,probe_r2__P26H__s44,0.7117821455199693,0.48691387212625103,0.2930654132489836,16.0,0.04167689527354044,0.34415170522041155,0.8919603353745934
S-PROBE:R2:high,live_concert_4,probe_r2__P27H__s42,0.8019679670332012,0.35374156162699943,0.32293328243996045,64.0,0.09961739887085631,0.24631711444409324,1.2647468642509843
S-PROBE:R2:high,live_concert_4,probe_r2__P27H__s43,0.6340996046763303,0.34517182789564305,0.258868013526118,64.0,0.09400770854785187,0.25722476420442425,1.2587957848360058
S-PROBE:R2:high,live_concert_4,probe_r2__P27H__s44,0.770787805009302,0.4738865663081183,0.41546311763924465,16.0,0.0919625772882109,0.30112727044575294,1.2289338158682463
S-PROBE:R2:high,animalization_0,probe_r2__P28H__s42,0.7764470516198978,0.3479659107646705,0.3032619029842948,48.0,0.0408632105592247,0.23557671510930087,0.9131150283457762
S-PROBE:R2:high,animalization_0,probe_r2__P28H__s43,0.4789505383641055,0.4064440793222153,0.3857304302750403,64.0,0.031644283260883324,0.17105704643880404,0.9356490733775784
S-PROBE:R2:high,animalization_0,probe_r2__P28H__s44,0.6793634650393865,0.3752088224280897,0.25101416132009635,32.0,0.04621414292984592,0.2630148398368079,0.9774381161868217
S-PROBE:R2:high,shadow_3,probe_r2__P29H__s42,0.8031354097411543,0.4088097143999784,0.4871562342413203,64.0,0.09623975813665389,0.19834948434928196,1.0814141780645552
S-PROBE:R2:high,shadow_3,probe_r2__P29H__s43,0.5729031764970429,0.4083788833386326,0.3804650107978768,64.0,0.03220775959980388,0.2067852634988153,1.0489291598995814
S-PROBE:R2:high,shadow_3,probe_r2__P29H__s44,0.5846940157353637,0.28899496671797836,0.23863271251367757,48.0,0.03619009661902777,0.14038911282835045,1.156092491569206
S-PROBE:R2:high,gas_transformation_1,probe_r2__P30H__s42,0.583633532633488,0.061659215131528264,0.06680042034782079,48.0,0.019457769764018112,0.22848630451667723,0.9502110148124393
S-PROBE:R2:high,gas_transformation_1,probe_r2__P30H__s43,0.4756434605109603,0.16909901313533274,0.19002721025408253,48.0,0.03800497235117629,0.21178540342341004,0.9265446785440214
S-PROBE:R2:high,gas_transformation_1,probe_r2__P30H__s44,0.5026614235416318,0.15049072022792645,0.16975497026695516,48.0,0.024223587078954348,0.1753763289706653,0.9247469380354234
S-PROBE:R3:inplace,wireframe_7,probe_r3__P01L__s42,0.6564537809100663,0.3814089356908447,0.4732179920613804,48.0,0.07144822228029739,0.1538463622179297,0.7487722445210576
S-PROBE:R3:inplace,wireframe_7,probe_r3__P01L__s43,0.38738541958325134,0.3520541241796525,0.42497258861339215,80.0,0.06685535032378243,0.1126832902402857,0.653805374191691
S-PROBE:R3:inplace,wireframe_7,probe_r3__P01L__s44,0.8613436353261075,0.35479152722451174,0.3391980686350837,3.0,0.0426597248328732,0.34771150048964494,0.7096540325623206
S-PROBE:R3:inplace,explosion_0,probe_r3__P06L__s42,0.6597435798463218,0.3197734410303158,0.334329234860393,32.0,0.07614222585342346,0.16200693271806688,0.8829360051450267
S-PROBE:R3:inplace,explosion_0,probe_r3__P06L__s43,0.4816163902251216,0.5675245358661297,0.6666376423549796,104.0,0.08342313052012383,0.08342313052012383,1.0393750350851045
S-PROBE:R3:inplace,explosion_0,probe_r3__P06L__s44,0.7866732347703087,0.3431747944733213,0.225693568811813,32.0,0.06561172102262272,0.2937080501479201,0.8900289987533019
S-PROBE:R3:inplace,point_cloud_0,probe_r3__P09L__s42,0.7398301953932309,0.2984628677378055,0.29604707016512266,24.0,0.12125401017583443,0.37159572593833506,0.8672251426714549
S-PROBE:R3:inplace,point_cloud_0,probe_r3__P09L__s43,0.7478270884214813,0.4804590644405018,0.5278462386727453,32.0,0.15812067145524222,0.31784288707422326,0.9043736753017649
S-PROBE:R3:inplace,point_cloud_0,probe_r3__P09L__s44,0.6443059544659315,0.39102348158751477,0.4033235915811456,5.0,0.10617808703856647,0.41133771621760945,0.9040363469656691
S-PROBE:R3:inplace,monstrosity_0,probe_r3__P10L__s42,0.631449185983691,0.2820208976380266,0.30275670467796795,64.0,0.13650492070496156,0.16223098412104153,0.6680321037965491
S-PROBE:R3:inplace,monstrosity_0,probe_r3__P10L__s43,0.40160035254974646,0.26528506798944196,0.28133770662011276,80.0,0.042504349229824295,0.1551095974039057,0.6476521308977026
S-PROBE:R3:inplace,monstrosity_0,probe_r3__P10L__s44,0.4266798267075278,0.3150027491923036,0.36020952052674404,64.0,0.06644790829592213,0.10506356001006704,0.708266428137154
S-PROBE:R3:inplace,water_element_3,probe_r3__P11L__s42,0.5766509923844101,0.14823816628627723,0.1564483922324576,48.0,0.031146233136681873,0.19411732501359721,0.4177249547116275
S-PROBE:R3:inplace,water_element_3,probe_r3__P11L__s43,0.6206652693942665,0.16607448213527418,0.1502523848406349,48.0,0.03804721506333818,0.19208835141658245,0.6606457233510163
S-PROBE:R3:inplace,water_element_3,probe_r3__P11L__s44,0.7979820901107757,0.24015629184060494,0.25321436412234954,12.0,0.04798095608611892,0.2692877725475756,0.49184969778391585
S-PROBE:R3:inplace,fire_element_2,probe_r3__P14L__s42,0.6045950254044987,0.20532773725695505,0.1280620255422623,48.0,0.04241779941466347,0.17493622552777457,0.8173093279176094
S-PROBE:R3:inplace,fire_element_2,probe_r3__P14L__s43,0.8423276916537246,0.1944787709763056,0.2077070791038228,16.0,0.03692681168243518,0.369144385165794,0.6672507320022448
S-PROBE:R3:inplace,fire_element_2,probe_r3__P14L__s44,0.5200881200892273,0.22146866947821373,0.2115519532918422,48.0,0.03423642573289932,0.19546948122667215,0.7539536859001092
S-PROBE:R3:inplace,color_rain_0,probe_r3__P17L__s42,0.6284628557461209,0.37682222753852623,0.35671697374006683,48.0,0.06265106348388576,0.1501043326813945,0.6204428228244487
S-PROBE:R3:inplace,color_rain_0,probe_r3__P17L__s43,0.5088767325393084,0.326233818947561,0.31695367260845764,64.0,0.03900207666843716,0.10355474987130744,0.6403354046279262
S-PROBE:R3:inplace,color_rain_0,probe_r3__P17L__s44,0.7241600651833022,0.29924319319591625,0.29040968097906045,24.0,0.06475530360052094,0.24045364524245533,0.8118918912093211
S-PROBE:R3:inplace,earth_element_4,probe_r3__P19L__s42,0.7790972620435241,0.2979499523941619,0.17907729823141408,48.0,0.05745368887558729,0.1576480034396983,0.7282461620571655
S-PROBE:R3:inplace,earth_element_4,probe_r3__P19L__s43,0.6061993696662218,0.28686024268904575,0.29792358947186515,48.0,0.06031590581797707,0.18417318148708234,0.7380670347537268
S-PROBE:R3:inplace,earth_element_4,probe_r3__P19L__s44,0.6506999692183448,0.31767278608105826,0.31787994671365566,48.0,0.05507942108317407,0.2606455630269986,0.7486056296258882
S-PROBE:R3:inplace,glitch_1,probe_r3__P23L__s42,0.8503596733468803,0.1450831365854307,0.15206374522459873,8.0,0.05300969633136343,0.26263494542480015,1.2834195952457181
S-PROBE:R3:inplace,glitch_1,probe_r3__P23L__s43,0.6723949676383665,0.18119877417043773,0.17052633806316952,48.0,0.04627876619276026,0.21538619229070619,1.2022317428475713
S-PROBE:R3:inplace,glitch_1,probe_r3__P23L__s44,0.680231096280743,0.14143123391264734,0.1435018657246475,32.0,0.03202209627258369,0.18640320285135784,1.1641066682443706
S-PROBE:R3:inplace,animalization_0,probe_r3__P28L__s42,0.5255214068982772,0.29813889469327837,0.2567096310711009,64.0,0.03922910334637462,0.2080784656061743,1.0797282947178488
S-PROBE:R3:inplace,animalization_0,probe_r3__P28L__s43,0.8416529943411213,0.25236126882368637,0.1580565323430032,16.0,0.032424888449544345,0.40758237596324215,1.1707033240980538
S-PROBE:R3:inplace,animalization_0,probe_r3__P28L__s44,0.8287807194955514,0.21102721936651167,0.1644014737852927,8.0,0.03401851944708621,0.30268481679146403,1.2830442847529118
