clip_id,stratum,group,owner,gap_over_anchor_norm,d_encLERP_to_LATLERP_med,d_encLERP_to_LATLERP_mid,latlerp_norm_min,enclerp_norm_min,main_norm_min,main_norm_med,cut_norm_min,dino_cos_AB,dino_chord_mid_norm,anchor_a_norm,anchor_b_norm
null_v2__hero_flight_1__s42,S-GRID,NULLGEN,GT__hero_flight_1,1.3719291086691792,0.5614505412280685,0.5614505412280685,0.727691274410798,0.9122755299654032,0.90039389922722,1.002141737510809,0.9884707906173015,0.06455967181227606,0.7295751064188923,211.6885722907308,207.94249324542088
null_v2__hero_flight_1__s43,S-GRID,NULLGEN,GT__hero_flight_1,1.3719291086691792,0.5614505412280685,0.5614505412280685,0.727691274410798,0.9122755299654032,0.9822188507905971,1.0219690757293702,0.9884707906173015,0.021457793122408475,0.7146529903115247,211.6885722907308,207.94249324542088
null_v2__shadow_smoke_2__s42,S-GRID,NULLGEN,GT__shadow_smoke_2,1.4427402461898953,0.37482726937779554,0.37482726937779554,0.6824861344113854,0.8752558912567074,0.8860950031116341,1.1154291936201932,0.9139933036621872,0.015740338404896193,0.71265010292741,192.29158261096424,248.03687245306386
null_v2__shadow_smoke_2__s43,S-GRID,NULLGEN,GT__shadow_smoke_2,1.4427402461898953,0.37482726937779554,0.37482726937779554,0.6824861344113854,0.8752558912567074,0.8795542656506206,1.1167506850804743,0.9139933036621872,0.0013422079338170079,0.7075811642256374,192.29158261096424,248.03687245306386
null_v2__hero_flight_5__s42,S-GRID,NULLGEN,GT__hero_flight_5,1.4550451647362348,0.5263798837771291,0.5263798837771291,0.6860891044559088,0.9141026977440254,0.99287765068143,1.046144587441044,1.0132477875398773,0.03501194315849432,0.7193788790194269,203.66990141367637,204.74088771077143
null_v2__hero_flight_5__s43,S-GRID,NULLGEN,GT__hero_flight_5,1.4550451647362348,0.5263798837771291,0.5263798837771291,0.6860891044559088,0.9141026977440254,0.9540074425569961,1.0590046494750787,1.0132477875398773,0.0352278258781098,0.7194538991061588,203.66990141367637,204.74088771077143
null_v2__shadow_smoke_0__s42,S-GRID,NULLGEN,GT__shadow_smoke_0,1.2275859483891904,0.4414129580059129,0.4414129580059129,0.7896917282316942,0.891771083973057,0.9717383270711137,1.0160661903193822,0.9869842597118264,0.044551576621927325,0.7226865076303581,221.71228415996978,230.23208331218484
null_v2__shadow_smoke_0__s43,S-GRID,NULLGEN,GT__shadow_smoke_0,1.2275859483891904,0.4414129580059129,0.4414129580059129,0.7896917282316942,0.891771083973057,0.9044719492423079,1.0060346174222892,0.9869842597118264,0.0492332619089666,0.7243042392216708,221.71228415996978,230.23208331218484
null_v2__hero_flight_6__s42,S-GRID,NULLGEN,GT__hero_flight_6,1.388812336105242,0.5596434176738075,0.5506374383194332,0.716734296101961,0.9033787830101269,0.9118167841748875,0.9507304716093542,0.984214829982127,0.6261708183515111,0.9017124869800548,238.55025659497105,210.53909232754143
null_v2__hero_flight_6__s43,S-GRID,NULLGEN,GT__hero_flight_6,1.388812336105242,0.5596434176738075,0.5506374383194332,0.716734296101961,0.9033787830101269,0.9083501315300081,0.9309216733744208,0.984214829982127,0.6075179058556159,0.8965260469879321,238.55025659497105,210.53909232754143
null_v2__shadow_smoke_7__s42,S-GRID,NULLGEN,GT__shadow_smoke_7,1.3626152742434714,0.3852290232330513,0.3880310852941011,0.7325921951014792,0.89995598988344,0.980202293367001,0.9947141619947172,0.9864808877753322,0.1322197459594463,0.7524027332351493,257.9777402772512,240.9175940976836
null_v2__shadow_smoke_7__s43,S-GRID,NULLGEN,GT__shadow_smoke_7,1.3626152742434714,0.3852290232330513,0.3880310852941011,0.7325921951014792,0.89995598988344,0.9814968626399678,0.9905914597949382,0.9864808877753322,0.12299996558999737,0.7493330252931594,257.9777402772512,240.9175940976836
null_v2__display_transition_1__s42,S-GRID,NULLGEN,GT__display_transition_1,1.3828867022586415,0.35850005529965945,0.35110363380364407,0.7067601256380079,0.835213632800831,0.8300833620508823,0.8723181483567084,0.8479457622811858,0.015499787745284266,0.7125657119681259,235.4108532604055,176.30390413396032
null_v2__display_transition_1__s43,S-GRID,NULLGEN,GT__display_transition_1,1.3828867022586415,0.35850005529965945,0.35110363380364407,0.7067601256380079,0.835213632800831,0.8611782074889491,1.1159037348020362,0.8479457622811858,0.013234228360943234,0.7117704083343671,235.4108532604055,176.30390413396032
null_v2__earth_wave_3__s42,S-GRID,NULLGEN,GT__earth_wave_3,1.342522447207304,0.3571200407603362,0.36217168380514136,0.74175196797361,0.8753102482384153,0.848586486430262,1.0165569409366726,0.9841743627932305,0.17680546726660396,0.7670741382899713,251.78643794667897,266.3287620105353
null_v2__earth_wave_3__s43,S-GRID,NULLGEN,GT__earth_wave_3,1.342522447207304,0.3571200407603362,0.36217168380514136,0.74175196797361,0.8753102482384153,0.8743108658857298,0.9872375592808283,0.9841743627932305,0.16740315929882854,0.7640036515942933,251.78643794667897,266.3287620105353
null_v2__melt_transition_2__s42,S-GRID,NULLGEN,GT__melt_transition_2,1.2930741673604522,0.3168038714513466,0.3365477508303254,0.76316367352084,0.8554819641407252,0.9231046401963556,1.00920159865753,0.9801422387665059,0.06567501760741834,0.7299571965558729,216.1648871262639,207.3980081478816
null_v2__melt_transition_2__s43,S-GRID,NULLGEN,GT__melt_transition_2,1.2930741673604522,0.3168038714513466,0.3365477508303254,0.76316367352084,0.8554819641407252,0.901841985629041,0.9964321419898099,0.9801422387665059,0.06997935343861172,0.7314298850329441,216.1648871262639,207.3980081478816
null_v2__raven_transition_2__s42,S-GRID,NULLGEN,GT__raven_transition_2,1.364211264105929,0.4758348776523132,0.4758348776523132,0.7305565049406557,0.8967549810807883,0.922225012169966,1.0481023715449431,0.9867437878530794,0.20050930311481352,0.7747610286774927,185.89560127746682,202.76604734739445
null_v2__raven_transition_2__s43,S-GRID,NULLGEN,GT__raven_transition_2,1.364211264105929,0.4758348776523132,0.4758348776523132,0.7305565049406557,0.8967549810807883,0.9652929296352046,1.0575698923077395,0.9867437878530794,0.16316460208054195,0.7626154345672994,185.89560127746682,202.76604734739445
null_v2__air_bending_1__s42,S-GRID,NULLGEN,GT__air_bending_1,1.3245920378851332,0.2778840340541877,0.2991815045207662,0.7494323622657708,0.8986104067834342,0.934538045005615,1.0066891556968576,0.9793133506920457,0.15785012551759792,0.7608712524197501,222.8972022667429,215.48996684368623
null_v2__air_bending_1__s43,S-GRID,NULLGEN,GT__air_bending_1,1.3245920378851332,0.2778840340541877,0.2991815045207662,0.7494323622657708,0.8986104067834342,0.9885188084552421,0.9997246129731193,0.9793133506920457,0.1647653056817262,0.7631399955714961,222.8972022667429,215.48996684368623
null_v2__giant_grab_3__s42,S-GRID,NULLGEN,GT__giant_grab_3,0.9337317942175724,0.5326432202288662,0.5005446988897165,0.8791665501434347,0.9598161688828195,0.9507547178589533,0.9790298247548438,0.961947737991763,0.44092001933518077,0.8487991574380775,204.44461818450574,184.322988752015
null_v2__giant_grab_3__s43,S-GRID,NULLGEN,GT__giant_grab_3,0.9337317942175724,0.5326432202288662,0.5005446988897165,0.8791665501434347,0.9598161688828195,0.9628619312171133,1.0240525723229266,0.961947737991763,0.4228741797096518,0.8434673021847533,204.44461818450574,184.322988752015
null_v2__water_bending_3__s42,S-GRID,NULLGEN,GT__water_bending_3,1.3049140149631315,0.356017386986508,0.3674237027930374,0.7562268113137687,0.864055345103255,0.8900475433291603,0.9662542984267707,0.9447075582812848,0.13733455683359352,0.7541003105799631,237.83440568749447,216.73297318669864
null_v2__water_bending_3__s43,S-GRID,NULLGEN,GT__water_bending_3,1.3049140149631315,0.356017386986508,0.3674237027930374,0.7562268113137687,0.864055345103255,0.9237256033820861,0.9478693897687346,0.9447075582812848,0.15422059055890713,0.7596777575258167,237.83440568749447,216.73297318669864
null_v2__firelava_4__s42,S-GRID,NULLGEN,GT__firelava_4,1.397121647958441,0.41847537832992276,0.41847537832992276,0.7160804127416995,0.8799839099084819,0.9535467560912174,0.988001159852276,1.0132022935775886,0.29597403963680335,0.8049764094794342,221.5465598337756,234.10116819779185
null_v2__firelava_4__s43,S-GRID,NULLGEN,GT__firelava_4,1.397121647958441,0.41847537832992276,0.41847537832992276,0.7160804127416995,0.8799839099084819,0.93264078619146,0.9811647949303162,1.0132022935775886,0.28246348267921917,0.8007694682863536,221.5465598337756,234.10116819779185
null_v2__flying_cam_transition_4__s42,S-GRID,NULLGEN,GT__flying_cam_transition_4,1.340663013780343,0.5144626165661672,0.5095510807241165,0.7421043119256041,0.9018427502506924,0.9174711399222831,1.0051626085113392,0.992280201358279,0.06574510374980491,0.7299811996722261,214.22352001615187,210.87253354992916
null_v2__flying_cam_transition_4__s43,S-GRID,NULLGEN,GT__flying_cam_transition_4,1.340663013780343,0.5144626165661672,0.5095510807241165,0.7421043119256041,0.9018427502506924,0.9111588909453179,1.0068361119182272,0.992280201358279,0.06052133519517611,0.728189994161955,214.22352001615187,210.87253354992916
null_v3__hero_flight_1__s42,S-GRID,NULLGEN,GT__hero_flight_1,1.3719291086691792,0.5614505412280685,0.5614505412280685,0.727691274410798,0.9122755299654032,0.90039389922722,1.002141737510809,0.9884707906173015,0.06455967181227606,0.7295751064188923,211.6885722907308,207.94249324542088
null_v3__hero_flight_1__s43,S-GRID,NULLGEN,GT__hero_flight_1,1.3719291086691792,0.5614505412280685,0.5614505412280685,0.727691274410798,0.9122755299654032,0.9822188507905971,1.0219690757293702,0.9884707906173015,0.021457793122408475,0.7146529903115247,211.6885722907308,207.94249324542088
null_v3__shadow_smoke_2__s42,S-GRID,NULLGEN,GT__shadow_smoke_2,1.4427402461898953,0.37482726937779554,0.37482726937779554,0.6824861344113854,0.8752558912567074,0.8860950031116341,1.1154291936201932,0.9139933036621872,0.015740338404896193,0.71265010292741,192.29158261096424,248.03687245306386
null_v3__shadow_smoke_2__s43,S-GRID,NULLGEN,GT__shadow_smoke_2,1.4427402461898953,0.37482726937779554,0.37482726937779554,0.6824861344113854,0.8752558912567074,0.8795542656506206,1.1167506850804743,0.9139933036621872,0.0013422079338170079,0.7075811642256374,192.29158261096424,248.03687245306386
null_v3__hero_flight_5__s42,S-GRID,NULLGEN,GT__hero_flight_5,1.4550451647362348,0.5263798837771291,0.5263798837771291,0.6860891044559088,0.9141026977440254,0.99287765068143,1.046144587441044,1.0132477875398773,0.03501194315849432,0.7193788790194269,203.66990141367637,204.74088771077143
null_v3__hero_flight_5__s43,S-GRID,NULLGEN,GT__hero_flight_5,1.4550451647362348,0.5263798837771291,0.5263798837771291,0.6860891044559088,0.9141026977440254,0.9540074425569961,1.0590046494750787,1.0132477875398773,0.0352278258781098,0.7194538991061588,203.66990141367637,204.74088771077143
null_v3__shadow_smoke_0__s42,S-GRID,NULLGEN,GT__shadow_smoke_0,1.2275859483891904,0.4414129580059129,0.4414129580059129,0.7896917282316942,0.891771083973057,0.9717383270711137,1.0160661903193822,0.9869842597118264,0.044551576621927325,0.7226865076303581,221.71228415996978,230.23208331218484
null_v3__shadow_smoke_0__s43,S-GRID,NULLGEN,GT__shadow_smoke_0,1.2275859483891904,0.4414129580059129,0.4414129580059129,0.7896917282316942,0.891771083973057,0.9044719492423079,1.0060346174222892,0.9869842597118264,0.0492332619089666,0.7243042392216708,221.71228415996978,230.23208331218484
null_v3__air_bending_1__s42,S-GRID,NULLGEN,GT__air_bending_1,1.3245920378851332,0.2778840340541877,0.2991815045207662,0.7494323622657708,0.8986104067834342,0.934538045005615,1.0066891556968576,0.9793133506920457,0.15785012551759792,0.7608712524197501,222.8972022667429,215.48996684368623
null_v3__air_bending_1__s43,S-GRID,NULLGEN,GT__air_bending_1,1.3245920378851332,0.2778840340541877,0.2991815045207662,0.7494323622657708,0.8986104067834342,0.9885188084552421,0.9997246129731193,0.9793133506920457,0.1647653056817262,0.7631399955714961,222.8972022667429,215.48996684368623
null_v3__display_transition_1__s42,S-GRID,NULLGEN,GT__display_transition_1,1.3828867022586415,0.35850005529965945,0.35110363380364407,0.7067601256380079,0.835213632800831,0.8300833620508823,0.8723181483567084,0.8479457622811858,0.015499787745284266,0.7125657119681259,235.4108532604055,176.30390413396032
null_v3__display_transition_1__s43,S-GRID,NULLGEN,GT__display_transition_1,1.3828867022586415,0.35850005529965945,0.35110363380364407,0.7067601256380079,0.835213632800831,0.8611782074889491,1.1159037348020362,0.8479457622811858,0.013234228360943234,0.7117704083343671,235.4108532604055,176.30390413396032
null_v3__earth_wave_3__s42,S-GRID,NULLGEN,GT__earth_wave_3,1.342522447207304,0.3571200407603362,0.36217168380514136,0.74175196797361,0.8753102482384153,0.848586486430262,1.0165569409366726,0.9841743627932305,0.17680546726660396,0.7670741382899713,251.78643794667897,266.3287620105353
null_v3__earth_wave_3__s43,S-GRID,NULLGEN,GT__earth_wave_3,1.342522447207304,0.3571200407603362,0.36217168380514136,0.74175196797361,0.8753102482384153,0.8743108658857298,0.9872375592808283,0.9841743627932305,0.16740315929882854,0.7640036515942933,251.78643794667897,266.3287620105353
null_v3__earth_wave_5__s42,S-GRID,NULLGEN,GT__earth_wave_5,1.4174067837123738,0.36326285350043075,0.36326285350043075,0.6982788743246591,0.8452507118862168,0.8883400741668828,0.9593936001774279,0.9057748474096785,0.27399946916968076,0.7981226312947406,257.14911921274575,205.71696995755335
null_v3__earth_wave_5__s43,S-GRID,NULLGEN,GT__earth_wave_5,1.4174067837123738,0.36326285350043075,0.36326285350043075,0.6982788743246591,0.8452507118862168,0.8942319674899213,0.9234724017129505,0.9057748474096785,0.2547455183225793,0.7920686581107029,257.14911921274575,205.71696995755335
null_v3__firelava_4__s42,S-GRID,NULLGEN,GT__firelava_4,1.397121647958441,0.41847537832992276,0.41847537832992276,0.7160804127416995,0.8799839099084819,0.9535467560912174,0.988001159852276,1.0132022935775886,0.29597403963680335,0.8049764094794342,221.5465598337756,234.10116819779185
null_v3__firelava_4__s43,S-GRID,NULLGEN,GT__firelava_4,1.397121647958441,0.41847537832992276,0.41847537832992276,0.7160804127416995,0.8799839099084819,0.93264078619146,0.9811647949303162,1.0132022935775886,0.28246348267921917,0.8007694682863536,221.5465598337756,234.10116819779185
null_v3__hero_flight_6__s42,S-GRID,NULLGEN,GT__hero_flight_6,1.388812336105242,0.5596434176738075,0.5506374383194332,0.716734296101961,0.9033787830101269,0.9118167841748875,0.9507304716093542,0.984214829982127,0.6261708183515111,0.9017124869800548,238.55025659497105,210.53909232754143
null_v3__hero_flight_6__s43,S-GRID,NULLGEN,GT__hero_flight_6,1.388812336105242,0.5596434176738075,0.5506374383194332,0.716734296101961,0.9033787830101269,0.9083501315300081,0.9309216733744208,0.984214829982127,0.6075179058556159,0.8965260469879321,238.55025659497105,210.53909232754143
null_v3__melt_transition_2__s42,S-GRID,NULLGEN,GT__melt_transition_2,1.2930741673604522,0.3168038714513466,0.3365477508303254,0.76316367352084,0.8554819641407252,0.9231046401963556,1.00920159865753,0.9801422387665059,0.06567501760741834,0.7299571965558729,216.1648871262639,207.3980081478816
null_v3__melt_transition_2__s43,S-GRID,NULLGEN,GT__melt_transition_2,1.2930741673604522,0.3168038714513466,0.3365477508303254,0.76316367352084,0.8554819641407252,0.901841985629041,0.9964321419898099,0.9801422387665059,0.06997935343861172,0.7314298850329441,216.1648871262639,207.3980081478816
null_v3__raven_transition_2__s42,S-GRID,NULLGEN,GT__raven_transition_2,1.364211264105929,0.4758348776523132,0.4758348776523132,0.7305565049406557,0.8967549810807883,0.922225012169966,1.0481023715449431,0.9867437878530794,0.20050930311481352,0.7747610286774927,185.89560127746682,202.76604734739445
null_v3__raven_transition_2__s43,S-GRID,NULLGEN,GT__raven_transition_2,1.364211264105929,0.4758348776523132,0.4758348776523132,0.7305565049406557,0.8967549810807883,0.9652929296352046,1.0575698923077395,0.9867437878530794,0.16316460208054195,0.7626154345672994,185.89560127746682,202.76604734739445
null_v3__water_bending_3__s42,S-GRID,NULLGEN,GT__water_bending_3,1.3049140149631315,0.356017386986508,0.3674237027930374,0.7562268113137687,0.864055345103255,0.8900475433291603,0.9662542984267707,0.9447075582812848,0.13733455683359352,0.7541003105799631,237.83440568749447,216.73297318669864
null_v3__water_bending_3__s43,S-GRID,NULLGEN,GT__water_bending_3,1.3049140149631315,0.356017386986508,0.3674237027930374,0.7562268113137687,0.864055345103255,0.9237256033820861,0.9478693897687346,0.9447075582812848,0.15422059055890713,0.7596777575258167,237.83440568749447,216.73297318669864
null_v3__flame_transition_2__s42,S-GRID,NULLGEN,GT__flame_transition_2,1.2456482847020904,0.3338857321641533,0.35361393692036985,0.7788589510014396,0.8747123461685706,0.9361650194412996,0.9555236010334277,0.9309041937053955,0.4563122779511559,0.8533206542534746,233.23505448393135,207.22532574953647
null_v3__flame_transition_2__s43,S-GRID,NULLGEN,GT__flame_transition_2,1.2456482847020904,0.3338857321641533,0.35361393692036985,0.7788589510014396,0.8747123461685706,0.907850540231698,0.9481571724393042,0.9309041937053955,0.46582045913413594,0.856101763557971,233.23505448393135,207.22532574953647
null_v3__flame_transition_3__s42,S-GRID,NULLGEN,GT__flame_transition_3,1.2550397077202853,0.2737040060805911,0.30332495918079067,0.7690525398168138,0.82735656275568,0.8831541598312833,1.0849355807449887,0.8888479249534627,0.42857799574062483,0.8451561973211298,229.69323145442888,280.3967692203916
null_v3__flame_transition_3__s43,S-GRID,NULLGEN,GT__flame_transition_3,1.2550397077202853,0.2737040060805911,0.30332495918079067,0.7690525398168138,0.82735656275568,0.8941668025348909,1.081094393760437,0.8888479249534627,0.40714542042633184,0.8387924118714749,229.69323145442888,280.3967692203916
null_v3__giant_grab_5__s42,S-GRID,NULLGEN,GT__giant_grab_5,0.8668533265711256,0.3797094869209141,0.36344047601377183,0.8959074254088636,0.9423195662917079,0.9201717417646605,0.9620633902746792,0.9520587678776302,0.2070365686158766,0.7768643924829728,234.51338656265327,213.3011469625859
null_v3__giant_grab_5__s43,S-GRID,NULLGEN,GT__giant_grab_5,0.8668533265711256,0.3797094869209141,0.36344047601377183,0.8959074254088636,0.9423195662917079,0.9482199847777383,1.0092098168876178,0.9520587678776302,0.2022491436225664,0.7753222374027996,234.51338656265327,213.3011469625859
null_v3__shadow_smoke_7__s42,S-GRID,NULLGEN,GT__shadow_smoke_7,1.3626152742434714,0.3852290232330513,0.3880310852941011,0.7325921951014792,0.89995598988344,0.980202293367001,0.9947141619947172,0.9864808877753322,0.1322197459594463,0.7524027332351493,257.9777402772512,240.9175940976836
null_v3__shadow_smoke_7__s43,S-GRID,NULLGEN,GT__shadow_smoke_7,1.3626152742434714,0.3852290232330513,0.3880310852941011,0.7325921951014792,0.89995598988344,0.9814968626399678,0.9905914597949382,0.9864808877753322,0.12299996558999737,0.7493330252931594,257.9777402772512,240.9175940976836
null_v3__giant_grab_3__s42,S-GRID,NULLGEN,GT__giant_grab_3,0.9337317942175724,0.5326432202288662,0.5005446988897165,0.8791665501434347,0.9598161688828195,0.9507547178589533,0.9790298247548438,0.961947737991763,0.44092001933518077,0.8487991574380775,204.44461818450574,184.322988752015
null_v3__giant_grab_3__s43,S-GRID,NULLGEN,GT__giant_grab_3,0.9337317942175724,0.5326432202288662,0.5005446988897165,0.8791665501434347,0.9598161688828195,0.9628619312171133,1.0240525723229266,0.961947737991763,0.4228741797096518,0.8434673021847533,204.44461818450574,184.322988752015
null_v3__flying_cam_transition_4__s42,S-GRID,NULLGEN,GT__flying_cam_transition_4,1.340663013780343,0.5144626165661672,0.5095510807241165,0.7421043119256041,0.9018427502506924,0.9174711399222831,1.0051626085113392,0.992280201358279,0.06574510374980491,0.7299811996722261,214.22352001615187,210.87253354992916
null_v3__flying_cam_transition_4__s43,S-GRID,NULLGEN,GT__flying_cam_transition_4,1.340663013780343,0.5144626165661672,0.5095510807241165,0.7421043119256041,0.9018427502506924,0.9111588909453179,1.0068361119182272,0.992280201358279,0.06052133519517611,0.728189994161955,214.22352001615187,210.87253354992916
GT__air_bending_1,S-GRID,GT,GT__air_bending_1,1.3245920378851332,0.2778840340541877,0.2991815045207662,0.7494323622657708,0.8986104067834342,0.87621592360639,0.9219031082629412,0.9793133506920457,0.16423144625696295,0.7629650864413663,222.8972022667429,215.48996684368623
GT__display_transition_1,S-GRID,GT,GT__display_transition_1,1.3828867022586415,0.35850005529965945,0.35110363380364407,0.7067601256380079,0.835213632800831,0.8632529254234912,1.0027173415470718,0.8479457622811858,0.009863571689038508,0.710585523244401,235.4108532604055,176.30390413396032
GT__earth_wave_3,S-GRID,GT,GT__earth_wave_3,1.342522447207304,0.3571200407603362,0.36217168380514136,0.74175196797361,0.8753102482384153,0.7885310393479162,0.8621612663607362,0.9841743627932305,0.19071185478213692,0.7715931099945543,251.78643794667897,266.3287620105353
GT__earth_wave_5,S-GRID,GT,GT__earth_wave_5,1.4174067837123738,0.36326285350043075,0.36326285350043075,0.6982788743246591,0.8452507118862168,0.8049988663314197,0.8724628945012315,0.9057748474096785,0.2618157690212115,0.794297100907844,257.14911921274575,205.71696995755335
GT__firelava_4,S-GRID,GT,GT__firelava_4,1.397121647958441,0.41847537832992276,0.41847537832992276,0.7160804127416995,0.8799839099084819,0.8436039926683002,0.9714357212110567,1.0132022935775886,0.3249807591304261,0.8139351199974191,221.5465598337756,234.10116819779185
GT__flame_transition_2,S-GRID,GT,GT__flame_transition_2,1.2456482847020904,0.3338857321641533,0.35361393692036985,0.7788589510014396,0.8747123461685706,0.9246117210750775,0.9788378707416364,0.9309041937053955,0.4245485255435142,0.8439634250201588,233.23505448393135,207.22532574953647
GT__flame_transition_3,S-GRID,GT,GT__flame_transition_3,1.2550397077202853,0.2737040060805911,0.30332495918079067,0.7690525398168138,0.82735656275568,0.8367893979225396,0.9093337656123393,0.8888479249534627,0.3864995309099868,0.8326162173864939,229.69323145442888,280.3967692203916
GT__flying_cam_transition_4,S-GRID,GT,GT__flying_cam_transition_4,1.340663013780343,0.5144626165661672,0.5095510807241165,0.7421043119256041,0.9018427502506924,0.9454822265745766,0.989248269805451,0.992280201358279,0.06670263106093444,0.7303090548052018,214.22352001615187,210.87253354992916
GT__giant_grab_3,S-GRID,GT,GT__giant_grab_3,0.9337317942175724,0.5326432202288662,0.5005446988897165,0.8791665501434347,0.9598161688828195,0.9238546706164117,0.967508242724174,0.961947737991763,0.405650083358978,0.8383466118971848,204.44461818450574,184.322988752015
GT__giant_grab_5,S-GRID,GT,GT__giant_grab_5,0.8668533265711256,0.3797094869209141,0.36344047601377183,0.8959074254088636,0.9423195662917079,0.9480280901502046,0.9687995046439802,0.9520587678776302,0.20733148434555915,0.7769592924811309,234.51338656265327,213.3011469625859
GT__hero_flight_1,S-GRID,GT,GT__hero_flight_1,1.3719291086691792,0.5614505412280685,0.5614505412280685,0.727691274410798,0.9122755299654032,0.9183242911973156,0.9665532334861947,0.9884707906173015,0.005041489834866297,0.708886976123439,211.6885722907308,207.94249324542088
GT__hero_flight_5,S-GRID,GT,GT__hero_flight_5,1.4550451647362348,0.5263798837771291,0.5263798837771291,0.6860891044559088,0.9141026977440254,0.8996692914419178,1.0135549373721109,1.0132477875398773,0.020199821657570283,0.7142127910005429,203.66990141367637,204.74088771077143
GT__hero_flight_6,S-GRID,GT,GT__hero_flight_6,1.388812336105242,0.5596434176738075,0.5506374383194332,0.716734296101961,0.9033787830101269,0.9254290282312726,0.9419396559105289,0.984214829982127,0.5329079765192546,0.8754735794183781,238.55025659497105,210.53909232754143
GT__melt_transition_2,S-GRID,GT,GT__melt_transition_2,1.2930741673604522,0.3168038714513466,0.3365477508303254,0.76316367352084,0.8554819641407252,0.9458110633393971,0.9973517334267307,0.9801422387665059,0.07491603961420878,0.7331152841177876,216.1648871262639,207.3980081478816
GT__raven_transition_2,S-GRID,GT,GT__raven_transition_2,1.364211264105929,0.4758348776523132,0.4758348776523132,0.7305565049406557,0.8967549810807883,0.8949174290076365,0.9848513764825517,0.9867437878530794,0.17601994057349657,0.7668180816117656,185.89560127746682,202.76604734739445
GT__shadow_smoke_0,S-GRID,GT,GT__shadow_smoke_0,1.2275859483891904,0.4414129580059129,0.4414129580059129,0.7896917282316942,0.891771083973057,0.8221980794722946,0.9327485460141706,0.9869842597118264,0.0593905324261641,0.7278016668111458,221.71228415996978,230.23208331218484
GT__shadow_smoke_2,S-GRID,GT,GT__shadow_smoke_2,1.4427402461898953,0.37482726937779554,0.37482726937779554,0.6824861344113854,0.8752558912567074,0.8537109518000928,1.015242764227881,0.9139933036621872,0.017883784297964667,0.7134016345292337,192.29158261096424,248.03687245306386
GT__shadow_smoke_7,S-GRID,GT,GT__shadow_smoke_7,1.3626152742434714,0.3852290232330513,0.3880310852941011,0.7325921951014792,0.89995598988344,0.829305484259703,0.934303756060453,0.9864808877753322,0.1465673059442878,0.7571549728900576,257.9777402772512,240.9175940976836
GT__water_bending_3,S-GRID,GT,GT__water_bending_3,1.3049140149631315,0.356017386986508,0.3674237027930374,0.7562268113137687,0.864055345103255,0.7903710884024474,0.9354794108372584,0.9447075582812848,0.15144705787724888,0.7587644752745245,237.83440568749447,216.73297318669864
probe_r3__P01H__s42,S-PROBE,R3,probe_r3__P01H__s42,1.3387722882182234,0.28634272006075223,0.3055029478032055,0.7388216851512124,0.8428630639298216,0.9164153164131078,1.0835882235692906,0.9252404507181923,0.06658501955485008,0.7302687928272884,226.6146190778276,261.12754328021026
probe_r3__P01H__s43,S-PROBE,R3,probe_r3__P01H__s43,1.2956822800883963,0.3530586863806793,0.34945562860612744,0.7569757079537588,0.8517293161606799,0.9258803283364224,1.093309810703789,0.9203197547078793,0.050634122858582487,0.7247875974582424,227.1001064887482,264.1366858163135
probe_r3__P01H__s44,S-PROBE,R3,probe_r3__P01H__s44,1.3342535462704932,0.2706427915970533,0.2886216546779227,0.7387144645706682,0.8279449358876565,0.8859427100197094,1.112178404037748,0.9003144098205663,0.034362923397452505,0.7191532949926088,227.107008989909,275.2379085527851
probe_r3__P02H__s42,S-PROBE,R3,probe_r3__P02H__s42,1.4357952720789255,0.3658136536654873,0.3658136536654873,0.6905020299966154,0.8483437233715869,0.8954826915299543,1.0453877233222337,0.9103707762397466,0.17923158576377318,0.7678644365263224,215.34478083476205,261.85110502800353
probe_r3__P02H__s43,S-PROBE,R3,probe_r3__P02H__s43,1.4349972335940782,0.326682563376463,0.33961311366824826,0.6834522904310806,0.8193765110930699,0.8679980906089104,1.1433454920242134,0.8691319842978333,-0.00692530276501202,0.7046540630816613,215.79716588254345,285.48250449467804
probe_r3__P02H__s44,S-PROBE,R3,probe_r3__P02H__s44,1.4309865176836434,0.3795655969354866,0.3795655969354866,0.692506352628382,0.8413031408857139,0.8885225721591006,1.0714269976826472,0.9030996345629446,-0.004527486930498981,0.7055042569217783,215.61929491816397,266.03513447246024
probe_r3__P03H__s42,S-PROBE,R3,probe_r3__P03H__s42,1.370757040391371,0.37549957861316696,0.37112843271333784,0.7222498429237619,0.8466754555982999,0.8985445473941538,1.078118117102329,0.9034675121261764,0.26443525722243066,0.7951211408403221,241.15823551676615,292.2831601559676
probe_r3__P03H__s43,S-PROBE,R3,probe_r3__P03H__s43,1.385151847070602,0.28638989620753696,0.30222936853864035,0.7158791114039499,0.8405597490809693,0.9026425694330885,0.9174126926667957,0.9084871088806484,0.34572786034823366,0.820282835474519,241.29860896880683,289.19467915192877
probe_r3__P03H__s44,S-PROBE,R3,probe_r3__P03H__s44,1.3792910749321416,0.37603340027846116,0.37593394254495255,0.7177121462734055,0.850453314957328,0.8271787197977214,0.9306050989922003,0.8962298063031119,0.32244588620415016,0.8131561615717334,241.33812695623544,296.5229369968853
probe_r3__P04H__s42,S-PROBE,R3,probe_r3__P04H__s42,1.2668287903807762,0.6125899808846019,0.6125899808846019,0.7690797793186757,0.8452868277683699,0.914286855667281,1.0565502203055124,0.8992064677504285,0.48675989787079743,0.8621948439508316,236.77941150435558,273.92820487669695
probe_r3__P04H__s43,S-PROBE,R3,probe_r3__P04H__s43,1.270144663112085,0.531020150995444,0.531020150995444,0.7650060864081342,0.8341503272206655,0.9015497091424278,1.0652594261517296,0.8841052709098307,0.41481593377307036,0.8410754822764335,236.80518392664786,285.1864910567476
probe_r3__P04H__s44,S-PROBE,R3,probe_r3__P04H__s44,1.2525779826909955,0.5995957996166138,0.5995957996166138,0.7768000037371113,0.8661450382840076,0.934953685947035,1.0036189714345636,0.9207702224747576,0.27653883268271784,0.7989176530415127,236.77424364722518,263.3281480082714
probe_r3__P05H__s42,S-PROBE,R3,probe_r3__P05H__s42,1.415877048512034,0.553495709419688,0.553495709419688,0.7070916254872399,0.9459172344178425,0.88773101353563,0.9661161650011421,1.0115063638566917,0.021698685091905645,0.7147372542032161,212.9040418299738,198.906163722704
probe_r3__P05H__s43,S-PROBE,R3,probe_r3__P05H__s43,1.4110829060310202,0.5217514598206697,0.5217514598206697,0.7090115436004882,0.9321732532728453,0.9880932526271712,1.0045061935621322,0.9817714903113683,0.029896218280782705,0.7175988497345793,212.94250112209363,203.76520646541047
probe_r3__P05H__s44,S-PROBE,R3,probe_r3__P05H__s44,1.4303735865939384,0.550743770153438,0.550743770153438,0.6991559969269994,0.9284475821397481,0.9994756470530908,1.0340269044140131,1.024827109420726,0.02729184685222208,0.716690953916757,212.71541151104805,205.3311637524381
probe_r3__P06H__s42,S-PROBE,R3,probe_r3__P06H__s42,1.491315717159177,0.5425489720190388,0.5425489720190388,0.6612400293232753,0.872455196613053,0.8999537123257937,0.915055832403671,0.918980909448979,0.008705228763119521,0.710177875170411,221.5641438571563,183.18044159816105
probe_r3__P06H__s43,S-PROBE,R3,probe_r3__P06H__s43,1.4587617439013338,0.5649322068500375,0.5649322068500375,0.68128724844505,0.9104761058599159,0.9492567687518133,0.9942370238825365,0.9546848771370584,0.005248719474366226,0.7089600551069031,221.08361171840906,193.18119759286935
probe_r3__P06H__s44,S-PROBE,R3,probe_r3__P06H__s44,1.49872878549854,0.5423318182397294,0.5423318182397294,0.6577049959426565,0.8864762158508018,0.9008465389850177,0.9225800973040906,0.9265798450234131,-0.00947178596413778,0.70375003162908,220.95235610786534,185.4179555431909
probe_r3__P07H__s42,S-PROBE,R3,probe_r3__P07H__s42,1.4496455041271126,0.44263854538097264,0.43513673009318266,0.6832224243810674,0.8941548340575084,0.8679590962540569,0.9274740207488363,0.9355581125841876,0.001088741900275636,0.7074916048619502,224.33911521981062,183.59421722366253
probe_r3__P07H__s43,S-PROBE,R3,probe_r3__P07H__s43,1.4682539379806114,0.38494076266300536,0.38681454092722933,0.6759693508776444,0.8759579966413958,0.9095479830596631,0.9585801204245802,0.9429362765020946,0.027378456905239545,0.716721165065341,224.32826574899264,194.92593144362587
probe_r3__P07H__s44,S-PROBE,R3,probe_r3__P07H__s44,1.4318154307868296,0.40819214102715745,0.40819214102715745,0.6923167302085811,0.8794884256166445,0.8718856058563242,0.913458912284103,0.9097513451340661,0.02467009231895645,0.7157758351323955,224.3072165837021,183.25666048003984
probe_r3__P08H__s42,S-PROBE,R3,probe_r3__P08H__s42,1.449013861554146,0.5360836174784043,0.5360836174784043,0.6796005195460089,0.8123676517723167,0.8700536521083893,0.8792433682088605,0.871891782280647,0.04793219878683885,0.7238550265028346,276.4213046757181,214.6158389657893
probe_r3__P08H__s43,S-PROBE,R3,probe_r3__P08H__s43,1.4698233362897621,0.5255947801753704,0.5255947801753704,0.6717760640576964,0.7977144511721445,0.8841922757600318,0.9020177658386155,0.8872819429169048,0.010227122190372029,0.7107134169939288,276.97702050432105,219.7677466182615
probe_r3__P08H__s44,S-PROBE,R3,probe_r3__P08H__s44,1.4763374560266824,0.5480672720870373,0.5480672720870373,0.6574949612736718,0.7728447180149701,0.8287345435376535,0.8435413060414455,0.8275273651752217,0.034117312242187836,0.7190679078648232,274.56272947796265,196.40610587403086
probe_r3__P09H__s42,S-PROBE,R3,probe_r3__P09H__s42,1.3299959804771309,0.5011798666919711,0.5011798666919711,0.743094158213866,0.8240320499070505,0.922779463642037,0.9445616486153375,0.9352093308676974,0.12674746691186556,0.7505822629505261,269.5478659465728,235.82431058128256
probe_r3__P09H__s43,S-PROBE,R3,probe_r3__P09H__s43,1.3128051470351894,0.536825818669633,0.536825818669633,0.7492678406493929,0.8318124095562307,0.8808391667430033,0.9355846166456034,0.9426373545862279,0.029552659610089904,0.7174791493869664,266.0758525959133,226.41230640833595
probe_r3__P09H__s44,S-PROBE,R3,probe_r3__P09H__s44,1.336068006536028,0.5263470142226899,0.5263470142226899,0.7396936253557469,0.8265476155979887,0.9226659405305044,0.9393405026171011,0.9331970446131694,0.07013854321837698,0.731484293480857,267.7527905069405,230.7766564945054
probe_r3__P10H__s42,S-PROBE,R3,probe_r3__P10H__s42,1.3142127283415093,0.45312805035847314,0.45312805035847314,0.7540137783019896,0.9191084146323485,0.8731877813380744,0.9786704942258558,0.9998807680128454,0.13512652276608605,0.7533679455505411,197.6515157194839,204.90855311753154
probe_r3__P10H__s43,S-PROBE,R3,probe_r3__P10H__s43,1.3500798940861858,0.5086020864644933,0.5078395863439679,0.738030958538103,0.9186366005654468,0.8491607892306391,0.9671605273289166,1.001279730475665,0.04893030698212897,0.7241996641058766,197.56293348613036,205.29288468205638
probe_r3__P10H__s44,S-PROBE,R3,probe_r3__P10H__s44,1.3907888552694845,0.4342674475222251,0.4342674475222251,0.7190820649859252,0.904719331260512,0.9061713333473161,0.9814230658761844,0.9820891894686276,0.037328450677534875,0.720183466443633,197.43024291116112,212.63281938895494
probe_r3__P11H__s42,S-PROBE,R3,probe_r3__P11H__s42,1.5714340465031165,0.31598590662481624,0.3393905900028561,0.6182060877878865,0.8335000942534048,0.9341738288437756,1.0673525874927197,0.9528036787330215,0.019555381722057064,0.7139871783589874,198.36423827787394,222.4297223911357
probe_r3__P11H__s43,S-PROBE,R3,probe_r3__P11H__s43,1.5489375086588149,0.3149717327223719,0.3402512421268279,0.6286910081840031,0.837878701463388,0.9015231948439221,1.084076731529048,0.923787298959276,0.022246324504521908,0.71492878124486,198.598816365562,236.00141529414188
probe_r3__P11H__s44,S-PROBE,R3,probe_r3__P11H__s44,1.5389068669305193,0.33418670818698143,0.34718374235697286,0.6387957765161898,0.8449770877084233,0.9420997093935513,1.0452934297007708,0.959508623581199,0.05438997789121913,0.7260819436851529,198.46141462460625,219.77960816858752
probe_r3__P12H__s42,S-PROBE,R3,probe_r3__P12H__s42,1.3896299714019515,0.4503479880564669,0.4496115503417439,0.7195142206515437,0.8751147258641548,0.8049878875130355,0.9616656233437637,0.9713962977988839,0.09705200274413528,0.7406254123185807,224.75404569286854,234.69821745342657
probe_r3__P12H__s43,S-PROBE,R3,probe_r3__P12H__s43,1.4016377973959697,0.4005740622873003,0.4002282625079126,0.7084483923415644,0.8349038363861853,0.7938293651902977,1.0841953316615842,0.9116554982300512,0.071062270245136,0.7317999283428279,224.66332551526963,266.02442046255516
probe_r3__P12H__s44,S-PROBE,R3,probe_r3__P12H__s44,1.3781046719315886,0.3649649493279005,0.36512140970218415,0.7253155669973653,0.8556299419573312,0.8536565229683244,0.9714706782249485,0.9651919572305382,0.05810736574630937,0.7273607652830573,224.74560077901566,238.45559704587205
probe_r3__P13H__s42,S-PROBE,R3,probe_r3__P13H__s42,1.4071735442470332,0.4293964968495212,0.4293964968495212,0.7056684899202117,0.8588010313289975,0.8064771732771467,0.9582943906964114,0.9487313081202726,0.05930779260961572,0.7277732451147183,217.43012586540607,258.0027784097936
probe_r3__P13H__s43,S-PROBE,R3,probe_r3__P13H__s43,1.4177232844577454,0.43015644076084736,0.43015644076084736,0.6993096031634286,0.8511324918084695,0.8623560011217728,1.1627083346064875,0.9322572565014391,0.03053173215107563,0.7178202184917459,217.66285316263645,267.10994699811823
probe_r3__P13H__s44,S-PROBE,R3,probe_r3__P13H__s44,1.4285825167874004,0.4051055518088893,0.4051055518088893,0.6942371085627805,0.8555542184140686,0.8621090316570562,1.102421541214169,0.9353334560985952,0.038012539588635263,0.7204208976663001,217.48178551889796,263.81951510497873
probe_r3__P14H__s42,S-PROBE,R3,probe_r3__P14H__s42,1.4894368849853792,0.3260658497468032,0.34035454420975536,0.6660064509686149,0.8990372353814718,0.9369796733304372,1.0716131780696059,0.9681088673451103,0.029821739781155543,0.7175729021434532,181.69740445369777,203.93432408349796
probe_r3__P14H__s43,S-PROBE,R3,probe_r3__P14H__s43,1.4612129967780005,0.33419614695454947,0.34689273789696495,0.6788264152204724,0.8970080256538834,0.9294793535840247,1.0629635635661103,0.9478807878355532,0.06942897277303928,0.7312417427817696,181.68261554975487,212.75944200826632
probe_r3__P14H__s44,S-PROBE,R3,probe_r3__P14H__s44,1.5363126734375996,0.3184564216330005,0.3207565081333603,0.6355229287899469,0.8789780684958515,0.8879629958669512,1.1066809171434462,0.9290505600523848,0.005209119123037453,0.7089460907301194,181.63351868581296,219.63679382680127
probe_r3__P15H__s42,S-PROBE,R3,probe_r3__P15H__s42,1.4486413111777223,0.3455443735314693,0.3583284511848526,0.6817970894429901,0.8440838082215064,0.8751711427324121,1.1084554701895077,0.9070475249919687,0.01623184290554036,0.7128225034696717,195.6744910187519,247.7860730527419
probe_r3__P15H__s43,S-PROBE,R3,probe_r3__P15H__s43,1.4419477714434832,0.35213260273438557,0.37278241031389364,0.6823580167462885,0.8413908540475864,0.8666047597365918,1.1136363957428264,0.8929258817037034,-0.04713150226370999,0.6902421668285306,196.06015025954534,254.04773928482024
probe_r3__P15H__s44,S-PROBE,R3,probe_r3__P15H__s44,1.4394501224418925,0.3321613086299712,0.3516738329436605,0.6777129364410447,0.8271615066411302,0.8260073935347257,1.0863185414955399,0.8656867457657099,-0.04602696959705099,0.6906421035539858,195.8989122227145,268.70732654343686
probe_r3__P16H__s42,S-PROBE,R3,probe_r3__P16H__s42,1.48624393842094,0.3206945181394179,0.33641117971582485,0.6643037331341209,0.8483394803629994,0.8718871935726358,1.115955603041582,0.9214753914501267,0.0290273017682523,0.717296069196065,204.33518135937214,245.3666888989231
probe_r3__P16H__s43,S-PROBE,R3,probe_r3__P16H__s43,1.502801903795017,0.3191763769294912,0.33770816074841803,0.6537344243062234,0.8234704854712689,0.8489176960489959,1.217437317893201,0.8996555932349964,0.011943106756234556,0.7113167742842266,204.12756731722033,256.42979760237733
probe_r3__P16H__s44,S-PROBE,R3,probe_r3__P16H__s44,1.4865311143489428,0.32915411710497666,0.34689832748907146,0.6659570244453094,0.8619011981950024,0.8650822919627412,0.9555604820327588,0.9411111860362321,0.06566873672363727,0.7299550454389767,203.90462252390546,235.35285719633828
probe_r3__P17H__s42,S-PROBE,R3,probe_r3__P17H__s42,1.5109994620402212,0.32723588512570284,0.33144211341755114,0.6563684933587551,0.8378164800630308,0.8048122463282531,1.042887479401068,0.96757464070666,0.058379914486977214,0.7274544365412096,225.6941776431166,244.49232274150478
probe_r3__P17H__s43,S-PROBE,R3,probe_r3__P17H__s43,1.5172953020915134,0.30822500434553324,0.32936945430560316,0.6525612752770754,0.8285013941539917,0.95169575803492,1.058158843698444,0.9721716763705608,0.026582840673199826,0.7164435918734984,225.5650503397837,242.97602806900193
probe_r3__P17H__s44,S-PROBE,R3,probe_r3__P17H__s44,1.521288108584287,0.30532307242056406,0.3086669791565545,0.6493718544070829,0.8488949483211076,0.9665433779657625,1.0369648898086647,0.9927396533977781,0.04516463433901663,0.7228985524743484,225.8758149783897,233.31238170561437
probe_r3__P18H__s42,S-PROBE,R3,probe_r3__P18H__s42,1.461426872660843,0.5584021816260656,0.5584021816260656,0.6722831396291384,0.8706677266665401,0.8348388138727137,1.0775932537739188,0.940852088226853,0.017635305744079233,0.7133145539466019,181.23464184251674,235.84521388960434
probe_r3__P18H__s43,S-PROBE,R3,probe_r3__P18H__s43,1.4943807829793718,0.4854138427077016,0.4854138427077016,0.6381167819827631,0.810878790860073,0.7874521972182874,1.2180310339867382,0.8558085560831951,0.046794943468285055,0.723462142571498,180.93156785979386,278.67133754667213
probe_r3__P18H__s44,S-PROBE,R3,probe_r3__P18H__s44,1.4559504186867491,0.5500533906687948,0.5500533906687948,0.6757945903481722,0.8809044869536553,0.8856529847111343,1.0446869671679022,0.947799969549095,0.0459218124515246,0.7231603599657287,181.12730493774507,234.0837890380162
probe_r3__P19H__s42,S-PROBE,R3,probe_r3__P19H__s42,1.3321416777704536,0.46027378987394096,0.45357969025663014,0.7461686577244734,0.8945298911487368,0.8557832062274819,0.9955499024584263,1.0188542013560837,0.004769051882874464,0.7087908901371668,231.6960519641581,222.42368659867668
probe_r3__P19H__s43,S-PROBE,R3,probe_r3__P19H__s43,1.3630542689880754,0.4673041983624402,0.4655403151303239,0.7318330512659625,0.8763216991299716,0.9331895737756973,1.0039739755687083,0.991551656652451,0.010482815362138354,0.7108033537351024,231.91441973446206,235.50409305444668
probe_r3__P19H__s44,S-PROBE,R3,probe_r3__P19H__s44,1.3874919271751982,0.456151984191566,0.4501936823690174,0.7143670281985119,0.8899703163090997,0.8889468597837935,0.9383441969492098,0.9697908424186596,-0.0014304273488505714,0.7066008677645215,231.8587752773091,191.2181400903184
probe_r3__P20H__s42,S-PROBE,R3,probe_r3__P20H__s42,1.4945263671863278,0.35429704994658384,0.3674446468297775,0.6608943844206228,0.8290946098955863,0.9522606690490992,1.07292314941671,0.9272318725480929,-0.03235203621852634,0.695574569611869,195.62107334656594,228.7595882437332
probe_r3__P20H__s43,S-PROBE,R3,probe_r3__P20H__s43,1.5108088996948275,0.3572770540484604,0.37451215242614116,0.6455535095691477,0.7950618596246156,0.9141988414732867,1.1056523142959174,0.868547686411009,-0.039276230250607114,0.6930814417330019,195.40025936038347,256.89571599503466
probe_r3__P20H__s44,S-PROBE,R3,probe_r3__P20H__s44,1.5625858620031756,0.42796345787633516,0.4182033440829662,0.6255990126602826,0.8232181769643743,0.9586851332724352,1.0492731907581234,0.9612787084935941,-0.03480185206171882,0.6946935108154823,195.52816973179011,212.81847725137231
probe_r3__P21H__s42,S-PROBE,R3,probe_r3__P21H__s42,1.5452667053597346,0.3246691527215225,0.33573359182034707,0.6285427767550525,0.8353919652567867,0.8836008558854113,0.8899272369109923,0.8825404502893817,0.014803399654738314,0.7123213459018122,239.30007376453383,185.42613936835673
probe_r3__P21H__s43,S-PROBE,R3,probe_r3__P21H__s43,1.4965116156578093,0.3313064720557498,0.33623734122663307,0.6572866960996322,0.8459307888532437,0.9003295544200509,0.9189079459963723,0.9003803804607875,0.012891120539279655,0.7116498860181457,239.31946417353694,190.74933359073538
probe_r3__P21H__s44,S-PROBE,R3,probe_r3__P21H__s44,1.5048424288107023,0.33514355515204847,0.3506633506736775,0.6485321384083553,0.8324234497352965,0.867258630879031,0.8783102382753211,0.8699508338724496,-0.00045173858802627365,0.7069470494358024,238.97931674565828,181.4338153036154
probe_r3__P22H__s42,S-PROBE,R3,probe_r3__P22H__s42,1.3804982834160953,0.45810720291675205,0.45810720291675205,0.7236958461511664,0.8468516476606027,0.9735428815920243,1.002782752604447,1.0072604550600088,0.038345844719970046,0.7205365517168335,229.65329660803954,235.90548450135222
probe_r3__P22H__s43,S-PROBE,R3,probe_r3__P22H__s43,1.3817700756171585,0.4174571681067391,0.4174571681067391,0.7213069296116456,0.8523905607057459,0.94192124348366,1.0531233810661245,0.9911370113915505,0.030582591734969355,0.7178379314772135,230.02658455202075,255.21030683489192
probe_r3__P22H__s44,S-PROBE,R3,probe_r3__P22H__s44,1.4145798902608604,0.4257176046750518,0.4257176046750518,0.7072295381584939,0.8511381821287076,0.9919731481701151,1.039421768048764,1.0229002028400629,-0.0013190556003337406,0.706640270717593,230.08472262776482,239.85288751825377
probe_r3__P23H__s42,S-PROBE,R3,probe_r3__P23H__s42,1.4337495905127982,0.3469934150681281,0.3567941786572921,0.6844214995352622,0.8725009250260306,0.878234042774827,1.131218170627874,0.8977913905099731,0.02290086088305543,0.7151576262905456,196.9998673457513,259.7111236268737
probe_r3__P23H__s43,S-PROBE,R3,probe_r3__P23H__s43,1.4668026631585942,0.37518812725502343,0.3841341266225985,0.6738186470284961,0.8793125453623495,0.8938916778513261,0.9318016402419712,0.9318642671003006,-0.002529707841176787,0.7062118280511958,197.36937110973537,244.29104961412125
probe_r3__P23H__s44,S-PROBE,R3,probe_r3__P23H__s44,1.446993323600603,0.3599348405083789,0.3714879226462872,0.6857475097756083,0.8885690351277332,0.9087254960353631,0.9931250249226024,0.9544233195206879,0.00102733262551169,0.7074699048813001,196.93520499220517,233.2314959596629
probe_r3__P24H__s42,S-PROBE,R3,probe_r3__P24H__s42,1.3592508873929365,0.45374699371825533,0.45374699371825533,0.734240817764649,0.8861168286483438,0.9256809784023042,1.0161173294484687,1.0063776033867566,0.02437029341285779,0.715671116300238,232.2490592544278,247.43069150084924
probe_r3__P24H__s43,S-PROBE,R3,probe_r3__P24H__s43,1.3793329742330596,0.4145013617270305,0.4145013617270305,0.7197974170520486,0.8806577031364323,0.9246293078276822,1.0853246356884916,0.9592503731474853,0.02032798220903942,0.7142576503647123,232.34902884602425,270.65499856608386
probe_r3__P24H__s44,S-PROBE,R3,probe_r3__P24H__s44,1.3577399839369173,0.41926711902144786,0.41926711902144786,0.734746182621747,0.8804663300333478,0.9750137042222357,1.0487216535248076,1.0118177646227888,0.01396879352068936,0.7120283679463514,232.45699196931488,245.2520543654832
probe_r3__P25H__s42,S-PROBE,R3,probe_r3__P25H__s42,1.3539927637664448,0.3258328611727258,0.3420277187245301,0.7289959497397303,0.8429198375051251,0.8938183110570871,1.0956420714337498,0.9023397964838715,-0.0011590988287935033,0.7066968590460858,211.50200635279467,259.2288030796065
probe_r3__P25H__s43,S-PROBE,R3,probe_r3__P25H__s43,1.3594091410699247,0.3295517443356911,0.33952855592948966,0.7218277456818585,0.8428425244172935,0.7922398633316121,1.1082781438789495,0.883123843904386,-0.012997523094441021,0.7024964330534209,211.69792247641692,270.27764394274703
probe_r3__P25H__s44,S-PROBE,R3,probe_r3__P25H__s44,1.3681884631520542,0.3162671395471193,0.3228606502511705,0.7165665278940034,0.8293770483668085,0.8523670038689094,1.1223640518381626,0.8765893002323866,-0.034066984118908294,0.6949579181076692,211.54715123890495,273.63574569100473
probe_r3__P26H__s42,S-PROBE,R3,probe_r3__P26H__s42,1.3284193138300626,0.33058515133802946,0.3502734220575507,0.741765613481996,0.8023786024901198,0.7650557067482651,0.9436930309964359,0.9049366996451607,0.01923275504850608,0.7138742028706829,215.84234519720368,258.52777099044937
probe_r3__P26H__s43,S-PROBE,R3,probe_r3__P26H__s43,1.3243109172068752,0.32952414920961914,0.36233489918566514,0.746755828377993,0.818429649641378,0.9275340313616935,0.9839602478352047,0.9405846335632818,0.014391491529750056,0.7121767658137094,215.74889149177548,241.3184770363643
probe_r3__P26H__s44,S-PROBE,R3,probe_r3__P26H__s44,1.3507259786349224,0.3261694569845447,0.35072641013500466,0.7324975512055044,0.8179713091872017,0.7804642905134033,1.0848952714883584,0.9162557502380935,0.03255727038344958,0.7185253197986309,215.5852979082997,253.82907933797443
probe_r3__P27H__s42,S-PROBE,R3,probe_r3__P27H__s42,1.3966296982059205,0.518380538158081,0.518380538158081,0.7123105259423177,0.9065635551374,0.9002219162143605,1.000210004202215,0.971314931187695,0.026748417825501747,0.7165013669999177,208.22764164393408,238.99080149961566
probe_r3__P27H__s43,S-PROBE,R3,probe_r3__P27H__s43,1.403436671239662,0.49738640176008986,0.49738640176008986,0.7085787382890331,0.8957692050565245,0.9211742174610598,1.0846888632008593,0.9665212260910221,0.04115973654984373,0.7215122093734255,208.4298458993823,241.35168952947086
probe_r3__P27H__s44,S-PROBE,R3,probe_r3__P27H__s44,1.3580549697049733,0.5418022614792986,0.5418022614792986,0.7343685327189844,0.9293368833161537,0.9955129876585473,1.05306132816694,1.023346984074356,0.033621356709772954,0.7188954571805879,208.4226847553516,216.66115983307645
probe_r3__P28H__s42,S-PROBE,R3,probe_r3__P28H__s42,1.5468577745806742,0.2703166764340535,0.28230921704582995,0.63104988512325,0.8108765975123648,0.9215797045214863,0.936873946473482,0.9313288021320579,-0.020332454779236286,0.6998812560787593,264.84678725632915,227.92720667398947
probe_r3__P28H__s43,S-PROBE,R3,probe_r3__P28H__s43,1.5262449685855284,0.2845256697272421,0.29951702275020714,0.645442318381384,0.8221398742031282,0.9466958450143322,0.9570074371861753,0.9519222141253373,0.002781887431069663,0.7080896438414664,264.43638182638796,236.20317323893246
probe_r3__P28H__s44,S-PROBE,R3,probe_r3__P28H__s44,1.5497213400462149,0.2795313479364654,0.29275297434359104,0.6287453583213193,0.8140599828179297,0.9288811371162362,0.9463045248795431,0.9242371618839087,-0.0028168367159651098,0.7061101767019206,265.0474762460162,225.54082109904346
probe_r3__P29H__s42,S-PROBE,R3,probe_r3__P29H__s42,1.3233564093929575,0.35590908008409305,0.35590908008409305,0.7497938120891335,0.9205233840842855,1.0057230683005616,1.0255364175478583,1.0057930956997707,-0.038347372963869475,0.6934164070153411,243.43652104095457,244.95489178426195
probe_r3__P29H__s43,S-PROBE,R3,probe_r3__P29H__s43,1.3884049844373356,0.3570522341629547,0.3776749327196747,0.7200304127029695,0.897239624616258,0.9522943005519091,1.0238500021406214,0.9968871345965874,-0.026648107664072995,0.6976216353926844,243.60175377708157,253.02798668493543
probe_r3__P29H__s44,S-PROBE,R3,probe_r3__P29H__s44,1.380545148629859,0.37020594057734096,0.3752088918031892,0.7235506013368183,0.8937515287365806,0.9701191638267571,1.0187248042786745,1.0017911487046365,-0.031224268373591713,0.695979788365441,243.63851568492757,242.93899636489223
probe_r3__P30H__s42,S-PROBE,R3,probe_r3__P30H__s42,1.3918274486832432,0.308840666184445,0.3272672211537001,0.7182373328470755,0.8360280340036386,0.9499029426282495,1.0050647658921001,0.9945753435355449,-0.0211868449296162,0.6995759983984527,234.83544694799204,228.9587071593478
probe_r3__P30H__s43,S-PROBE,R3,probe_r3__P30H__s43,1.3561449628934825,0.32469342774890475,0.34634691335602796,0.7351068084047797,0.846507337778361,0.8418775062672054,1.0086056897856923,0.9722520661115894,-0.03343289370485536,0.6951859845736048,235.23639699250637,241.3569127189174
probe_r3__P30H__s44,S-PROBE,R3,probe_r3__P30H__s44,1.372801224466333,0.30864638677416345,0.3204209870381104,0.7272782490958919,0.8346809756516808,0.9098724565623673,0.9864411703012655,0.9873341519324544,0.054080972357951396,0.7259755410335638,234.91388345303875,230.74122667294105
probe_r3__P01L__s42,S-PROBE,R3,probe_r3__P01L__s42,1.3248039992580316,0.31740252612358155,0.3281547438972072,0.7491559216087418,0.9133028024574524,0.9267001829317422,1.001938629424634,0.9943951524630744,0.6322236168421114,0.9033890681323611,226.76693296949315,228.33330851414544
probe_r3__P01L__s43,S-PROBE,R3,probe_r3__P01L__s43,1.2817401355301,0.3677961107979084,0.3677961107979084,0.7678869104804136,0.8673397679167115,0.9677868662947599,1.0022037876958294,0.9590181267047945,0.9132459218308213,0.9780710408326231,227.37660334851796,242.1851457156199
probe_r3__P01L__s44,S-PROBE,R3,probe_r3__P01L__s44,1.3077143102369753,0.33269446012382914,0.3404503544729779,0.7560194270889667,0.897720071273631,0.9704818997513588,1.0127395564506314,0.9741179430844978,0.8188119505695113,0.9536277970386327,226.7636181446938,209.72894385798404
probe_r3__P06L__s42,S-PROBE,R3,probe_r3__P06L__s42,1.5011551719346645,0.520282567409447,0.520282567409447,0.6610339215407457,0.92301816000005,0.8857385714750143,1.000127103310505,1.0261583741431475,0.09006138749941783,0.7382619411494195,222.05254919438372,214.0857063737305
probe_r3__P06L__s43,S-PROBE,R3,probe_r3__P06L__s43,1.3500160981248546,0.7365297893380574,0.7249379442536459,0.7378522041125234,0.9175016075337943,0.9453455427393653,1.0076618614593236,1.0417452712808823,0.3097632968720063,0.809247581668307,221.38541974094272,224.8935424435455
probe_r3__P06L__s44,S-PROBE,R3,probe_r3__P06L__s44,1.4163716270426017,0.5249064625416971,0.5249064625416971,0.7063350517640055,0.8819723110745825,0.9721106063679812,1.0049335579993937,1.0193709283864933,0.4954366121462499,0.8647070637349535,221.14925534583872,230.5759520944256
probe_r3__P09L__s42,S-PROBE,R3,probe_r3__P09L__s42,1.4926682132825644,0.5321388083515745,0.5321388083515745,0.6506605631492844,0.802557077425716,0.8488540944470094,1.0443315427971822,0.8781012328420235,0.39433084041365873,0.8349643227149465,269.19415171883077,196.08840142052605
probe_r3__P09L__s43,S-PROBE,R3,probe_r3__P09L__s43,1.3991679050444141,0.60046815909699,0.60046815909699,0.7097521128888559,0.8269991207985734,0.929309201074366,0.996287204402212,0.9290820209547861,0.5810186170972997,0.8891059040118054,266.9211122422584,226.01611347513426
probe_r3__P09L__s44,S-PROBE,R3,probe_r3__P09L__s44,1.4551217943968757,0.5750428057619136,0.5750428057619136,0.6811765848039453,0.789314349967029,0.9072150819564248,0.952653329003341,0.9035902260340617,0.43954526797233484,0.8483941501366964,267.6823706791433,224.13152151366404
probe_r3__P10L__s42,S-PROBE,R3,probe_r3__P10L__s42,1.3726206443473095,0.45227760909258335,0.45038954671342357,0.7276351519390316,0.9047648967936013,0.919886301923492,0.9556930341994339,0.9982119423317586,0.2995041313549791,0.8060719978249397,197.4914335395055,206.29582960923472
probe_r3__P10L__s43,S-PROBE,R3,probe_r3__P10L__s43,1.3195009254053123,0.4897185093751168,0.4897185093751168,0.7512182080096872,0.9006060487045678,0.9589478113825057,1.0131259950324778,0.9902694735888778,0.3617771568673618,0.8251597290426145,197.43054223454487,183.20244778218023
probe_r3__P10L__s44,S-PROBE,R3,probe_r3__P10L__s44,1.409282014059421,0.4624854481191394,0.4624854481191394,0.7095946402984549,0.9129123112745128,0.9594600163586896,0.9745395028636541,1.0261662836399317,0.31434693070764297,0.8106623621174364,197.51506214811457,194.94067735425583
probe_r3__P11L__s42,S-PROBE,R3,probe_r3__P11L__s42,1.3793971592838525,0.3338770425010599,0.33764421571843195,0.7245734646875154,0.9169290950097738,0.8932602459889043,0.992818610234744,1.0024947610929582,0.5850611172725166,0.8902418540128623,198.3734574320697,188.21063360757498
probe_r3__P11L__s43,S-PROBE,R3,probe_r3__P11L__s43,1.3916603357824295,0.4025023031556436,0.3973718232243904,0.7182095943517407,0.885555374941379,0.9511212913048076,0.9869786317921785,1.0069726045487675,0.8094001206773278,0.9511572216719294,198.2426888545065,197.37619926435232
probe_r3__P11L__s44,S-PROBE,R3,probe_r3__P11L__s44,1.4321818395816375,0.42244826812583464,0.40557692446046406,0.6967082123195374,0.9309294472539897,0.9619723520782095,1.006201452009751,1.0102885033378748,0.5811222337563322,0.8891350386067158,198.23924717463152,178.3943345785019
probe_r3__P14L__s42,S-PROBE,R3,probe_r3__P14L__s42,1.3883088736493439,0.3452909891285491,0.35640032229752666,0.7205587234968275,0.927733157479208,0.9562448423890094,1.0329947288576138,0.9929949305017081,0.28595036615161007,0.8018573333678536,181.77527784525782,193.98260139426054
probe_r3__P14L__s43,S-PROBE,R3,probe_r3__P14L__s43,1.2250636209005938,0.35360040338987486,0.36222137897266077,0.7904655623813727,0.9535630431826588,0.9759434610374345,1.0532558751360572,0.9960621743752951,0.5906680468747254,0.8918150163780394,181.97853711050652,193.15707240334072
probe_r3__P14L__s44,S-PROBE,R3,probe_r3__P14L__s44,1.279702887033246,0.4049692044169658,0.4049692044169658,0.769038590011606,0.9505459901517437,0.9229376821451197,0.9782520230875621,0.9982309921814061,0.6423872022494379,0.9061973301244707,181.6981354069017,192.47167716050797
probe_r3__P17L__s42,S-PROBE,R3,probe_r3__P17L__s42,1.2919717808445608,0.46264364858294643,0.46264364858294643,0.7594100257948699,0.9393457869066448,0.9642366106682498,1.0488987029205372,0.9816841642535135,0.5793628266137603,0.8886402046423963,225.76161729185338,197.76654071218684
probe_r3__P17L__s43,S-PROBE,R3,probe_r3__P17L__s43,1.3053555525167049,0.3912309875557435,0.37948531999643076,0.7576474488580317,0.9184110494427927,0.9700992112031314,0.9986635987908473,1.013927466488805,0.7515519278123293,0.9358290249325272,225.70340944661956,223.8757805171676
probe_r3__P17L__s44,S-PROBE,R3,probe_r3__P17L__s44,1.3379513210210079,0.38779309329686396,0.37815682859050315,0.7438004944553173,0.9056763450033944,0.9726553510165188,0.9918199097093724,0.9987603782524087,0.6267483774840912,0.901872601170501,225.75800703663964,213.60023141715834
probe_r3__P19L__s42,S-PROBE,R3,probe_r3__P19L__s42,1.3784670286347946,0.3405495808286459,0.3405495808286459,0.7210268178352237,0.8769860478082973,0.8198137736121021,0.9540946577596638,0.9382418875312337,0.14563080074231038,0.7568456912549316,231.82686341005237,202.39362623253504
probe_r3__P19L__s43,S-PROBE,R3,probe_r3__P19L__s43,1.3554589253662603,0.324177716195998,0.33363344820909235,0.7358876472305752,0.8555223701368528,0.9321315844983195,0.9555351061107064,0.9526323604053692,0.32853283569511404,0.8150254093263333,231.90236171048196,216.71241774590177
probe_r3__P19L__s44,S-PROBE,R3,probe_r3__P19L__s44,1.3642760426457972,0.36474601675357454,0.356648035656776,0.7265653057347732,0.8691205241634682,0.8803686360223798,0.9249195777890536,0.9268196608493571,0.240495364418166,0.7875580500566819,231.56733477341683,197.79056413102927
probe_r3__P23L__s42,S-PROBE,R3,probe_r3__P23L__s42,1.5891238426386123,0.40836278929521164,0.4093245332463637,0.6072721323625742,0.8713774795267167,0.9968866297471359,1.0325480109493963,1.0303236216900116,0.8818129812452753,0.9700033456760021,197.10922315604307,201.24147299800322
probe_r3__P23L__s43,S-PROBE,R3,probe_r3__P23L__s43,1.566557446950866,0.3422035688295169,0.35224420055669947,0.6192440053883908,0.8592614226193156,0.913326715776531,1.0292463894441137,0.9656946862228737,0.9127985188154071,0.9779566756291935,196.9489374227869,227.99349398498913
probe_r3__P23L__s44,S-PROBE,R3,probe_r3__P23L__s44,1.5324268163957595,0.36234890974545875,0.36967195977643275,0.6431765281441799,0.8799449466448352,0.923044064025335,1.000975914573974,1.0154107010796283,0.8494292991227894,0.9616208450118969,197.00127202943455,208.1588782525047
probe_r3__P28L__s42,S-PROBE,R3,probe_r3__P28L__s42,1.5851237623020646,0.25356586584836033,0.283282131494674,0.6098768579083136,0.7946397966626974,0.7919193545869244,0.9311964415111431,0.9527480445715065,0.8183452596268808,0.953505442990988,264.4677896434189,236.82957216998062
probe_r3__P28L__s43,S-PROBE,R3,probe_r3__P28L__s43,1.5653090969898436,0.2612714162682468,0.2908286417923049,0.6174327072828695,0.792427356978298,0.8960155623497164,0.9044286847518126,0.8868350622518959,0.6301989088485698,0.9028285852941769,264.93981716405506,215.92936110883505
probe_r3__P28L__s44,S-PROBE,R3,probe_r3__P28L__s44,1.57391209935288,0.2642005508426245,0.29361244851160284,0.6087309658175926,0.7763316069298966,0.8673862685882663,0.9093931614631409,0.8496797406452863,0.4997838742970089,0.8659630114205251,265.0669213339993,199.54113395213912
