step_share,step_over_gap,step_pos,n_steps_big,md5,variant,endpoint,seed,two_sided,foreign,cls,DR_med,M,prompt,grid,sided,abrupt,cut,online,cond,endpoint_source,endpoint_class,dino_dist,clip_dist,pixel_gap_rel,clean,terc
0.060346458107233,1.0917413234710691,0.6571428571428571,5,3a7fd20ca6705636f62f918f428a2ec0,01_effect__dai,shadow_smoke_7,42,True,False,REAL,0.6065733432769775,0.4423076923076923,effect,v2,,True,False,False,both,heldin_test,shadow_smoke,0.8337105512619019,0.2497801780700683,0.913241684436798,True,far
0.088442713022232,1.0084649324417114,0.2857142857142857,3,4bde96b943422b6180d61ea2707a1273,01_effect__dai,shadow_smoke_7,43,True,False,REAL,0.3279244899749756,0.4230769230769231,effect,v2,,True,False,False,both,heldin_test,shadow_smoke,0.8337105512619019,0.2497801780700683,0.913241684436798,True,far
0.0249795243144035,0.2496148198843002,0.7523809523809524,20,3e57e848b698884f7acfc5dd1eb87f28,01_effect__dai,hero_flight_6,42,True,False,REAL,0.7147643566131592,0.4230769230769231,effect,v2,,False,False,False,both,heldin_test,hero_flight,0.6431841850280762,0.3309119343757629,0.7196507453918457,True,mid
0.0181292798370122,0.3937157690525055,0.6476190476190476,63,8284827dea2f60bdfe199e12c1884a12,01_effect__dai,hero_flight_6,43,True,False,REAL,0.6493849754333496,0.5576923076923077,effect,v2,,False,False,False,both,heldin_test,hero_flight,0.6431841850280762,0.3309119343757629,0.7196507453918457,True,mid
0.0299279540777206,0.2046640813350677,0.3428571428571428,19,d2d2a7c987cc2d5a576f4b880ec30dbb,01_effect__dai,shadow_smoke_2,42,True,False,REAL,0.2736248970031738,0.173076923076923,effect,v2,,False,False,False,both,heldin_train,shadow_smoke,0.976357102394104,0.4813467264175415,0.8247685432434082,True,mid
0.0267124697566032,0.208380788564682,0.1619047619047619,32,132cf963c09991fd58bff24619166da3,01_effect__dai,shadow_smoke_2,43,True,False,REAL,0.2252936214208603,0.2307692307692307,effect,v2,,False,False,False,both,heldin_train,shadow_smoke,0.976357102394104,0.4813467264175415,0.8247685432434082,True,mid
0.0526962280273437,2.027721881866455,0.2952380952380952,9,cf66463329d6d3b4d583f49204fee58f,01_effect__dai,display_transition_1,42,True,False,REAL,0.3753874003887176,0.2403846153846154,effect,v2,,False,False,False,both,heldout,display_transition,1.007775902748108,0.3791371583938598,0.7980310320854187,True,mid
0.1077404469251632,3.1151716709136963,0.7142857142857143,2,a4a9982d4924c50ace124f54fe90ad2d,01_effect__dai,display_transition_1,43,True,False,REAL,0.5976691246032715,0.0384615384615384,effect,v2,,True,False,False,both,heldout,display_transition,1.007775902748108,0.3791371583938598,0.7980310320854187,True,mid
0.0851723775267601,0.5609647035598755,0.3714285714285714,1,06338c6484fda64e6a456ad708ef4318,01_effect__dai,raven_transition_2,42,True,False,REAL,0.3714874684810638,0.2980769230769231,effect,v2,,True,False,False,both,heldout,raven_transition,0.8378135561943054,0.3154877424240112,1.0046961307525637,True,far
0.0237896740436553,0.2508175075054168,0.0380952380952381,37,4f0ed63b33b3b6e7048f982351242a50,01_effect__dai,raven_transition_2,43,True,False,REAL,0.5404574871063232,0.4807692307692308,effect,v2,,False,False,False,both,heldout,raven_transition,0.8378135561943054,0.3154877424240112,1.0046961307525637,True,far
0.0510779358446598,0.4938678741455078,0.5904761904761905,7,f7282b0e454bc2aa5c43dd9aaedad294,01_effect__dai,melt_transition_2,42,True,False,CUT,0.0751328468322753,0.0288461538461538,effect,v2,,False,True,True,both,heldout,melt_transition,0.9375076293945312,0.3432868123054504,0.7599163055419922,True,mid
0.0242804996669292,0.6253750324249268,0.6285714285714286,42,321daf2df33bba226166537a14dddb53,01_effect__dai,melt_transition_2,43,True,False,REAL,0.8374248743057251,0.1923076923076923,effect,v2,,False,False,False,both,heldout,melt_transition,0.9375076293945312,0.3432868123054504,0.7599163055419922,True,mid
0.023112166672945,0.2784071862697601,0.2285714285714285,43,241669bd828793198cf314c7457cf895,01_effect__dai,shadow_smoke_0,42,True,False,REAL,0.6620370149612427,0.3269230769230769,effect,v2,,False,False,False,both,heldin_test,shadow_smoke,0.9212679862976074,0.4271559715270996,0.5626089572906494,True,close
0.0389493554830551,0.4306539893150329,0.1333333333333333,13,7900e72368aabcb758626b912d0c4bda,01_effect__dai,shadow_smoke_0,43,True,False,REAL,0.2801178395748138,0.2596153846153846,effect,v2,,False,False,False,both,heldin_test,shadow_smoke,0.9212679862976074,0.4271559715270996,0.5626089572906494,True,close
0.0444068200886249,0.6397700309753418,0.5047619047619047,17,813e309a3b583421ef9211d7efcd7d64,01_effect__dai,hero_flight_5,42,True,False,REAL,0.2394733428955078,0.0769230769230769,effect,v2,,False,False,False,both,heldin_test,hero_flight,0.9489837288856506,0.3703982234001159,0.6685858368873596,True,close
0.0420973300933837,0.7544440627098083,0.2857142857142857,17,687fbf79aaf6b530752a85c548850288,01_effect__dai,hero_flight_5,43,True,False,REAL,0.3493047952651977,0.0865384615384615,effect,v2,,False,False,False,both,heldin_test,hero_flight,0.9489837288856506,0.3703982234001159,0.6685858368873596,True,close
0.0226195454597473,0.2251905649900436,0.9904761904761904,51,f581b9e63ed5a22510f2d8006d7c1877,01_effect__dai,hero_flight_1,42,True,False,REAL,0.4703372716903686,0.1634615384615384,effect,v2,,False,False,False,both,heldin_train,hero_flight,0.9896891713142396,0.3652272820472717,0.7391162514686584,True,mid
0.0541724786162376,0.7204529047012329,0.638095238095238,6,c5e323ef940a052881aee0abc27bb8a4,01_effect__dai,hero_flight_1,43,True,False,REAL,0.4547078907489776,0.0288461538461538,effect,v2,,False,False,False,both,heldin_train,hero_flight,0.9896891713142396,0.3652272820472717,0.7391162514686584,True,mid
0.0260244198143482,0.4794320166110992,0.2571428571428571,39,3e341a79e1feb3ac3025be459f9f7b39,01_effect__dai,earth_wave_3,42,True,False,REAL,0.3670455813407898,0.375,effect,v2,,False,False,False,both,heldin_test,earth_wave,0.6917517185211182,0.3547374606132507,0.7562260031700134,True,mid
0.0388721190392971,1.0182067155838013,0.6666666666666666,18,2f6a3adca9c360d9c5bcacefbf45894e,01_effect__dai,earth_wave_3,43,True,False,REAL,0.7680392265319824,0.5288461538461539,effect,v2,,False,False,False,both,heldin_test,earth_wave,0.6917517185211182,0.3547374606132507,0.7562260031700134,True,mid
0.0291970111429691,0.6763319373130798,0.0380952380952381,19,1e2a894eb7c99f5375c4d870786adc2f,01_effect__dai,davis_bear_elephant,42,True,True,REAL,0.9093058109283448,0.4134615384615384,effect,v2,,False,False,False,both,davis,davis,0.8599857091903687,0.2222266197204589,0.725959062576294,False,mid
0.0232460629194974,0.6276188492774963,0.6666666666666666,38,c7523bf289f1969f2f1e70224dbea8a8,01_effect__dai,davis_bear_elephant,43,True,True,REAL,0.6652361154556274,0.3557692307692308,effect,v2,,False,False,False,both,davis,davis,0.8599857091903687,0.2222266197204589,0.725959062576294,False,mid
0.0227282363921403,0.2723835706710815,0.4857142857142857,37,02621e9eb7f7c05c8855befb0c1a998d,01_effect__dai,davis_bear_elephant,42,True,True,REAL,0.3243245482444763,0.125,effect,v2,,False,False,False,both,davis,davis,0.8599857091903687,0.2222266197204589,0.725959062576294,False,mid
0.0234933421015739,0.6036543250083923,0.7047619047619048,30,f418ba2329a76e4e1dde8c89834948db,01_effect__dai,davis_bear_elephant,43,True,True,REAL,0.6988239288330078,0.0769230769230769,effect,v2,,False,False,False,both,davis,davis,0.8599857091903687,0.2222266197204589,0.725959062576294,False,mid
0.0359226427972316,0.5629155039787292,0.4857142857142857,32,8ee30a0166e251789576a50377a6d21a,01_effect__dai,air_bending_1,42,True,False,REAL,0.1736589074134826,0.3173076923076923,effect,v2,,False,False,False,both,heldin_test,air_bending,0.8266698122024536,0.4505706429481506,1.0777623653411863,True,far
0.0259429067373275,0.4627490937709808,0.4666666666666667,42,460e0686c7f76f4c657dedbb32edda68,01_effect__dai,air_bending_1,43,True,False,REAL,0.1300234794616699,0.1442307692307692,effect,v2,two,False,False,False,both,heldin_test,air_bending,0.8266698122024536,0.4505706429481506,1.0777623653411863,True,far
0.0267533212900161,0.641411304473877,0.580952380952381,25,8c2df723b56465c902e1ad3c91511486,01_effect__dai,hero_flight_6,42,True,False,REAL,0.4737238883972168,0.375,effect,v2,two,False,False,False,both,heldin_test,hero_flight,0.6431841850280762,0.3309119343757629,0.7196507453918457,True,mid
0.029563520103693,0.8612479567527771,0.1714285714285714,17,9c3bea0fd6e886f21b3333fa22a0d51b,01_effect__dai,hero_flight_6,43,True,False,REAL,0.6881518363952637,0.5,effect,v2,two,False,False,False,both,heldin_test,hero_flight,0.6431841850280762,0.3309119343757629,0.7196507453918457,True,mid
0.030156098306179,0.2608940303325653,0.6476190476190476,26,26e88fe22604ea958b0297881edc44a3,01_effect__dai,shadow_smoke_7,42,True,False,REAL,0.5352908372879028,0.5,effect,v2,two,False,False,False,both,heldin_test,shadow_smoke,0.8337105512619019,0.2497801780700683,0.913241684436798,True,far
0.028631767258048,0.3996412456035614,0.1714285714285714,25,113bf7682e3ad1f42e87ea2a16cfd998,01_effect__dai,shadow_smoke_7,43,True,False,REAL,0.4525485038757324,0.4807692307692308,effect,v2,two,False,False,False,both,heldin_test,shadow_smoke,0.8337105512619019,0.2497801780700683,0.913241684436798,True,far
0.0304341930896043,0.0738404542207717,0.9904761904761904,14,3fa82a8782b4b2bd4fd66b99ac586984,01_effect__dai,hero_flight_5,42,True,False,REAL,0.1524893939495086,0.3846153846153846,effect,v2,two,False,False,False,both,heldin_test,hero_flight,0.9489837288856506,0.3703982234001159,0.6685858368873596,True,close
0.0334612615406513,0.1395750194787979,0.2857142857142857,17,c31212b5966c2eb3fb3b4ce50d485c9c,01_effect__dai,hero_flight_5,43,True,False,REAL,0.2903550863265991,0.3269230769230769,effect,v2,two,False,False,False,both,heldin_test,hero_flight,0.9489837288856506,0.3703982234001159,0.6685858368873596,True,close
0.0308870524168014,0.4988160729408264,0.6571428571428571,18,7573379443e58b8bbb0b69ab67761ef9,01_effect__dai,hero_flight_6,42,True,False,REAL,0.4324593544006347,0.2884615384615384,effect,v2,two,False,False,False,both,heldin_test,hero_flight,0.6431841850280762,0.3309119343757629,0.7196507453918457,True,mid
0.0339235328137874,0.7523999810218811,0.1714285714285714,29,d9b8e4a0b0a6cb89b95d298a654515c1,01_effect__dai,hero_flight_6,43,True,False,REAL,0.6534478664398193,0.5,effect,v2,two,False,False,False,both,heldin_test,hero_flight,0.6431841850280762,0.3309119343757629,0.7196507453918457,True,mid
0.0284639671444892,0.5473718643188477,0.9904761904761904,29,9fe6229798d6471a48848db993128957,01_effect__dai,davis_tennis_snowboard,42,True,True,REAL,0.6432713270187378,0.1826923076923076,effect,v2,two,False,False,False,both,davis,davis,0.876124918460846,0.4753775596618652,0.6444668769836426,False,close
0.0265749488025903,0.606325089931488,0.7238095238095238,33,47d7618e08b5b886a051c2b6ffe56a55,01_effect__dai,davis_tennis_snowboard,43,True,True,REAL,1.1665936708450315,0.4423076923076923,effect,v2,two,False,False,False,both,davis,davis,0.876124918460846,0.4753775596618652,0.6444668769836426,False,close
0.024302914738655,0.3689747452735901,0.2666666666666666,38,47e712a655441a01010b1b95776de8e2,01_effect__dai,earth_wave_3,42,True,False,REAL,0.2424342334270477,0.173076923076923,effect,v2,two,False,False,False,both,heldin_test,earth_wave,0.6917517185211182,0.3547374606132507,0.7562260031700134,True,mid
0.0233706571161746,0.5927419066429138,0.3428571428571428,46,d9e7eba9afc97746ed4f825430c29e4c,01_effect__dai,earth_wave_3,43,True,False,REAL,0.4147284626960754,0.375,effect,v2,two,False,False,False,both,heldin_test,earth_wave,0.6917517185211182,0.3547374606132507,0.7562260031700134,True,mid
0.0311342421919107,0.7492328882217407,0.6666666666666666,32,7130bc6e27b37d8c1aea2b1db77321ab,01_effect__dai,giant_grab_3,42,True,False,REAL,1.3040482997894287,0.2115384615384615,effect,v2,two,False,False,False,both,heldin_test,giant_grab,0.6515516042709351,0.4003952741622925,0.3504104018211365,True,close
0.0500421226024627,1.0098893642425537,0.5523809523809524,10,f5c8a240ad34b0aa2a6847cc0961afa2,01_effect__dai,giant_grab_3,43,True,False,REAL,1.0141096115112305,0.0961538461538461,effect,v2,two,False,False,False,both,heldin_test,giant_grab,0.6515516042709351,0.4003952741622925,0.3504104018211365,True,close
0.031910628080368,0.7226712107658386,0.4,25,bdd3a0d2c87350116e73bf2b3ad94a19,01_effect__dai,earth_wave_3,42,True,False,REAL,0.322032630443573,0.1538461538461538,effect,v2,two,False,False,False,both,heldin_test,earth_wave,0.6917517185211182,0.3547374606132507,0.7562260031700134,True,mid
0.0224701277911663,0.6761801242828369,0.4952380952380952,49,a4d6b204e16643e451ec09361ee799e2,01_effect__dai,earth_wave_3,43,True,False,REAL,0.597551703453064,0.4423076923076923,effect,v2,two,False,False,False,both,heldin_test,earth_wave,0.6917517185211182,0.3547374606132507,0.7562260031700134,True,mid
0.0409841202199459,0.6571220755577087,0.0666666666666666,19,0d9dc202e1703d1dbb681ee02ae515a9,01_effect__dai,giant_grab_3,42,True,False,REAL,0.37115478515625,0.1442307692307692,effect,v2,two,False,False,False,both,heldin_test,giant_grab,0.6515516042709351,0.4003952741622925,0.3504104018211365,True,close
0.0273390710353851,0.6218731999397278,0.238095238095238,38,ce5bdbe2781646b79704701f92b7e19a,01_effect__dai,giant_grab_3,43,True,False,REAL,0.395039290189743,0.0865384615384615,effect,v2,two,False,False,False,both,heldin_test,giant_grab,0.6515516042709351,0.4003952741622925,0.3504104018211365,True,close
0.0784893929958343,1.4408586025238037,0.6476190476190476,1,bfb7e1ce7be42af71e072b9d419135e9,01_effect__dai,hero_flight_5,42,True,False,REAL,0.2174588143825531,0.2211538461538461,effect,v2,two,True,False,False,both,heldin_test,hero_flight,0.9489837288856506,0.3703982234001159,0.6685858368873596,True,close
0.0363865122199058,0.7392641305923462,0.6190476190476191,29,25f97942b31d7a7bef9d5475062b554c,01_effect__dai,hero_flight_5,43,True,False,REAL,0.2718388736248016,0.25,effect,v2,two,False,False,False,both,heldin_test,hero_flight,0.9489837288856506,0.3703982234001159,0.6685858368873596,True,close
0.0675304010510444,1.217531442642212,0.2761904761904762,2,4c9b34ae353693659f3ea899b7ab4d1b,01_effect__dai,davis_tennis_snowboard,42,True,True,REAL,0.7056295871734619,0.5096153846153846,effect,v2,two,True,False,False,both,davis,davis,0.876124918460846,0.4753775596618652,0.6444668769836426,False,close
0.0485091507434845,0.8745512962341309,0.0571428571428571,13,27aba0133a8fc560dc022637317fe027,01_effect__dai,davis_tennis_snowboard,43,True,True,REAL,0.6343539953231812,0.6923076923076923,effect,v2,two,False,False,False,both,davis,davis,0.876124918460846,0.4753775596618652,0.6444668769836426,False,close
0.0260788854211568,0.3451008796691894,0.5333333333333333,35,b576f6d7d57144ef47e979c0894eca28,01_effect__dai,water_bending_3,42,True,False,REAL,0.6856153011322021,0.3461538461538461,effect,v2,two,False,False,False,both,heldin_test,water_bending,0.8594667315483093,0.3203840851783752,0.7056683897972107,True,close
0.0207034088671207,0.6009817719459534,0.2857142857142857,52,5f383a2e961edd152f781106564c1b7e,01_effect__dai,water_bending_3,43,True,False,REAL,0.7134268283843994,0.3365384615384615,effect,v2,two,False,False,False,both,heldin_test,water_bending,0.8594667315483093,0.3203840851783752,0.7056683897972107,True,close
0.0270471218973398,0.5529227256774902,0.2952380952380952,32,e768b232e9f320d6dfd40365f7cb866c,01_effect__dai,shadow_smoke_7,42,True,False,REAL,0.5240368247032166,0.2211538461538461,effect,v2,two,False,False,False,both,heldin_test,shadow_smoke,0.8337105512619019,0.2497801780700683,0.913241684436798,True,far
0.023632301017642,0.5691372156143188,0.3523809523809524,44,bd3bc1adb8f3350db8df9d48ab119e0d,01_effect__dai,shadow_smoke_7,43,True,False,REAL,0.2641044557094574,0.2596153846153846,effect,v2,two,False,False,False,both,heldin_test,shadow_smoke,0.8337105512619019,0.2497801780700683,0.913241684436798,True,far
0.0316576771438121,0.6346802115440369,0.5714285714285714,22,2f8cf3fa64213eb667d833521ec5305a,01_effect__dai,davis_bear_elephant,42,True,True,REAL,0.3505535721778869,0.0769230769230769,effect,v2,two,False,False,False,both,davis,davis,0.8599857091903687,0.2222266197204589,0.725959062576294,False,mid
0.0229610260576009,0.3687866032123565,0.5904761904761905,45,678fecab4491801538effc7c839ccb52,01_effect__dai,davis_bear_elephant,43,True,True,REAL,0.604183554649353,0.0673076923076923,effect,v2,two,False,False,False,both,davis,davis,0.8599857091903687,0.2222266197204589,0.725959062576294,False,mid
0.0818932205438613,0.8203824162483215,0.0095238095238095,1,db39f41b30d7133789c4ee1b4b72acb9,01_effect__dai,davis_bear_elephant,42,True,True,REAL,0.6689109802246094,0.2211538461538461,effect,v2,two,True,False,False,both,davis,davis,0.8599857091903687,0.2222266197204589,0.725959062576294,False,mid
0.0256310980767011,0.3272549211978912,0.580952380952381,28,4319a2cea3759241cd052f3df1871523,01_effect__dai,davis_bear_elephant,43,True,True,REAL,0.6827113032341003,0.125,effect,v2,two,False,False,False,both,davis,davis,0.8599857091903687,0.2222266197204589,0.725959062576294,False,mid
0.0386057347059249,0.6799688935279846,0.6857142857142857,15,6830c61c7cc1673df3c77e5b1e338962,01_effect__dai,davis_tennis_snowboard,42,True,True,REAL,0.7821788787841797,0.5576923076923077,effect,v2,two,False,False,False,both,davis,davis,0.876124918460846,0.4753775596618652,0.6444668769836426,False,close
0.0342413038015365,0.8649170994758606,0.7238095238095238,18,ae12f91e1feb2c6b41f7aeae75fd1a35,01_effect__dai,davis_tennis_snowboard,43,True,True,REAL,1.0312916040420532,0.5288461538461539,effect,v2,two,False,False,False,both,davis,davis,0.876124918460846,0.4753775596618652,0.6444668769836426,False,close
0.0596718937158584,1.2628906965255735,0.0761904761904762,6,21dd94befa35e1d5058adb015d042e6d,01_effect__dai,davis_blackswan_rhino,42,True,True,REAL,1.5603303909301758,0.0384615384615384,effect,v2,two,False,False,False,both,davis,davis,0.979796588420868,0.3496437668800354,0.5437620282173157,False,close
0.0367707051336765,0.8740387558937073,0.8095238095238095,18,cec9ba2febee173b42ba044404575e31,01_effect__dai,davis_blackswan_rhino,43,True,True,REAL,1.0628762245178225,0.5769230769230769,effect,v2,two,False,False,False,both,davis,davis,0.979796588420868,0.3496437668800354,0.5437620282173157,False,close
0.0187037903815507,0.2015790343284607,0.0666666666666666,62,ce3d46a5983510f835aa262fdcded8ef,01_effect__dai,davis_blackswan_rhino,42,True,True,REAL,0.3875908851623535,0.5192307692307693,effect,v2,two,False,False,False,both,davis,davis,0.979796588420868,0.3496437668800354,0.5437620282173157,False,close
0.0180692113935947,0.2293509691953659,0.1619047619047619,55,c6f503263193b48f7128d7f69f0f1c23,01_effect__dai,davis_blackswan_rhino,43,True,True,REAL,0.6203956604003906,0.4326923076923077,effect,v2,two,False,False,False,both,davis,davis,0.979796588420868,0.3496437668800354,0.5437620282173157,False,close
0.0289464518427848,0.5152819156646729,0.4952380952380952,33,3bc91b20947b7013b3e34cf0ba7757fa,01_effect__dai,firelava_4,42,True,False,REAL,0.2364836931228637,0.0673076923076923,effect,v2,two,False,False,False,both,heldout,firelava,0.7550086975097656,0.2789343595504761,0.95657616853714,True,far
0.0198645461350679,0.3859117329120636,0.3619047619047619,58,6e82809a4d023b60ddbe3fc47171e90b,01_effect__dai,firelava_4,43,True,False,REAL,0.5651521682739258,0.0961538461538461,effect,v2,two,False,False,False,both,heldout,firelava,0.7550086975097656,0.2789343595504761,0.95657616853714,True,far
0.0592115186154842,0.5603093504905701,0.9904761904761904,3,4a0a478b39a8bf747baf1f0216e0c72d,01_effect__dai,davis_tennis_snowboard,42,True,True,REAL,0.6756985187530518,0.2211538461538461,effect,v2,two,False,False,False,both,davis,davis,0.876124918460846,0.4753775596618652,0.6444668769836426,False,close
0.0215565674006938,0.5628482699394226,0.9904761904761904,66,56397cc8055f73546ee0b1cae883b971,01_effect__dai,davis_tennis_snowboard,43,True,True,REAL,0.8968318700790405,0.125,effect,v2,two,False,False,False,both,davis,davis,0.876124918460846,0.4753775596618652,0.6444668769836426,False,close
0.0760883539915084,0.5600453019142151,0.9904761904761904,1,8f589ec2b4b0f1bae0d4cec9bdfbdc65,01_effect__dai,davis_tennis_snowboard,42,True,True,REAL,0.5083910226821899,0.4230769230769231,effect,v2,two,True,False,False,both,davis,davis,0.876124918460846,0.4753775596618652,0.6444668769836426,False,close
0.0170606933534145,0.5599736571311951,0.9904761904761904,79,ccea422c2ef330b2ed48c71e66102343,01_effect__dai,davis_tennis_snowboard,43,True,True,REAL,0.7404998540878296,0.5576923076923077,effect,v2,two,False,False,False,both,davis,davis,0.876124918460846,0.4753775596618652,0.6444668769836426,False,close
0.0372903458774089,0.5048458576202393,0.0761904761904762,29,952310a83a63170f5905b9c0e1b5fbda,01_effect__dai,raven_transition_2,42,True,False,REAL,0.1655260622501373,0.173076923076923,effect,v2,two,False,False,False,both,heldout,raven_transition,0.8378135561943054,0.3154877424240112,1.0046961307525637,True,far
0.0289246179163455,0.6120957136154175,0.1714285714285714,33,4b71cfdfc20d8d39b60fb63c7d9d2f05,01_effect__dai,raven_transition_2,43,True,False,REAL,0.2335169911384582,0.4423076923076923,effect,v2,two,False,False,False,both,heldout,raven_transition,0.8378135561943054,0.3154877424240112,1.0046961307525637,True,far
0.0236661415547132,0.1288753598928451,0.3047619047619048,37,499a1f208ccd42a2c7890e4b0ddfff2d,01_effect__dai,davis_bear_elephant,42,True,True,REAL,0.2588064074516296,0.2211538461538461,effect,v2,two,False,False,False,both,davis,davis,0.8599857091903687,0.2222266197204589,0.725959062576294,False,mid
0.0262222420424222,0.1518473029136657,0.8,18,c3ae6d9426d37c8864ca7296c5e5f701,01_effect__dai,davis_bear_elephant,43,True,True,REAL,0.3315597176551819,0.2692307692307692,effect,v2,two,False,False,False,both,davis,davis,0.8599857091903687,0.2222266197204589,0.725959062576294,False,mid
0.0200889967381954,0.2815454304218292,0.0761904761904762,56,73a02b1f60623677817350c755397fe8,01_effect__dai,davis_blackswan_rhino,42,True,True,REAL,0.85976642370224,0.3461538461538461,effect,v2,two,False,False,False,both,davis,davis,0.979796588420868,0.3496437668800354,0.5437620282173157,False,close
0.0177722107619047,0.7201709151268005,0.4571428571428571,64,6d0795297ea7b14d560401a3f370d163,01_effect__dai,davis_blackswan_rhino,43,True,True,REAL,1.3514553308486938,0.4423076923076923,effect,v2,two,False,False,False,both,davis,davis,0.979796588420868,0.3496437668800354,0.5437620282173157,False,close
0.0711003616452217,0.25411257147789,0.2476190476190476,6,9b5bcdb688c37782599082ef3f8d7ffd,01_effect__dai,melt_transition_2,42,True,False,CUT,0.0734224319458007,0.1153846153846153,effect,v2,two,False,True,True,both,heldout,melt_transition,0.9375076293945312,0.3432868123054504,0.7599163055419922,True,mid
0.0376474671065807,0.3527071475982666,0.3809523809523809,26,00b9d47b644d60ca8e18c6b206b7fa61,01_effect__dai,melt_transition_2,43,True,False,CUT,0.1122858524322509,0.0961538461538461,effect,v2,two,False,True,True,both,heldout,melt_transition,0.9375076293945312,0.3432868123054504,0.7599163055419922,True,mid
0.0811328962445259,0.3824007511138916,0.3238095238095238,10,b75f66507c224b36a7dd6a2a131a9e3c,02_neutral__dai,shadow_smoke_2,42,True,False,CUT,0.1147767305374145,0.0673076923076923,neutral,v2,two,False,True,True,both,heldin_train,shadow_smoke,0.976357102394104,0.4813467264175415,0.8247685432434082,True,mid
0.098003052175045,0.4457932412624359,0.1714285714285714,8,d1bfbb02ea8280b59dfd91efd0009e1e,02_neutral__dai,shadow_smoke_2,43,True,False,CUT,0.1112230569124221,0.0288461538461538,neutral,v2,two,False,True,True,both,heldin_train,shadow_smoke,0.976357102394104,0.4813467264175415,0.8247685432434082,True,mid
0.0231393128633499,0.5549275279045105,0.5238095238095238,33,6689776f76b0f873bd81cc832b63d085,01_effect__dai,davis_blackswan_rhino,42,True,True,REAL,0.6195341348648071,0.3461538461538461,effect,v2,two,False,False,False,both,davis,davis,0.979796588420868,0.3496437668800354,0.5437620282173157,False,close
0.0218726433813571,0.7033765912055969,0.8095238095238095,49,546c099dc2cc686d30d7c8c1954e5cc6,01_effect__dai,davis_blackswan_rhino,43,True,True,REAL,0.8687926530838013,0.4615384615384615,effect,v2,two,False,False,False,both,davis,davis,0.979796588420868,0.3496437668800354,0.5437620282173157,False,close
0.0711957365274429,0.3877526521682739,0.7333333333333333,11,94fc1b2320c8bea1f822c2d8667248e4,02_neutral__dai,hero_flight_1,42,True,False,REAL,0.2040862441062927,0.0384615384615384,neutral,v2,two,False,False,False,both,heldin_train,hero_flight,0.9896891713142396,0.3652272820472717,0.7391162514686584,True,mid
0.0738744586706161,0.6804172396659851,0.6476190476190476,6,ecf792363a4314ba47f5c8174c5fa92f,02_neutral__dai,hero_flight_1,43,True,False,REAL,0.2573407292366028,0.0288461538461538,neutral,v2,two,True,False,False,both,heldin_train,hero_flight,0.9896891713142396,0.3652272820472717,0.7391162514686584,True,mid
0.0510926097631454,0.5997971892356873,0.2952380952380952,16,ac037030818f59b3c66e1bea4a0aaf17,01_effect__dai,flying_cam_transition_4,42,True,False,REAL,0.2498494237661361,0.0673076923076923,effect,v2,two,False,False,False,both,heldout,flying_cam_transition,0.9239779114723206,0.3068329691886902,1.1037510633468628,True,far
0.030338542535901,0.5185633897781372,0.5714285714285714,29,d560172951ac36076d54132ea1b295eb,01_effect__dai,flying_cam_transition_4,43,True,False,REAL,0.4246464967727661,0.0673076923076923,effect,v2,two,False,False,False,both,heldout,flying_cam_transition,0.9239779114723206,0.3068329691886902,1.1037510633468628,True,far
0.3017062842845917,0.9904494285583496,0.0761904761904762,1,fe0941d063f6697b14d05db6e1af3e34,02_neutral__dai,hero_flight_5,42,True,False,CUT,0.1193494945764541,0.0,neutral,v2,two,True,True,True,both,heldin_test,hero_flight,0.9489837288856506,0.3703982234001159,0.6685858368873596,True,close
0.0862771794199943,0.7160511016845703,0.1142857142857142,9,25b3f2770b08c450f44fccd2859d6f8f,02_neutral__dai,hero_flight_5,43,True,False,CUT,0.114056795835495,0.0769230769230769,neutral,v2,two,True,True,True,both,heldin_test,hero_flight,0.9489837288856506,0.3703982234001159,0.6685858368873596,True,close
0.0854242444038391,1.149539589881897,0.1142857142857142,5,720915ff778838100c7b7df7b3ecc1a3,02_neutral__dai,shadow_smoke_0,42,True,False,REAL,0.4251381456851959,0.2403846153846154,neutral,v2,two,True,False,False,both,heldin_test,shadow_smoke,0.9212679862976074,0.4271559715270996,0.5626089572906494,True,close
0.046412169933319,0.7562477588653564,0.2476190476190476,18,2e79dab2175ef4c81597a4986c343b04,02_neutral__dai,shadow_smoke_0,43,True,False,REAL,0.4790016710758209,0.173076923076923,neutral,v2,two,False,False,False,both,heldin_test,shadow_smoke,0.9212679862976074,0.4271559715270996,0.5626089572906494,True,close
0.0314312577247619,0.3439024984836578,0.0761904761904762,18,3116148bc04ed150d17c14d1b8a061aa,02_neutral__dai,hero_flight_6,42,True,False,REAL,0.4338953495025635,0.1346153846153846,neutral,v2,two,False,False,False,both,heldin_test,hero_flight,0.6431841850280762,0.3309119343757629,0.7196507453918457,True,mid
0.0453634858131408,0.9947106838226318,0.0285714285714285,5,966d3071c1e4a559b90ca0930b07f839,02_neutral__dai,hero_flight_6,43,True,False,REAL,0.5696723461151123,0.0673076923076923,neutral,v2,two,False,False,False,both,heldin_test,hero_flight,0.6431841850280762,0.3309119343757629,0.7196507453918457,True,mid
0.0813195183873176,0.5635976791381836,0.0952380952380952,7,ceaa51c0958237b941e993f488a25c7c,02_neutral__dai,shadow_smoke_7,42,True,False,REAL,0.3814498782157898,0.0384615384615384,neutral,v2,two,True,False,False,both,heldin_test,shadow_smoke,0.8337105512619019,0.2497801780700683,0.913241684436798,True,far
0.0682616904377937,0.9977015256881714,0.1333333333333333,14,d119ff0f69e2384d1c2a6fb158a308d2,02_neutral__dai,shadow_smoke_7,43,True,False,CUT,0.104308433830738,0.173076923076923,neutral,v2,two,True,True,True,both,heldin_test,shadow_smoke,0.8337105512619019,0.2497801780700683,0.913241684436798,True,far
0.103391133248806,0.7843282222747803,0.4285714285714285,9,31678118ad3a1d675e8addaf4b3c4efa,02_neutral__dai,melt_transition_2,42,True,False,CUT,0.0418416857719421,0.0673076923076923,neutral,v2,two,True,True,True,both,heldout,melt_transition,0.9375076293945312,0.3432868123054504,0.7599163055419922,True,mid
0.0389037504792213,0.6856624484062195,0.419047619047619,27,5705cfd3107677501452c3db2db918b5,02_neutral__dai,melt_transition_2,43,True,False,REAL,0.1901118010282516,0.0576923076923076,neutral,v2,two,False,False,False,both,heldout,melt_transition,0.9375076293945312,0.3432868123054504,0.7599163055419922,True,mid
0.1519168317317962,1.0198017358779907,0.3809523809523809,1,59837bb346ff069ee4a9edc2a9a671c7,02_neutral__dai,display_transition_1,42,True,False,REAL,0.1901746094226837,0.0,neutral,v2,two,True,False,False,both,heldout,display_transition,1.007775902748108,0.3791371583938598,0.7980310320854187,True,mid
0.2341628670692443,1.0880039930343628,0.8095238095238095,1,7fbee203ab18f7fba61b52211192c08f,02_neutral__dai,display_transition_1,43,True,False,REAL,0.1843366175889969,0.0769230769230769,neutral,v2,two,True,False,False,both,heldout,display_transition,1.007775902748108,0.3791371583938598,0.7980310320854187,True,mid
0.0518133714795112,0.7824405431747437,0.3809523809523809,19,7ab0436cde98b09cbf0b98bf4b16ffae,02_neutral__dai,earth_wave_3,42,True,False,REAL,0.1960812211036682,0.1826923076923076,neutral,v2,two,False,False,False,both,heldin_test,earth_wave,0.6917517185211182,0.3547374606132507,0.7562260031700134,True,mid
0.033215083181858,0.8681140542030334,0.1714285714285714,32,aad816cba61d1076d0cd77182903a04f,02_neutral__dai,earth_wave_3,43,True,False,REAL,0.4790793359279632,0.2596153846153846,neutral,v2,two,False,False,False,both,heldin_test,earth_wave,0.6917517185211182,0.3547374606132507,0.7562260031700134,True,mid
0.0299677085131406,0.2643753588199615,0.5714285714285714,11,821905c084f08d71fcac2dd70e3c8def,02_neutral__dai,davis_bear_elephant,42,True,True,REAL,0.3580967783927917,0.0384615384615384,neutral,v2,two,False,False,False,both,davis,davis,0.8599857091903687,0.2222266197204589,0.725959062576294,False,mid
0.0500529333949089,0.7670345306396484,0.2857142857142857,11,09fe6e3503807d48a6f06e4fad5a5963,02_neutral__dai,davis_bear_elephant,43,True,True,REAL,0.4860300421714782,0.0576923076923076,neutral,v2,two,False,False,False,both,davis,davis,0.8599857091903687,0.2222266197204589,0.725959062576294,False,mid
0.1898736953735351,0.9574524164199828,0.3714285714285714,1,a41f062145afabf1fbe571b3e0709b3a,02_neutral__dai,raven_transition_2,42,True,False,REAL,0.2157641053199768,0.0,neutral,v2,two,True,False,False,both,heldout,raven_transition,0.8378135561943054,0.3154877424240112,1.0046961307525637,True,far
0.0847880393266677,0.9295682311058044,0.1809523809523809,1,5adb26652d690d65b54be6b00cfe830c,02_neutral__dai,raven_transition_2,43,True,False,REAL,0.2692542672157287,0.0576923076923076,neutral,v2,two,True,False,False,both,heldout,raven_transition,0.8378135561943054,0.3154877424240112,1.0046961307525637,True,far
0.0232693050056695,0.837651252746582,0.4952380952380952,40,1fb4bb1e72d61bd8554d7fad4e376fa3,02_neutral__dai,davis_tennis_snowboard,42,True,True,REAL,0.6332759857177734,0.3269230769230769,neutral,v2,two,False,False,False,both,davis,davis,0.876124918460846,0.4753775596618652,0.6444668769836426,False,close
0.0356475450098514,1.1421061754226685,0.2761904761904762,3,547ca74faae01e7802a9aa714298d598,02_neutral__dai,davis_tennis_snowboard,43,True,True,REAL,0.7263085842132568,0.5288461538461539,neutral,v2,two,False,False,False,both,davis,davis,0.876124918460846,0.4753775596618652,0.6444668769836426,False,close
0.0525979697704315,0.2987894415855407,0.8571428571428571,11,6fdab8d8f1fcc822e78beff2af3ea0c9,02_neutral__dai,water_bending_3,42,True,False,REAL,0.2261503934860229,0.048076923076923,neutral,v2,two,False,False,False,both,heldin_test,water_bending,0.8594667315483093,0.3203840851783752,0.7056683897972107,True,close
0.1243342459201812,1.1819088459014893,0.3047619047619048,6,62f0c4a0fce4741eb493b9300023e75c,02_neutral__dai,water_bending_3,43,True,False,REAL,0.2526994049549103,0.0096153846153846,neutral,v2,two,True,False,False,both,heldin_test,water_bending,0.8594667315483093,0.3203840851783752,0.7056683897972107,True,close
0.1417989879846573,0.7927960753440857,0.5047619047619047,6,075c4aa3d8bcd78cf159a4a60ff98f87,02_neutral__dai,air_bending_1,42,True,False,CUT,0.0388764292001724,0.0576923076923076,neutral,v2,two,True,True,True,both,heldin_test,air_bending,0.8266698122024536,0.4505706429481506,1.0777623653411863,True,far
0.1087090596556663,0.4805600941181183,0.3428571428571428,6,a1e4751084be49dffe1654a6f7372aa5,02_neutral__dai,air_bending_1,43,True,False,CUT,0.0884714424610138,0.0288461538461538,neutral,v2,two,False,True,True,both,heldin_test,air_bending,0.8266698122024536,0.4505706429481506,1.0777623653411863,True,far
0.0568197108805179,0.6528264284133911,0.5238095238095238,8,648009936d1a533078693c8c50ad46e7,02_neutral__dai,giant_grab_3,42,True,False,REAL,0.5423876643180847,0.2692307692307692,neutral,v2,two,False,False,False,both,heldin_test,giant_grab,0.6515516042709351,0.4003952741622925,0.3504104018211365,True,close
0.1048481985926628,0.9629980325698853,0.5619047619047619,1,f81d058f353c8b21a1341e9b1dd2be81,02_neutral__dai,giant_grab_3,43,True,False,REAL,0.3068933486938476,0.0576923076923076,neutral,v2,two,True,False,False,both,heldin_test,giant_grab,0.6515516042709351,0.4003952741622925,0.3504104018211365,True,close
0.0377395302057266,0.757466197013855,0.6571428571428571,7,1c39dd98c9de24f334f88e659fba8a92,02_neutral__dai,davis_blackswan_rhino,42,True,True,REAL,0.7154622077941895,0.625,neutral,v2,two,False,False,False,both,davis,davis,0.979796588420868,0.3496437668800354,0.5437620282173157,False,close
0.0456116162240505,0.9344213604927064,0.6095238095238096,5,1d99746e493450829c547ff5bf30030e,02_neutral__dai,davis_blackswan_rhino,43,True,True,REAL,0.6641305088996887,0.4807692307692308,neutral,v2,two,False,False,False,both,davis,davis,0.979796588420868,0.3496437668800354,0.5437620282173157,False,close
0.0618194080889225,0.3527471423149109,0.4476190476190476,9,21cd31b3a2c986f30aacd68da59dd6db,02_neutral__dai,firelava_4,42,True,False,REAL,0.2052749097347259,0.0673076923076923,neutral,v2,two,False,False,False,both,heldout,firelava,0.7550086975097656,0.2789343595504761,0.95657616853714,True,far
0.1285131424665451,0.8354830145835876,0.4285714285714285,1,afb22e7e4c5488756a44a2c3a69b8ed3,02_neutral__dai,firelava_4,43,True,False,REAL,0.2949568033218384,0.0096153846153846,neutral,v2,two,True,False,False,both,heldout,firelava,0.7550086975097656,0.2789343595504761,0.95657616853714,True,far
0.0369080528616905,0.1316109001636505,0.3714285714285714,11,e772ee2fe28f64320ffa11b3c7ab1dea,02_neutral__dai,flying_cam_transition_4,42,True,False,REAL,0.185031309723854,0.0576923076923076,neutral,v2,two,False,False,False,both,heldout,flying_cam_transition,0.9239779114723206,0.3068329691886902,1.1037510633468628,True,far
0.0301466397941112,0.110129527747631,0.5523809523809524,19,a5d75183c6688e9e5862948634690b10,02_neutral__dai,flying_cam_transition_4,43,True,False,REAL,0.3014810681343078,0.1153846153846153,neutral,v2,two,False,False,False,both,heldout,flying_cam_transition,0.9239779114723206,0.3068329691886902,1.1037510633468628,True,far
0.0766567960381507,0.6115063428878784,0.4285714285714285,12,5f52f843c1ecb22da95033c685759b6c,04_neutral_v3__dai,earth_wave_5,42,True,False,REAL,0.1968834847211837,0.0865384615384615,neutral,v3,two,True,False,False,both,heldin_test,earth_wave,0.7705483436584473,0.3373817801475525,0.9046628475189208,True,far
0.0831335037946701,0.9190590381622314,0.4380952380952381,2,4de7bdcb5f383703ce12a20bfcf64f8b,04_neutral_v3__dai,earth_wave_5,43,True,False,REAL,0.1506466269493103,0.1346153846153846,neutral,v3,two,True,False,False,both,heldin_test,earth_wave,0.7705483436584473,0.3373817801475525,0.9046628475189208,True,far
0.4538392424583435,1.0034477710723877,0.3714285714285714,1,c321d2f05d2f53c027aab09c6f055ab1,04_neutral_v3__dai,hvpair.humanvid_10042758.humanvid_7537430,42,True,True,REAL,0.1213747337460517,0.0,neutral,v3,two,True,False,False,both,humanvid,davis,0.8637434244155884,0.536583662033081,0.6260461211204529,False,close
0.1128862202167511,0.6695388555526733,0.2857142857142857,8,94b6faf318da586eb81de942447f5876,04_neutral_v3__dai,hvpair.humanvid_10042758.humanvid_7537430,43,True,True,CUT,0.0721427202224731,0.048076923076923,neutral,v3,two,True,True,True,both,humanvid,davis,0.8637434244155884,0.536583662033081,0.6260461211204529,False,close
0.0903064012527465,0.9158764481544496,0.3809523809523809,1,9f87e38c63b23d1532992009e8726f22,04_neutral_v3__dai,hvpair.humanvid_12405668.humanvid_7539020,42,True,True,REAL,0.3120945394039154,0.2019230769230769,neutral,v3,two,True,False,False,both,humanvid,davis,0.9472928643226624,0.397261381149292,0.718315839767456,False,mid
0.0339191406965255,0.5734744071960449,0.5714285714285714,20,5d6bc9436efa6f5773c85b134dd37e06,04_neutral_v3__dai,hvpair.humanvid_12405668.humanvid_7539020,43,True,True,REAL,0.4820049703121185,0.2019230769230769,neutral,v3,two,False,False,False,both,humanvid,davis,0.9472928643226624,0.397261381149292,0.718315839767456,False,mid
0.1398155987262725,0.5297490954399109,0.4761904761904761,6,eed3d1f9494ab3b48c3dc1ebcffb7186,04_neutral_v3__dai,hvpair.humanvid_4058810.humanvid_7682587,42,True,True,CUT,0.0397674515843391,0.0384615384615384,neutral,v3,two,False,True,True,both,humanvid,davis,0.8793558478355408,0.4145765304565429,1.3641960620880127,False,far
0.1056761220097541,0.490680456161499,0.2857142857142857,6,0a909a8f92b6b39ead31a89614ae296d,04_neutral_v3__dai,hvpair.humanvid_4058810.humanvid_7682587,43,True,True,CUT,0.1065201088786125,0.0192307692307692,neutral,v3,two,False,True,True,both,humanvid,davis,0.8793558478355408,0.4145765304565429,1.3641960620880127,False,far
0.2254176139831543,1.0420483350753784,0.0952380952380952,1,3de666b197b081a980cb738f384d124e,04_neutral_v3__dai,hvpair.humanvid_4076737.humanvid_7707744,42,True,True,REAL,0.2875969409942627,0.0,neutral,v3,two,True,False,False,both,humanvid,davis,0.8943305015563965,0.4627602100372314,0.8458276987075806,False,mid
0.1225017234683036,1.0551698207855225,0.0952380952380952,5,4ef138cb58e2ff7026e07ff9aa561fa5,04_neutral_v3__dai,hvpair.humanvid_4076737.humanvid_7707744,43,True,True,REAL,0.2739504277706146,0.0192307692307692,neutral,v3,two,True,False,False,both,humanvid,davis,0.8943305015563965,0.4627602100372314,0.8458276987075806,False,mid
0.3220759332180023,0.9997329115867616,0.238095238095238,1,0c501cb59395e66e6f26731ac61fc33d,04_neutral_v3__dai,hvpair.humanvid_4223661.humanvid_7772314,42,True,True,CUT,0.0491116270422935,0.0,neutral,v3,two,True,True,True,both,humanvid,davis,0.9628354907035828,0.4762091040611267,0.6593644022941589,False,close
0.0958072692155838,0.5723851919174194,0.2857142857142857,10,b7d347d8d4c45684811a4871de4e51bd,04_neutral_v3__dai,hvpair.humanvid_4223661.humanvid_7772314,43,True,True,CUT,0.0579966865479946,0.0769230769230769,neutral,v3,two,True,True,True,both,humanvid,davis,0.9628354907035828,0.4762091040611267,0.6593644022941589,False,close
0.0699316784739494,0.3108059763908386,0.4761904761904761,12,08698ec0b64f41ca12219d3f7859ccb2,04_neutral_v3__dai,hvpair.humanvid_4325522.humanvid_7776745,42,True,True,CUT,0.0641588866710662,0.125,neutral,v3,two,False,True,True,both,humanvid,davis,0.8209710121154785,0.3484978675842285,0.9422909021377563,False,far
0.2062750905752182,0.8367125391960144,0.4380952380952381,2,5988dac90d6b0322823f638cf6412472,04_neutral_v3__dai,hvpair.humanvid_4325522.humanvid_7776745,43,True,True,REAL,0.1260553896427154,0.1538461538461538,neutral,v3,two,True,False,False,both,humanvid,davis,0.8209710121154785,0.3484978675842285,0.9422909021377563,False,far
0.3810111880302429,0.9924448132514954,0.4761904761904761,1,ae2918a06932a3b19e6094d448f4412d,04_neutral_v3__dai,hvpair.humanvid_2402374.humanvid_7663067,42,True,True,REAL,0.1527567505836486,0.0,neutral,v3,two,True,False,False,both,humanvid,davis,0.9951910972595216,0.5401147603988647,0.932214081287384,False,far
0.3205084800720215,1.0133956670761108,0.0666666666666666,1,b95b6df17ffa39eb64f02b1a37177ac6,04_neutral_v3__dai,hvpair.humanvid_2402374.humanvid_7663067,43,True,True,CUT,0.0935568362474441,0.0,neutral,v3,two,True,True,True,both,humanvid,davis,0.9951910972595216,0.5401147603988647,0.932214081287384,False,far
0.5221543908119202,0.9464359879493712,0.0952380952380952,1,ce76d36158d417bffe7e1bc7c1412070,04_neutral_v3__dai,hvpair.humanvid_3795426.humanvid_7670221,42,True,True,CUT,0.0278462078422307,0.0,neutral,v3,two,True,True,True,both,humanvid,davis,0.906251072883606,0.316893458366394,0.903817057609558,False,far
0.3509585261344909,1.1943598985671997,0.0952380952380952,2,d75acb5d49f43677de065bb44af6af21,04_neutral_v3__dai,hvpair.humanvid_3795426.humanvid_7670221,43,True,True,CUT,0.0372106805443763,0.0,neutral,v3,two,True,True,True,both,humanvid,davis,0.906251072883606,0.316893458366394,0.903817057609558,False,far
0.0246223174035549,0.4085981249809265,0.5142857142857142,45,3bbcf966373f2b4e9ac4e09ef9b09329,04_neutral_v3__dai,giant_grab_5,42,True,False,REAL,0.3931843638420105,0.3365384615384615,neutral,v3,two,False,False,False,both,heldin_test,giant_grab,0.7661229372024536,0.3949124217033386,0.4975002706050873,True,close
0.044973611831665,0.7891502976417542,0.6476190476190476,3,463efd30982328d014d2d58dc118eec9,04_neutral_v3__dai,giant_grab_5,43,True,False,REAL,0.5174349546432495,0.4711538461538461,neutral,v3,two,False,False,False,both,heldin_test,giant_grab,0.7661229372024536,0.3949124217033386,0.4975002706050873,True,close
0.1563425958156585,1.4025447368621826,0.238095238095238,1,29bd40fd59b04a76da144a0a2f988069,04_neutral_v3__dai,flame_transition_2,42,True,False,REAL,0.1886568367481231,0.0,neutral,v3,two,True,False,False,both,heldin_test,flame,0.5033552646636963,0.3002986907958984,0.5855746865272522,True,close
0.2143365889787674,1.026139736175537,0.3619047619047619,1,7063ece92eb7b512378f0e9b877c6d27,04_neutral_v3__dai,flame_transition_2,43,True,False,REAL,0.2804272770881653,0.0,neutral,v3,two,True,False,False,both,heldin_test,flame,0.5033552646636963,0.3002986907958984,0.5855746865272522,True,close
0.3288729786872864,0.9931264519691468,0.2285714285714285,1,ba6e8f41539b2c13c5b8e57a1541e428,04_neutral_v3__dai,flame_transition_3,42,True,False,REAL,0.1594254970550537,0.0,neutral,v3,two,True,False,False,both,heldin_test,flame,0.5762443542480469,0.2251763939857483,0.7082048058509827,True,mid
0.0886781066656112,0.4832326471805572,0.1714285714285714,6,ea3fb305cecf36e568e45758ebf42168,04_neutral_v3__dai,flame_transition_3,43,True,False,REAL,0.2360998541116714,0.0288461538461538,neutral,v3,two,False,False,False,both,heldin_test,flame,0.5762443542480469,0.2251763939857483,0.7082048058509827,True,mid
0.2694920599460602,0.9609814286231996,0.6476190476190476,1,232346796ea612950a5f7962e51a0f0e,04_neutral_v3__dai,hvpair.humanvid_5124224.humanvid_7970355,42,True,True,REAL,0.2336733043193817,0.0,neutral,v3,two,True,False,False,both,humanvid,davis,0.7433903217315674,0.3251380920410156,0.5960079431533813,False,close
0.2626311779022217,0.8962093591690063,0.580952380952381,2,e2b42ffbc12de4e467d408efd94eae0b,04_neutral_v3__dai,hvpair.humanvid_5124224.humanvid_7970355,43,True,True,REAL,0.1629936397075653,0.0,neutral,v3,two,True,False,False,both,humanvid,davis,0.7433903217315674,0.3251380920410156,0.5960079431533813,False,close
0.1062396094202995,0.7595961689949036,0.1714285714285714,3,819435eebbdf5bca0b00aa5c469a9347,04_neutral_v3__dai,hvpair.humanvid_4734626.humanvid_7957231,42,True,True,REAL,0.6100898385047913,0.5865384615384616,neutral,v3,two,True,False,False,both,humanvid,davis,1.0354961156845093,0.3390344381332397,0.8659554123878479,False,far
0.0276163481175899,0.4757739305496216,0.780952380952381,12,fe909f21338c848e005a407dbe01870c,04_neutral_v3__dai,hvpair.humanvid_4734626.humanvid_7957231,43,True,True,REAL,0.5669327974319458,0.4423076923076923,neutral,v3,two,False,False,False,both,humanvid,davis,1.0354961156845093,0.3390344381332397,0.8659554123878479,False,far
0.110294297337532,0.4904172420501709,0.6095238095238096,2,f189b4891a20f13f6e5ac143f29bf5e5,04_neutral_v3__dai,hvpair.humanvid_4873451.humanvid_7969628,42,True,True,REAL,0.2886874675750732,0.0096153846153846,neutral,v3,two,False,False,False,both,humanvid,davis,0.9978479146957396,0.3505882024765014,0.6878074407577515,False,close
0.0935815945267677,0.7526316046714783,0.4285714285714285,1,abe814f2f903e17fcc998afeb11c3f83,04_neutral_v3__dai,hvpair.humanvid_4873451.humanvid_7969628,43,True,True,REAL,0.3755558133125305,0.125,neutral,v3,two,True,False,False,both,humanvid,davis,0.9978479146957396,0.3505882024765014,0.6878074407577515,False,close
0.0773252323269844,0.4346900880336761,0.4380952380952381,5,fd61e452d53a3921bb9ee278ffc87f59,04_neutral_v3__dai,hvpair.humanvid_4457812.humanvid_7864986,42,True,True,REAL,0.1373993754386901,0.0384615384615384,neutral,v3,two,False,False,False,both,humanvid,davis,0.9599114656448364,0.5624151229858398,1.0449116230010986,False,far
0.1213009804487228,0.8933674693107605,0.6476190476190476,1,77cab22af95fdc98187d17832b0a1ef7,04_neutral_v3__dai,hvpair.humanvid_4457812.humanvid_7864986,43,True,True,REAL,0.2413635551929474,0.0,neutral,v3,two,True,False,False,both,humanvid,davis,0.9599114656448364,0.5624151229858398,1.0449116230010986,False,far
0.0727323144674301,0.7309736609458923,0.4952380952380952,7,6c4a69cd71638907ab9539ceb5c67bca,04_neutral_v3__dai,hvpair.humanvid_4650062.humanvid_7884019,42,True,True,CUT,0.1037481725215911,0.048076923076923,neutral,v3,two,True,True,True,both,humanvid,davis,0.93722003698349,0.3866207599639892,0.7082575559616089,False,mid
0.0828518718481063,1.041746973991394,0.2761904761904762,1,942c4e44d6b658cdc01066312ae1ff6a,04_neutral_v3__dai,hvpair.humanvid_4650062.humanvid_7884019,43,True,True,REAL,0.4563833773136139,0.4038461538461538,neutral,v3,two,True,False,False,both,humanvid,davis,0.93722003698349,0.3866207599639892,0.7082575559616089,False,mid
0.0600591674447059,0.5575704574584961,0.5428571428571428,7,0abb4dacd2f25d21c2c7743307012a5c,06_effect_v3__dai,air_bending_1,42,True,False,REAL,0.27830770611763,0.3461538461538461,effect,v3,two,False,False,False,both,heldin_test,air_bending,0.8266698122024536,0.4505706429481506,1.0777623653411863,True,far
0.0370148755609989,0.5869289636611938,0.8666666666666667,19,5e85d0442b611988405adc320bc3ec03,06_effect_v3__dai,air_bending_1,43,True,False,REAL,0.5338418483734131,0.4711538461538461,effect,v3,two,False,False,False,both,heldin_test,air_bending,0.8266698122024536,0.4505706429481506,1.0777623653411863,True,far
0.0279116965830326,0.8946554660797119,0.5238095238095238,39,8bb324683235f19cbb02cf22f627bc4f,06_effect_v3__dai,air_bending_1,42,True,False,REAL,0.3408296704292297,0.3173076923076923,effect,v3,two,False,False,False,both,heldin_test,air_bending,0.8266698122024536,0.4505706429481506,1.0777623653411863,True,far
0.0277569890022277,0.7806049585342407,0.2476190476190476,34,b09fcb4480427d73ca0190e7768210fa,06_effect_v3__dai,air_bending_1,43,True,False,REAL,0.4886225461959839,0.25,effect,v3,two,False,False,False,both,heldin_test,air_bending,0.8266698122024536,0.4505706429481506,1.0777623653411863,True,far
0.1194407939910888,2.402251720428467,0.7238095238095238,1,61ce3edf007e6f2d1fd41b00a595cc01,06_effect_v3__dai,display_transition_1,42,True,False,REAL,1.447770118713379,0.0,effect,v3,two,True,False,False,both,heldout,display_transition,1.007775902748108,0.3791371583938598,0.7980310320854187,True,mid
0.0174904149025678,0.4928388297557831,0.4952380952380952,70,4d2b00da10edfa5cbee1ef7355d3ab5d,06_effect_v3__dai,display_transition_1,43,True,False,REAL,1.6408897638320925,0.0673076923076923,effect,v3,two,False,False,False,both,heldout,display_transition,1.007775902748108,0.3791371583938598,0.7980310320854187,True,mid
0.0395190455019474,0.7790068984031677,0.5238095238095238,14,6a772b6928f57db9e06e4a9de1508365,06_effect_v3__dai,firelava_4,42,True,False,REAL,0.3863370716571808,0.1153846153846153,effect,v3,two,False,False,False,both,heldout,firelava,0.7550086975097656,0.2789343595504761,0.95657616853714,True,far
0.0302827283740043,0.7442308068275452,0.3238095238095238,40,8b69a3316adbeff7f7075c51037158c4,06_effect_v3__dai,firelava_4,43,True,False,REAL,0.5179858803749084,0.2596153846153846,effect,v3,two,False,False,False,both,heldout,firelava,0.7550086975097656,0.2789343595504761,0.95657616853714,True,far
0.0267279483377933,0.5364565253257751,0.3047619047619048,36,84fb2714a11f132272601bfdead024fc,06_effect_v3__dai,earth_wave_5,42,True,False,REAL,0.2539284229278564,0.0865384615384615,effect,v3,two,False,False,False,both,heldin_test,earth_wave,0.7705483436584473,0.3373817801475525,0.9046628475189208,True,far
0.0224048402160406,0.5042965412139893,0.4761904761904761,49,815a381f4620583068e62cf78dd80b6a,06_effect_v3__dai,earth_wave_5,43,True,False,REAL,0.4073015749454498,0.0961538461538461,effect,v3,two,False,False,False,both,heldin_test,earth_wave,0.7705483436584473,0.3373817801475525,0.9046628475189208,True,far
0.0492224544286727,0.5016801357269287,0.5428571428571428,15,3d2abe7d18f283e232e75142bf4c286e,06_effect_v3__dai,firelava_4,42,True,False,REAL,0.2201583683490753,0.0288461538461538,effect,v3,two,False,False,False,both,heldout,firelava,0.7550086975097656,0.2789343595504761,0.95657616853714,True,far
0.04123205691576,0.4291422367095947,0.3238095238095238,23,c39fcb8c045f21704a5ebd56e38b07f9,06_effect_v3__dai,firelava_4,43,True,False,REAL,0.2625424265861511,0.048076923076923,effect,v3,two,False,False,False,both,heldout,firelava,0.7550086975097656,0.2789343595504761,0.95657616853714,True,far
0.0401906371116638,0.6443489193916321,0.6571428571428571,12,1dd96d3e1a0bf77de97be377c9664f68,06_effect_v3__dai,hero_flight_6,42,True,False,REAL,0.4405656158924103,0.2596153846153846,effect,v3,two,False,False,False,both,heldin_test,hero_flight,0.6431841850280762,0.3309119343757629,0.7196507453918457,True,mid
0.0349388793110847,0.6854488849639893,0.5714285714285714,13,d900e41b7aea1533f0518db293a9724c,06_effect_v3__dai,hero_flight_6,43,True,False,REAL,0.4544631838798523,0.1923076923076923,effect,v3,two,False,False,False,both,heldin_test,hero_flight,0.6431841850280762,0.3309119343757629,0.7196507453918457,True,mid
0.0587767846882343,0.4670388102531433,0.3714285714285714,8,2358aa004095c900be6f299892636211,06_effect_v3__dai,water_bending_3,42,True,False,REAL,0.3497337400913238,0.2692307692307692,effect,v3,two,False,False,False,both,heldin_test,water_bending,0.8594667315483093,0.3203840851783752,0.7056683897972107,True,close
0.0745533183217048,0.5484939813613892,0.4285714285714285,6,f1e1635db0096484263ce9f1b86c7c4c,06_effect_v3__dai,water_bending_3,43,True,False,REAL,0.1789584755897522,0.1923076923076923,effect,v3,two,False,False,False,both,heldin_test,water_bending,0.8594667315483093,0.3203840851783752,0.7056683897972107,True,close
0.0291515123099088,0.4093877673149109,0.8571428571428571,36,8d69b85a3c73db25b79febaefd523ab7,06_effect_v3__dai,hvpair.humanvid_2402374.humanvid_7663067,42,True,True,REAL,0.4786321222782135,0.3173076923076923,effect,v3,two,False,False,False,both,humanvid,davis,0.9951910972595216,0.5401147603988647,0.932214081287384,False,far
0.0165686681866645,0.2759634554386139,0.1714285714285714,80,675abc701494ef9247b38828515c69d1,06_effect_v3__dai,hvpair.humanvid_2402374.humanvid_7663067,43,True,True,REAL,0.4611948728561401,0.6634615384615384,effect,v3,two,False,False,False,both,humanvid,davis,0.9951910972595216,0.5401147603988647,0.932214081287384,False,far
0.2147661447525024,0.996858537197113,0.1619047619047619,1,94a8e69b428ebfc4c2727bbc77811aea,06_effect_v3__dai,hvpair.humanvid_3795426.humanvid_7670221,42,True,True,CUT,0.0377854257822036,0.0,effect,v3,two,True,True,True,both,humanvid,davis,0.906251072883606,0.316893458366394,0.903817057609558,False,far
0.073169969022274,0.5760251879692078,0.0952380952380952,1,cdda433ad0e982fbe410e6734eb5daee,06_effect_v3__dai,hvpair.humanvid_3795426.humanvid_7670221,43,True,True,REAL,0.1257442831993103,0.0673076923076923,effect,v3,two,True,False,False,both,humanvid,davis,0.906251072883606,0.316893458366394,0.903817057609558,False,far
0.0481367893517017,0.9386735558509828,0.6476190476190476,5,fb0e8e8064617735c5177c80b134623c,06_effect_v3__dai,hvpair.humanvid_10042758.humanvid_7537430,42,True,True,REAL,0.4171628654003143,0.2788461538461538,effect,v3,two,False,False,False,both,humanvid,davis,0.8637434244155884,0.536583662033081,0.6260461211204529,False,close
0.1070607230067253,0.9784660339355468,0.6666666666666666,1,5ee4a108a781a6add8c41e9f24315f5d,06_effect_v3__dai,hvpair.humanvid_10042758.humanvid_7537430,43,True,True,REAL,0.425649344921112,0.2403846153846154,effect,v3,two,True,False,False,both,humanvid,davis,0.8637434244155884,0.536583662033081,0.6260461211204529,False,close
0.0296188797801733,0.2231952250003814,0.2571428571428571,20,69006501f8426cb871a64c22f2431e93,06_effect_v3__dai,hvpair.humanvid_12405668.humanvid_7539020,42,True,True,REAL,0.3452128171920776,0.4326923076923077,effect,v3,two,False,False,False,both,humanvid,davis,0.9472928643226624,0.397261381149292,0.718315839767456,False,mid
0.0230066124349832,0.1886568516492843,0.1142857142857142,42,b3d704f1855ce4e1a8a2570cca18df1a,06_effect_v3__dai,hvpair.humanvid_12405668.humanvid_7539020,43,True,True,REAL,0.6382941007614136,0.5384615384615384,effect,v3,two,False,False,False,both,humanvid,davis,0.9472928643226624,0.397261381149292,0.718315839767456,False,mid
0.0451490804553031,0.2574966549873352,0.4095238095238095,19,b9bf71b7cd244709a086a7d809fb36e6,06_effect_v3__dai,hvpair.humanvid_4058810.humanvid_7682587,42,True,True,CUT,0.0779575556516647,0.0576923076923076,effect,v3,two,False,True,True,both,humanvid,davis,0.8793558478355408,0.4145765304565429,1.3641960620880127,False,far
0.0526992827653884,0.339819461107254,0.238095238095238,9,28b6920170fd04d177d9206f07d8716f,06_effect_v3__dai,hvpair.humanvid_4058810.humanvid_7682587,43,True,True,REAL,0.2138570994138717,0.0769230769230769,effect,v3,two,False,False,False,both,humanvid,davis,0.8793558478355408,0.4145765304565429,1.3641960620880127,False,far
0.0467800721526145,1.4537184238433838,0.2666666666666666,19,8de1baf9a39db1eab4f91ddd5c3372ac,06_effect_v3__dai,hvpair.humanvid_4076737.humanvid_7707744,42,True,True,REAL,0.3799106478691101,0.048076923076923,effect,v3,two,False,False,False,both,humanvid,davis,0.8943305015563965,0.4627602100372314,0.8458276987075806,False,mid
0.0238825045526027,0.9963811039924622,0.0952380952380952,54,06742a882bea5fcf6acf1340082b5558,06_effect_v3__dai,hvpair.humanvid_4076737.humanvid_7707744,43,True,True,REAL,0.6755239963531494,0.0384615384615384,effect,v3,two,False,False,False,both,humanvid,davis,0.8943305015563965,0.4627602100372314,0.8458276987075806,False,mid
0.0226024929434061,0.670950174331665,0.3904761904761905,45,5e51e57ffc80cfbf927a0e584d482e1c,06_effect_v3__dai,hvpair.humanvid_4223661.humanvid_7772314,42,True,True,REAL,0.6454614400863647,0.25,effect,v3,two,False,False,False,both,humanvid,davis,0.9628354907035828,0.4762091040611267,0.6593644022941589,False,close
0.0177341699600219,0.5252145528793335,0.6190476190476191,60,4813e14570aef26fddbe729407610863,06_effect_v3__dai,hvpair.humanvid_4223661.humanvid_7772314,43,True,True,REAL,0.8678733706474304,0.5096153846153846,effect,v3,two,False,False,False,both,humanvid,davis,0.9628354907035828,0.4762091040611267,0.6593644022941589,False,close
0.0201483834534883,0.7006760239601135,0.419047619047619,52,8ef2156a8dd91962af853f5a1485ce49,06_effect_v3__dai,hvpair.humanvid_4325522.humanvid_7776745,42,True,True,REAL,0.8634308576583862,0.0769230769230769,effect,v3,two,False,False,False,both,humanvid,davis,0.8209710121154785,0.3484978675842285,0.9422909021377563,False,far
0.0177006237208843,0.6367889046669006,0.3619047619047619,63,f8b50a5323642b31133bf74f7574e056,06_effect_v3__dai,hvpair.humanvid_4325522.humanvid_7776745,43,True,True,REAL,0.8417932987213135,0.1346153846153846,effect,v3,two,False,False,False,both,humanvid,davis,0.8209710121154785,0.3484978675842285,0.9422909021377563,False,far
0.0684383958578109,0.8962033987045288,0.1619047619047619,9,9aa289a35963f38ca4364fb5c9addfb9,06_effect_v3__dai,giant_grab_5,42,True,False,REAL,0.5602165460586548,0.5096153846153846,effect,v3,two,True,False,False,both,heldin_test,giant_grab,0.7661229372024536,0.3949124217033386,0.4975002706050873,True,close
0.0427129045128822,1.053663969039917,0.0952380952380952,16,2f3573216783eb618115c14c6cf99f63,06_effect_v3__dai,giant_grab_5,43,True,False,REAL,0.5958192348480225,0.5673076923076923,effect,v3,two,False,False,False,both,heldin_test,giant_grab,0.7661229372024536,0.3949124217033386,0.4975002706050873,True,close
0.1510368436574936,1.171128511428833,0.2952380952380952,1,74148093f3c39809fabbf4ff1e236a67,06_effect_v3__dai,hero_flight_5,42,True,False,REAL,0.1877184510231018,0.0,effect,v3,two,True,False,False,both,heldin_test,hero_flight,0.9489837288856506,0.3703982234001159,0.6685858368873596,True,close
0.0994288176298141,1.2253648042678833,0.0571428571428571,1,c2a1ffc29e6088c97bd12cfd7c656a35,06_effect_v3__dai,hero_flight_5,43,True,False,CUT,0.111021801829338,0.2115384615384615,effect,v3,two,True,True,True,both,heldin_test,hero_flight,0.9489837288856506,0.3703982234001159,0.6685858368873596,True,close
0.0337164290249347,0.3740234673023224,0.6761904761904762,20,1074f54b30ccc7c011cf0f44e17653c6,06_effect_v3__dai,earth_wave_5,42,True,False,REAL,0.3251158893108368,0.4519230769230769,effect,v3,two,False,False,False,both,heldin_test,earth_wave,0.7705483436584473,0.3373817801475525,0.9046628475189208,True,far
0.026784399524331,0.3305600881576538,0.2476190476190476,40,e217f70b13e8da81fe028d68b4438f51,06_effect_v3__dai,earth_wave_5,43,True,False,REAL,0.3594698309898376,0.3942307692307692,effect,v3,two,False,False,False,both,heldin_test,earth_wave,0.7705483436584473,0.3373817801475525,0.9046628475189208,True,far
0.0326740369200706,0.9120895266532898,0.5523809523809524,32,69cba43b6b03196c1552852166f45c1b,06_effect_v3__dai,flame_transition_2,42,True,False,REAL,0.8229409456253052,0.0288461538461538,effect,v3,two,False,False,False,both,heldin_test,flame,0.5033552646636963,0.3002986907958984,0.5855746865272522,True,close
0.0216504838317632,0.6531623005867004,0.5428571428571428,55,21b99a28e49eaa468edbfa1c03e3dde9,06_effect_v3__dai,flame_transition_2,43,True,False,REAL,0.9174275994300842,0.048076923076923,effect,v3,two,False,False,False,both,heldin_test,flame,0.5033552646636963,0.3002986907958984,0.5855746865272522,True,close
0.0315411649644374,0.7738713026046753,0.5428571428571428,34,9dd1e490ce8f2df8f3189ca42ec7ca68,06_effect_v3__dai,flame_transition_3,42,True,False,REAL,0.1212216466665268,0.0769230769230769,effect,v3,two,False,False,False,both,heldin_test,flame,0.5762443542480469,0.2251763939857483,0.7082048058509827,True,mid
0.0219125803560018,0.5572630763053894,0.4380952380952381,51,bb7044bf7a3a68cfb1a66fb44996601d,06_effect_v3__dai,flame_transition_3,43,True,False,REAL,0.4808253943920135,0.3461538461538461,effect,v3,two,False,False,False,both,heldin_test,flame,0.5762443542480469,0.2251763939857483,0.7082048058509827,True,mid
0.0271268468350172,0.2784492969512939,0.5047619047619047,35,1e03d93fd35d0ebd5799ec0623f89dbf,06_effect_v3__dai,shadow_smoke_0,42,True,False,REAL,0.5776908993721008,0.4038461538461538,effect,v3,two,False,False,False,both,heldin_test,shadow_smoke,0.9212679862976074,0.4271559715270996,0.5626089572906494,True,close
0.0373252183198928,0.4222698211669922,0.1809523809523809,15,24fd1791f6f30092b0d022da3d4359d3,06_effect_v3__dai,shadow_smoke_0,43,True,False,REAL,0.3845464587211609,0.3557692307692308,effect,v3,two,False,False,False,both,heldin_test,shadow_smoke,0.9212679862976074,0.4271559715270996,0.5626089572906494,True,close
0.035629816353321,0.8304778933525085,0.5333333333333333,32,6a5397a8e15bc3676e88eb466eb7148e,06_effect_v3__dai,air_bending_1,42,True,False,DISSOLVE,0.0825585573911666,0.2884615384615384,effect,v3,two,False,False,True,both,heldin_test,air_bending,0.8266698122024536,0.4505706429481506,1.0777623653411863,True,far
0.043080098927021,0.8005589246749878,0.2761904761904762,28,05d3b4b84fbf3b91e9c3398598678199,06_effect_v3__dai,air_bending_1,43,True,False,CUT,0.1061917692422866,0.1634615384615384,effect,v3,two,False,True,True,both,heldin_test,air_bending,0.8266698122024536,0.4505706429481506,1.0777623653411863,True,far
0.0267380308359861,0.2050631642341613,0.7047619047619048,32,46265351014cd905752c0ef11ea27c45,06_effect_v3__dai,hero_flight_6,42,True,False,REAL,0.3462740480899811,0.2019230769230769,effect,v3,two,False,False,False,both,heldin_test,hero_flight,0.6431841850280762,0.3309119343757629,0.7196507453918457,True,mid
0.0357349589467048,0.3060315549373626,0.8,15,46f2b06c47eed230e7e6f8edeffe5fc7,06_effect_v3__dai,hero_flight_6,43,True,False,REAL,0.38388392329216,0.4423076923076923,effect,v3,two,False,False,False,both,heldin_test,hero_flight,0.6431841850280762,0.3309119343757629,0.7196507453918457,True,mid
0.0425433926284313,0.7003670334815979,0.5238095238095238,13,562e9dbabd9dca678c650bc85ae6857a,06_effect_v3__dai,hero_flight_5,42,True,False,REAL,0.2761991918087005,0.3076923076923077,effect,v3,two,False,False,False,both,heldin_test,hero_flight,0.9489837288856506,0.3703982234001159,0.6685858368873596,True,close
0.0321901924908161,0.8447834253311157,0.2761904761904762,32,d4abd1f3af5eb5a87bb76aabe3e1c247,06_effect_v3__dai,hero_flight_5,43,True,False,REAL,0.4007944166660309,0.173076923076923,effect,v3,two,False,False,False,both,heldin_test,hero_flight,0.9489837288856506,0.3703982234001159,0.6685858368873596,True,close
0.0220032315701246,1.7556536197662354,0.580952380952381,60,00e9ed334046e35cb17dcc9f3bad6d81,06_effect_v3__dai,giant_grab_3,42,True,False,REAL,1.4613739252090454,0.375,effect,v3,two,False,False,False,both,heldin_test,giant_grab,0.6515516042709351,0.4003952741622925,0.3504104018211365,True,close
0.0165105555206537,1.6485180854797363,0.2857142857142857,68,5ccf17b7ec10100a9ef4ce334ad29a66,06_effect_v3__dai,giant_grab_3,43,True,False,REAL,1.2282171249389648,0.1346153846153846,effect,v3,two,False,False,False,both,heldin_test,giant_grab,0.6515516042709351,0.4003952741622925,0.3504104018211365,True,close
0.0294670797884464,0.6910071969032288,0.219047619047619,25,cc2d39beec3bf08cf0bcc149bce2828c,06_effect_v3__dai,shadow_smoke_0,42,True,False,REAL,0.9780465364456176,0.4615384615384615,effect,v3,two,False,False,False,both,heldin_test,shadow_smoke,0.9212679862976074,0.4271559715270996,0.5626089572906494,True,close
0.0452469028532505,0.985440731048584,0.1142857142857142,7,894d78873e24046b7e2bb053a62c88de,06_effect_v3__dai,shadow_smoke_0,43,True,False,REAL,1.3597294092178345,0.3173076923076923,effect,v3,two,False,False,False,both,heldin_test,shadow_smoke,0.9212679862976074,0.4271559715270996,0.5626089572906494,True,close
0.0527058094739913,0.8606398701667786,0.638095238095238,14,f8695edbad845693c55e63f6fbc8a71c,06_effect_v3__dai,flying_cam_transition_4,42,True,False,REAL,0.3625006973743438,0.3076923076923077,effect,v3,two,False,False,False,both,heldout,flying_cam_transition,0.9239779114723206,0.3068329691886902,1.1037510633468628,True,far
0.0418871641159057,1.1082607507705688,0.2761904761904762,6,0ec024a2d8949c38b7e1e87f0c6c8bcf,06_effect_v3__dai,flying_cam_transition_4,43,True,False,REAL,0.5828571915626526,0.2115384615384615,effect,v3,two,False,False,False,both,heldout,flying_cam_transition,0.9239779114723206,0.3068329691886902,1.1037510633468628,True,far
0.0596211068332195,0.7405930161476135,0.6571428571428571,2,b365c56e46e1119ffcad3e00fbd89901,06_effect_v3__dai,hvpair.humanvid_4734626.humanvid_7957231,42,True,True,REAL,0.655858039855957,0.5865384615384616,effect,v3,two,False,False,False,both,humanvid,davis,1.0354961156845093,0.3390344381332397,0.8659554123878479,False,far
0.0264915823936462,0.5787332653999329,0.2857142857142857,31,1bf735596ad49f3e9ab0fd751a4def61,06_effect_v3__dai,hvpair.humanvid_4734626.humanvid_7957231,43,True,True,REAL,0.7525649070739746,0.2307692307692307,effect,v3,two,False,False,False,both,humanvid,davis,1.0354961156845093,0.3390344381332397,0.8659554123878479,False,far
0.0152971176430583,0.0522771291434764,0.0,82,ff5a51267225c249ede5df68ca94acd7,06_effect_v3__dai,hvpair.humanvid_4873451.humanvid_7969628,42,True,True,REAL,0.24630206823349,0.2980769230769231,effect,v3,two,False,False,False,both,humanvid,davis,0.9978479146957396,0.3505882024765014,0.6878074407577515,False,close
0.0285529382526874,0.1882991343736648,0.6666666666666666,28,18ff3dd98842db47c636bbd07da76854,06_effect_v3__dai,hvpair.humanvid_4873451.humanvid_7969628,43,True,True,REAL,0.3310758471488952,0.1057692307692307,effect,v3,two,False,False,False,both,humanvid,davis,0.9978479146957396,0.3505882024765014,0.6878074407577515,False,close
0.028619984164834,0.4607212543487549,0.4285714285714285,31,71cc66f2195b1a9a757346d5edce2334,06_effect_v3__dai,hvpair.humanvid_4457812.humanvid_7864986,42,True,True,REAL,0.3048610985279083,0.0865384615384615,effect,v3,two,False,False,False,both,humanvid,davis,0.9599114656448364,0.5624151229858398,1.0449116230010986,False,far
0.0211657062172889,0.4921540915966034,0.1333333333333333,54,5d84266a6d74ca1a33367da71e3358ac,06_effect_v3__dai,hvpair.humanvid_4457812.humanvid_7864986,43,True,True,REAL,0.5685925483703613,0.0769230769230769,effect,v3,two,False,False,False,both,humanvid,davis,0.9599114656448364,0.5624151229858398,1.0449116230010986,False,far
0.0317113474011421,0.4564952850341797,0.4761904761904761,26,1ee252d0859c5d25da89cd4292e2f88a,06_effect_v3__dai,hvpair.humanvid_4650062.humanvid_7884019,42,True,True,REAL,0.4724556803703308,0.1538461538461538,effect,v3,two,False,False,False,both,humanvid,davis,0.93722003698349,0.3866207599639892,0.7082575559616089,False,mid
0.0351013280451297,0.703876793384552,0.2857142857142857,16,7c6a354be1d8c40171251ea6f02e0a13,06_effect_v3__dai,hvpair.humanvid_4650062.humanvid_7884019,43,True,True,REAL,0.593390703201294,0.3076923076923077,effect,v3,two,False,False,False,both,humanvid,davis,0.93722003698349,0.3866207599639892,0.7082575559616089,False,mid
0.0286853704601526,0.4395065605640411,0.4476190476190476,37,2e7ba401405600435dc21426a784de46,06_effect_v3__dai,firelava_4,42,True,False,REAL,0.2214097082614898,0.048076923076923,effect,v3,two,False,False,False,both,heldout,firelava,0.7550086975097656,0.2789343595504761,0.95657616853714,True,far
0.0251531992107629,0.4492181837558746,0.2761904761904762,44,edcafc9c15e4ec6d71f41121934d6d9b,06_effect_v3__dai,firelava_4,43,True,False,REAL,0.4231009185314178,0.0865384615384615,effect,v3,two,False,False,False,both,heldout,firelava,0.7550086975097656,0.2789343595504761,0.95657616853714,True,far
0.0292842239141464,0.879956841468811,0.6285714285714286,31,4b35f6cfe8a43e9f81083b814699097e,06_effect_v3__dai,display_transition_1,42,True,False,REAL,0.6647477149963379,0.4326923076923077,effect,v3,two,False,False,False,both,heldout,display_transition,1.007775902748108,0.3791371583938598,0.7980310320854187,True,mid
0.0223480723798275,0.4640857279300689,0.7523809523809524,46,50c5908a5eef6dbea88421e41d298587,06_effect_v3__dai,display_transition_1,43,True,False,REAL,0.5859216451644897,0.4615384615384615,effect,v3,two,False,False,False,both,heldout,display_transition,1.007775902748108,0.3791371583938598,0.7980310320854187,True,mid
0.0368808507919311,0.8602930903434753,0.638095238095238,24,a4652a1aa5a9aaa523553610658fc161,06_effect_v3__dai,hvpair.humanvid_5124224.humanvid_7970355,42,True,True,REAL,0.2809822559356689,0.0961538461538461,effect,v3,two,False,False,False,both,humanvid,davis,0.7433903217315674,0.3251380920410156,0.5960079431533813,False,close
0.0180404037237167,0.8322717547416687,0.6190476190476191,67,ef0501cd8f6c6579e744cc167e92a16a,06_effect_v3__dai,hvpair.humanvid_5124224.humanvid_7970355,43,True,True,REAL,0.654083788394928,0.1538461538461538,effect,v3,two,False,False,False,both,humanvid,davis,0.7433903217315674,0.3251380920410156,0.5960079431533813,False,close
0.0861307010054588,0.4431666731834411,0.4761904761904761,7,3fddb6761438efa3a23f886833343c28,06_effect_v3__dai,melt_transition_2,42,True,False,CUT,0.0750696808099746,0.0288461538461538,effect,v3,two,False,True,True,both,heldout,melt_transition,0.9375076293945312,0.3432868123054504,0.7599163055419922,True,mid
0.030799351632595,0.3144594728946686,0.1333333333333333,37,d20eb4aae988c90e6a279ce1849ff5e8,06_effect_v3__dai,melt_transition_2,43,True,False,CUT,0.0632547438144683,0.1057692307692307,effect,v3,two,False,True,True,both,heldout,melt_transition,0.9375076293945312,0.3432868123054504,0.7599163055419922,True,mid
