group,endpoint,seed,abrupt,cls,gap,transit_frames,jump3,jump1,fracA,fracB,fracElse
both/effect,shadow_smoke_7,42,True,REAL,93.89218139648438,16,0.39124441146850586,0.33713221549987793,0.125,0.25961538461538464,0.6153846153846154
both/effect,shadow_smoke_7,43,True,REAL,94.03697204589844,7,0.370397686958313,0.36263197660446167,0.10576923076923077,0.34615384615384615,0.5480769230769231
both/effect,hero_flight_6,42,False,REAL,79.62417602539062,24,0.26096293330192566,0.10610844194889069,0.009615384615384616,0.0,0.9903846153846154
both/effect,hero_flight_6,43,False,REAL,79.71803283691406,12,0.36622557044029236,0.1359274685382843,0.028846153846153848,0.019230769230769232,0.9519230769230769
both/effect,shadow_smoke_2,42,False,REAL,111.13712310791016,17,0.16952627897262573,0.062387287616729736,0.09615384615384616,0.2980769230769231,0.6057692307692308
both/effect,shadow_smoke_2,43,False,REAL,111.32825469970703,13,0.23536416888237,0.08490481972694397,0.038461538461538464,0.3942307692307692,0.5673076923076923
both/effect,display_transition_1,42,False,REAL,44.658531188964844,14,2.766887664794922,1.505381464958191,0.1346153846153846,0.07692307692307693,0.7884615384615385
both/effect,display_transition_1,43,True,REAL,44.4618034362793,17,2.2037506103515625,2.1614317893981934,0.125,0.15384615384615385,0.7211538461538461
both/effect,raven_transition_2,42,True,REAL,108.04933166503906,39,0.3087587356567383,0.27690643072128296,0.0,0.33653846153846156,0.6634615384615384
both/effect,raven_transition_2,43,False,REAL,108.50548553466797,16,0.36906784772872925,0.18151281774044037,0.0,0.19230769230769232,0.8076923076923077
both/effect,melt_transition_2,42,False,CUT,70.8156509399414,12,0.2023198902606964,0.07057788968086243,0.25961538461538464,0.28846153846153844,0.451923076923077
both/effect,melt_transition_2,43,False,REAL,71.05887603759766,8,0.42107003927230835,0.16893599927425385,0.125,0.11538461538461539,0.7596153846153846
both/effect,shadow_smoke_0,42,False,REAL,74.45770263671875,13,0.2312687635421753,0.10135679692029953,0.0673076923076923,0.125,0.8076923076923077
both/effect,shadow_smoke_0,43,False,REAL,74.40557861328125,5,0.5167275667190552,0.19058014452457428,0.07692307692307693,0.08653846153846154,0.8365384615384616
both/effect,hero_flight_5,42,False,REAL,80.48435974121094,46,0.16125595569610596,0.07749027013778687,0.08653846153846154,0.34615384615384615,0.5673076923076923
both/effect,hero_flight_5,43,False,REAL,80.5323715209961,33,0.2976086735725403,0.1816452145576477,0.028846153846153848,0.27884615384615385,0.6923076923076923
both/effect,hero_flight_1,42,False,REAL,88.36711883544922,73,0.12373312562704086,0.05259651690721512,0.038461538461538464,0.0,0.9615384615384616
both/effect,hero_flight_1,43,False,REAL,88.31926727294922,65,0.22580906748771667,0.11356934159994125,0.019230769230769232,0.019230769230769232,0.9615384615384615
both/effect,earth_wave_3,42,False,REAL,83.24076080322266,19,0.3301752805709839,0.1283245086669922,0.07692307692307693,0.25961538461538464,0.6634615384615385
both/effect,earth_wave_3,43,False,REAL,83.00721740722656,11,0.2693291902542114,0.11116921901702881,0.0673076923076923,0.18269230769230768,0.75
both/effect,air_bending_1,42,False,REAL,67.56620788574219,45,0.2178545743227005,0.12314021587371826,0.038461538461538464,0.4519230769230769,0.5096153846153846
both/effect,air_bending_1,43,False,REAL,67.53155517578125,52,0.20418712496757507,0.12774240970611572,0.17307692307692307,0.3173076923076923,0.5096153846153846
both/effect,hero_flight_6,42,False,REAL,79.70121765136719,38,0.2736738920211792,0.11240296810865402,0.009615384615384616,0.009615384615384616,0.9807692307692308
both/effect,hero_flight_6,43,False,REAL,79.5810317993164,12,0.2630462050437927,0.16747111082077026,0.009615384615384616,0.009615384615384616,0.9807692307692308
both/effect,shadow_smoke_7,42,False,REAL,93.9837417602539,16,0.193634033203125,0.0722234845161438,0.07692307692307693,0.23076923076923078,0.6923076923076923
both/effect,shadow_smoke_7,43,False,REAL,94.01202392578125,9,0.3269430100917816,0.1606890857219696,0.09615384615384616,0.3173076923076923,0.5865384615384616
both/effect,hero_flight_5,42,False,REAL,80.38985443115234,56,0.07070446014404297,0.02436208724975586,0.14423076923076922,0.2692307692307692,0.5865384615384617
both/effect,hero_flight_5,43,False,REAL,80.2484130859375,60,0.10439436137676239,0.03537600114941597,0.038461538461538464,0.28846153846153844,0.6730769230769231
both/effect,hero_flight_6,42,False,REAL,79.65625762939453,37,0.2846706509590149,0.1166900098323822,0.009615384615384616,0.0,0.9903846153846154
both/effect,hero_flight_6,43,False,REAL,79.41641235351562,11,0.4413205683231354,0.17304295301437378,0.0673076923076923,0.0,0.9326923076923077
both/effect,earth_wave_3,42,False,REAL,83.25434112548828,54,0.14119619131088257,0.07930156588554382,0.09615384615384616,0.27884615384615385,0.625
both/effect,earth_wave_3,43,False,REAL,83.00165557861328,56,0.21691271662712097,0.10869979113340378,0.019230769230769232,0.15384615384615385,0.8269230769230769
both/effect,giant_grab_3,42,False,REAL,40.87196350097656,2,0.925427258014679,0.5037304162979126,0.0,0.0,1.0
both/effect,giant_grab_3,43,False,REAL,40.299766540527344,7,0.6385148167610168,0.3593999743461609,0.0,0.0,1.0
both/effect,earth_wave_3,42,False,REAL,83.2850341796875,15,0.24339765310287476,0.10896044969558716,0.09615384615384616,0.27884615384615385,0.625
both/effect,earth_wave_3,43,False,REAL,83.05235290527344,16,0.2087043821811676,0.08091896772384644,0.019230769230769232,0.125,0.8557692307692307
both/effect,giant_grab_3,42,False,REAL,40.81388473510742,28,0.8909006118774414,0.33648788928985596,0.0,0.0,1.0
both/effect,giant_grab_3,43,False,REAL,40.36793899536133,35,0.6767908930778503,0.2818447947502136,0.0,0.0,1.0
both/effect,hero_flight_5,42,True,REAL,80.5755386352539,14,0.21854493021965027,0.13134580850601196,0.21153846153846154,0.19230769230769232,0.5961538461538461
both/effect,hero_flight_5,43,False,REAL,80.43762969970703,5,0.6000453233718872,0.25661134719848633,0.15384615384615385,0.25961538461538464,0.5865384615384615
both/effect,water_bending_3,42,False,REAL,81.82298278808594,21,0.21326535940170288,0.08372801542282104,0.08653846153846154,0.125,0.7884615384615384
both/effect,water_bending_3,43,False,REAL,82.01007080078125,17,0.33558976650238037,0.14674830436706543,0.0673076923076923,0.11538461538461539,0.8173076923076923
both/effect,shadow_smoke_7,42,False,REAL,94.04283905029297,10,0.30548587441444397,0.1308065950870514,0.009615384615384616,0.19230769230769232,0.7980769230769231
both/effect,shadow_smoke_7,43,False,REAL,94.11031341552734,10,0.2519446015357971,0.09555232524871826,0.057692307692307696,0.41346153846153844,0.5288461538461539
both/effect,firelava_4,42,False,REAL,96.57406616210938,26,0.19969433546066284,0.08105462789535522,0.028846153846153848,0.1346153846153846,0.8365384615384616
both/effect,firelava_4,43,False,REAL,96.50772857666016,40,0.13622701168060303,0.06113743782043457,0.028846153846153848,0.16346153846153846,0.8076923076923077
both/effect,raven_transition_2,42,False,REAL,107.98623657226562,54,0.33517321944236755,0.21434232592582703,0.0,0.4423076923076923,0.5576923076923077
both/effect,raven_transition_2,43,False,REAL,108.6485595703125,67,0.38755786418914795,0.1837291270494461,0.0,0.3269230769230769,0.6730769230769231
both/effect,melt_transition_2,42,False,CUT,70.65760803222656,16,0.3383638560771942,0.132493793964386,0.17307692307692307,0.46153846153846156,0.3653846153846153
both/effect,melt_transition_2,43,False,CUT,70.88336944580078,12,0.2766490876674652,0.10633093118667603,0.1346153846153846,0.4230769230769231,0.44230769230769235
both/neutral,shadow_smoke_2,42,False,CUT,111.11099243164062,12,0.4496065676212311,0.2137574851512909,0.28846153846153844,0.4230769230769231,0.2884615384615385
both/neutral,shadow_smoke_2,43,False,CUT,111.43536376953125,13,0.33153560757637024,0.1540905237197876,0.0673076923076923,0.5096153846153846,0.42307692307692313
both/neutral,hero_flight_1,42,False,REAL,88.38442993164062,65,0.33159640431404114,0.12742388248443604,0.10576923076923077,0.0,0.8942307692307693
both/neutral,hero_flight_1,43,True,REAL,88.44747161865234,66,0.43599647283554077,0.21618950366973877,0.019230769230769232,0.04807692307692308,0.9326923076923076
both/effect,flying_cam_transition_4,42,False,REAL,77.375,23,0.6686950325965881,0.24332749843597412,0.057692307692307696,0.34615384615384615,0.5961538461538461
both/effect,flying_cam_transition_4,43,False,REAL,77.3106460571289,14,0.3764408826828003,0.1461000144481659,0.04807692307692308,0.16346153846153846,0.7884615384615384
both/neutral,hero_flight_5,42,True,CUT,80.6333236694336,0,0.9573484063148499,0.9491634964942932,0.07692307692307693,0.5384615384615384,0.3846153846153847
both/neutral,hero_flight_5,43,True,CUT,80.6379623413086,5,0.8404712677001953,0.35737448930740356,0.028846153846153848,0.7403846153846154,0.23076923076923073
both/neutral,shadow_smoke_0,42,True,REAL,74.24323272705078,2,1.1830551624298096,0.6542060375213623,0.07692307692307693,0.2980769230769231,0.625
both/neutral,shadow_smoke_0,43,False,REAL,74.35263061523438,7,0.37995094060897827,0.15588432550430298,0.08653846153846154,0.08653846153846154,0.8269230769230769
both/neutral,hero_flight_6,42,False,REAL,79.80211639404297,28,0.32455310225486755,0.12849168479442596,0.009615384615384616,0.009615384615384616,0.9807692307692308
both/neutral,hero_flight_6,43,False,REAL,79.63153839111328,1,1.0869271755218506,0.5973886251449585,0.019230769230769232,0.019230769230769232,0.9615384615384615
both/neutral,shadow_smoke_7,42,True,REAL,93.94097900390625,3,0.598359227180481,0.2471415102481842,0.07692307692307693,0.18269230769230768,0.7403846153846154
both/neutral,shadow_smoke_7,43,True,CUT,94.04983520507812,0,0.8773061037063599,0.8701906800270081,0.1346153846153846,0.5673076923076923,0.29807692307692313
both/neutral,melt_transition_2,42,True,CUT,70.56621551513672,9,0.6105638146400452,0.24044322967529297,0.3942307692307692,0.4423076923076923,0.16346153846153855
both/neutral,melt_transition_2,43,False,REAL,71.04654693603516,21,0.34410855174064636,0.14141447842121124,0.19230769230769232,0.17307692307692307,0.6346153846153846
both/neutral,display_transition_1,42,True,REAL,44.542701721191406,0,0.9421745538711548,0.9333266019821167,0.38461538461538464,0.04807692307692308,0.5673076923076923
both/neutral,display_transition_1,43,True,REAL,44.654197692871094,35,0.24644094705581665,0.0869033932685852,0.3173076923076923,0.14423076923076922,0.5384615384615385
both/neutral,earth_wave_3,42,False,REAL,83.28240203857422,5,0.4583117663860321,0.28577563166618347,0.17307692307692307,0.27884615384615385,0.548076923076923
both/neutral,earth_wave_3,43,False,REAL,83.0689468383789,6,0.45015856623649597,0.1900784969329834,0.09615384615384616,0.15384615384615385,0.75
both/neutral,raven_transition_2,42,True,REAL,108.1083984375,39,0.4423319101333618,0.4402090907096863,0.0,0.4423076923076923,0.5576923076923077
both/neutral,raven_transition_2,43,True,REAL,108.84782409667969,19,0.5888844132423401,0.5924622416496277,0.0,0.19230769230769232,0.8076923076923077
both/neutral,water_bending_3,42,False,REAL,81.93426513671875,33,0.27770915627479553,0.09779044985771179,0.22115384615384615,0.1346153846153846,0.6442307692307693
both/neutral,water_bending_3,43,True,REAL,81.9625244140625,20,1.0904958248138428,0.5683178901672363,0.11538461538461539,0.1346153846153846,0.75
both/neutral,air_bending_1,42,True,CUT,67.5556869506836,2,0.871795654296875,0.6226090788841248,0.4807692307692308,0.4230769230769231,0.09615384615384609
both/neutral,air_bending_1,43,False,CUT,67.52164459228516,6,0.4028351902961731,0.20861244201660156,0.3076923076923077,0.46153846153846156,0.23076923076923073
both/neutral,giant_grab_3,42,False,REAL,40.79352951049805,32,0.6322237849235535,0.33038848638534546,0.0,0.0,1.0
both/neutral,giant_grab_3,43,True,REAL,40.00644302368164,59,0.38490307331085205,0.39891040325164795,0.0,0.0,1.0
both/neutral,firelava_4,42,False,REAL,96.49983215332031,42,0.2425316870212555,0.0951564610004425,0.028846153846153848,0.1346153846153846,0.8365384615384616
both/neutral,firelava_4,43,True,REAL,96.49014282226562,42,0.5135462284088135,0.4361738860607147,0.028846153846153848,0.2692307692307692,0.7019230769230769
both/neutral,flying_cam_transition_4,42,False,REAL,77.3982925415039,41,0.2144409418106079,0.08342337608337402,0.057692307692307696,0.3942307692307692,0.5480769230769231
both/neutral,flying_cam_transition_4,43,False,REAL,77.22370147705078,54,0.130601167678833,0.04371142387390137,0.04807692307692308,0.21153846153846154,0.7403846153846153
both/neutral,earth_wave_5,42,True,REAL,90.67389678955078,38,0.31445634365081787,0.18143397569656372,0.07692307692307693,0.2980769230769231,0.625
both/neutral,earth_wave_5,43,True,REAL,90.61996459960938,35,0.1913568377494812,0.10250258445739746,0.11538461538461539,0.38461538461538464,0.49999999999999994
both/neutral,giant_grab_5,42,False,REAL,41.35176467895508,24,0.21286480128765106,0.16254720091819763,0.038461538461538464,0.1346153846153846,0.826923076923077
both/neutral,giant_grab_5,43,False,REAL,41.27678298950195,45,0.4928673505783081,0.2761375308036804,0.07692307692307693,0.1346153846153846,0.7884615384615385
both/neutral,flame_transition_2,42,True,REAL,65.58097076416016,0,1.3273521661758423,1.3152276277542114,0.2403846153846154,0.14423076923076922,0.6153846153846154
both/neutral,flame_transition_2,43,True,REAL,65.49637603759766,0,0.871091365814209,0.855385422706604,0.36538461538461536,0.1346153846153846,0.5
both/neutral,flame_transition_3,42,True,REAL,74.57957458496094,0,0.9639438390731812,0.9495555758476257,0.23076923076923078,0.25961538461538464,0.5096153846153846
both/neutral,flame_transition_3,43,False,REAL,74.57604217529297,4,0.6758559942245483,0.4493488669395447,0.17307692307692307,0.1346153846153846,0.6923076923076923
both/effect,air_bending_1,42,False,REAL,67.6119384765625,46,0.25830039381980896,0.19026200473308563,0.07692307692307693,0.28846153846153844,0.6346153846153847
both/effect,air_bending_1,43,False,REAL,67.52909088134766,34,0.2316163331270218,0.11529415845870972,0.17307692307692307,0.125,0.7019230769230769
both/effect,air_bending_1,42,False,REAL,67.66566467285156,7,0.6233513355255127,0.23484736680984497,0.038461538461538464,0.41346153846153844,0.5480769230769231
both/effect,air_bending_1,43,False,REAL,67.55419921875,17,0.3925771713256836,0.23377323150634766,0.019230769230769232,0.33653846153846156,0.6442307692307692
both/effect,display_transition_1,42,True,REAL,44.60299301147461,7,0.3199412226676941,0.11250361800193787,0.057692307692307696,0.08653846153846154,0.8557692307692307
both/effect,display_transition_1,43,False,REAL,44.4271240234375,7,0.36179178953170776,0.13528937101364136,0.0673076923076923,0.14423076923076922,0.7884615384615385
both/effect,firelava_4,42,False,REAL,96.6624755859375,47,0.21422499418258667,0.10799705982208252,0.028846153846153848,0.1346153846153846,0.8365384615384616
both/effect,firelava_4,43,False,REAL,96.57447052001953,30,0.41676852107048035,0.3366856276988983,0.028846153846153848,0.2403846153846154,0.7307692307692307
both/effect,earth_wave_5,42,False,REAL,90.65776062011719,18,0.3219495415687561,0.1109270453453064,0.07692307692307693,0.16346153846153846,0.7596153846153847
both/effect,earth_wave_5,43,False,REAL,90.61996459960938,11,0.22374936938285828,0.08408790826797485,0.08653846153846154,0.3269230769230769,0.5865384615384615
both/effect,firelava_4,42,False,REAL,96.52242279052734,42,0.23534229397773743,0.13329103589057922,0.028846153846153848,0.4230769230769231,0.5480769230769231
both/effect,firelava_4,43,False,REAL,96.44459533691406,33,0.2890016436576843,0.11350613832473755,0.028846153846153848,0.2692307692307692,0.7019230769230769
both/effect,hero_flight_6,42,False,REAL,79.8084716796875,67,0.2709301710128784,0.13211041688919067,0.009615384615384616,0.0,0.9903846153846154
both/effect,hero_flight_6,43,False,REAL,79.50489044189453,55,0.26538801193237305,0.1259216070175171,0.057692307692307696,0.019230769230769232,0.923076923076923
both/effect,water_bending_3,42,False,REAL,81.96826171875,16,0.4188135862350464,0.17306184768676758,0.22115384615384615,0.1346153846153846,0.6442307692307693
both/effect,water_bending_3,43,False,REAL,81.91472625732422,16,0.5472122430801392,0.2993415594100952,0.28846153846153844,0.15384615384615385,0.5576923076923077
both/effect,giant_grab_5,42,True,REAL,41.26953125,48,0.5745863914489746,0.549584686756134,0.04807692307692308,0.1346153846153846,0.8173076923076923
both/effect,giant_grab_5,43,False,REAL,41.381141662597656,26,0.8249632120132446,0.34340858459472656,0.0673076923076923,0.1346153846153846,0.7980769230769231
both/effect,hero_flight_5,42,True,REAL,80.56367492675781,23,0.4516794681549072,0.40999698638916016,0.07692307692307693,0.3557692307692308,0.5673076923076923
both/effect,hero_flight_5,43,True,CUT,80.5324935913086,3,0.7731984853744507,0.7606313228607178,0.028846153846153848,0.7019230769230769,0.2692307692307693
both/effect,earth_wave_5,42,False,REAL,90.65547943115234,52,0.16654321551322937,0.05947461724281311,0.08653846153846154,0.19230769230769232,0.7211538461538461
both/effect,earth_wave_5,43,False,REAL,90.61942291259766,52,0.25325387716293335,0.10085815191268921,0.07692307692307693,0.27884615384615385,0.6442307692307693
both/effect,flame_transition_2,42,False,REAL,65.57319641113281,5,0.4911007583141327,0.19311048090457916,0.009615384615384616,0.3557692307692308,0.6346153846153846
both/effect,flame_transition_2,43,False,REAL,65.64110565185547,5,0.45741504430770874,0.15752440690994263,0.009615384615384616,0.38461538461538464,0.6057692307692308
both/effect,flame_transition_3,42,False,REAL,74.4756851196289,16,0.31615006923675537,0.12191218137741089,0.10576923076923077,0.41346153846153844,0.48076923076923084
both/effect,flame_transition_3,43,False,REAL,74.64327239990234,14,0.22872385382652283,0.08616296201944351,0.019230769230769232,0.40384615384615385,0.5769230769230769
both/effect,shadow_smoke_0,42,False,REAL,74.46863555908203,15,0.2754310965538025,0.09814125299453735,0.07692307692307693,0.09615384615384616,0.826923076923077
both/effect,shadow_smoke_0,43,False,REAL,74.21052551269531,5,0.5730692148208618,0.20026493072509766,0.14423076923076922,0.08653846153846154,0.7692307692307693
both/effect,air_bending_1,42,False,DISSOLVE,67.62256622314453,3,1.0542776584625244,0.45623040199279785,0.23076923076923078,0.41346153846153844,0.3557692307692307
both/effect,air_bending_1,43,False,CUT,67.59309387207031,3,0.7733390927314758,0.28104573488235474,0.22115384615384615,0.4230769230769231,0.3557692307692308
both/effect,hero_flight_6,42,False,REAL,79.67178344726562,72,0.21525371074676514,0.10259139537811279,0.009615384615384616,0.019230769230769232,0.9711538461538461
both/effect,hero_flight_6,43,False,REAL,79.10322570800781,59,0.3231041729450226,0.1313793659210205,0.009615384615384616,0.057692307692307696,0.9326923076923077
both/effect,hero_flight_5,42,False,REAL,80.62287902832031,34,0.1918233036994934,0.07498109340667725,0.057692307692307696,0.3076923076923077,0.6346153846153846
both/effect,hero_flight_5,43,False,REAL,80.4132308959961,22,0.3910265564918518,0.22157180309295654,0.038461538461538464,0.28846153846153844,0.6730769230769231
both/effect,giant_grab_3,42,False,REAL,41.02748489379883,2,1.0575560331344604,0.47350144386291504,0.0,0.0,1.0
both/effect,giant_grab_3,43,False,REAL,40.74879455566406,3,0.7017437219619751,0.47647038102149963,0.0,0.0,1.0
both/effect,shadow_smoke_0,42,False,REAL,74.86097717285156,3,0.619787871837616,0.22174327075481415,0.11538461538461539,0.0673076923076923,0.8173076923076923
both/effect,shadow_smoke_0,43,False,REAL,74.33637237548828,0,1.4452667236328125,0.9277737140655518,0.11538461538461539,0.08653846153846154,0.798076923076923
both/effect,flying_cam_transition_4,42,False,REAL,77.42816925048828,38,0.12852227687835693,0.05550354719161987,0.04807692307692308,0.33653846153846156,0.6153846153846153
both/effect,flying_cam_transition_4,43,False,REAL,77.28782653808594,24,0.14078283309936523,0.09106588363647461,0.04807692307692308,0.17307692307692307,0.7788461538461537
both/effect,firelava_4,42,False,REAL,96.60629272460938,24,0.25337180495262146,0.10799044370651245,0.028846153846153848,0.4230769230769231,0.5480769230769231
both/effect,firelava_4,43,False,REAL,96.52053833007812,27,0.220381498336792,0.09884583950042725,0.019230769230769232,0.23076923076923078,0.75
both/effect,display_transition_1,42,False,REAL,44.4974479675293,13,0.293018102645874,0.10092255473136902,0.16346153846153846,0.07692307692307693,0.7596153846153846
both/effect,display_transition_1,43,False,REAL,44.40414047241211,21,0.231727734208107,0.1240883320569992,0.16346153846153846,0.14423076923076922,0.6923076923076923
both/effect,melt_transition_2,42,False,CUT,70.59093475341797,38,0.40782222151756287,0.17125487327575684,0.14423076923076922,0.46153846153846156,0.3942307692307693
both/effect,melt_transition_2,43,False,CUT,70.80464935302734,43,0.3585844933986664,0.16113094985485077,0.125,0.4326923076923077,0.4423076923076923
start(regen)/neutral,water_bending_3,42,True,REAL,132.08554077148438,39,0.6133307218551636,0.2669072449207306,0.09009009009009009,0.08108108108108109,0.8288288288288288
start(regen)/neutral,water_bending_3,43,True,REAL,126.79972839355469,4,0.8155878186225891,0.36574965715408325,0.2702702702702703,0.09009009009009009,0.6396396396396397
start(regen)/neutral,firelava_4,42,True,REAL,97.59502410888672,37,0.6839920282363892,0.4211035370826721,0.02702702702702703,0.009009009009009009,0.963963963963964
start(regen)/neutral,firelava_4,43,False,REAL,91.44501495361328,18,0.492800772190094,0.20757389068603516,0.02702702702702703,0.05405405405405406,0.918918918918919
start(regen)/neutral,flying_cam_transition_4,42,True,REAL,91.58821868896484,42,0.3307102918624878,0.14354461431503296,0.05405405405405406,0.2882882882882883,0.6576576576576576
start(regen)/neutral,flying_cam_transition_4,43,False,REAL,78.09618377685547,23,0.20480766892433167,0.08397358655929565,0.04504504504504504,0.3783783783783784,0.5765765765765766
start(regen)/neutral,hero_flight_1,42,False,REAL,62.6223030090332,60,0.13994501531124115,0.06335091590881348,0.02702702702702703,0.24324324324324326,0.7297297297297298
start(regen)/neutral,hero_flight_1,43,False,REAL,42.20706558227539,5,0.6353948712348938,0.3215166926383972,0.009009009009009009,0.09009009009009009,0.9009009009009009
start(regen)/neutral,shadow_smoke_2,42,True,CUT,104.73790740966797,1,0.8511803150177002,0.8360118865966797,0.2702702702702703,0.7207207207207207,0.009009009009009028
start(regen)/neutral,shadow_smoke_2,43,False,CUT,122.529541015625,11,0.4978958070278168,0.2254205346107483,0.07207207207207207,0.4954954954954955,0.4324324324324324
start(regen)/neutral,hero_flight_5,42,False,CUT,76.907958984375,25,0.09739184379577637,0.039771080017089844,0.0990990990990991,0.4954954954954955,0.40540540540540543
start(regen)/neutral,hero_flight_5,43,False,REAL,67.10306549072266,3,1.2297446727752686,0.5277848243713379,0.018018018018018018,0.0990990990990991,0.8828828828828829
start(regen)/neutral,shadow_smoke_0,42,True,REAL,87.37203216552734,0,0.9809288382530212,0.955763578414917,0.09009009009009009,0.02702702702702703,0.882882882882883
start(regen)/neutral,shadow_smoke_0,43,False,REAL,90.62628936767578,3,0.7346147298812866,0.535857617855072,0.12612612612612611,0.009009009009009009,0.8648648648648648
start(regen)/neutral,display_transition_1,42,True,REAL,75.74810791015625,0,0.9085226058959961,0.8920109272003174,0.16216216216216217,0.08108108108108109,0.7567567567567568
start(regen)/neutral,display_transition_1,43,True,REAL,79.9609375,0,0.9731909036636353,0.9592872858047485,0.2702702702702703,0.08108108108108109,0.6486486486486487
start(regen)/neutral,earth_wave_3,42,True,REAL,104.89750671386719,0,0.8950979709625244,0.8853203058242798,0.16216216216216217,0.44144144144144143,0.3963963963963964
start(regen)/neutral,earth_wave_3,43,False,REAL,108.14132690429688,8,0.4146251082420349,0.23942959308624268,0.0990990990990991,0.12612612612612611,0.7747747747747749
start(regen)/neutral,hero_flight_6,42,False,REAL,108.89934539794922,40,0.1992036998271942,0.17911332845687866,0.018018018018018018,0.09009009009009009,0.8918918918918919
start(regen)/neutral,hero_flight_6,43,False,REAL,86.92474365234375,14,0.4962638020515442,0.2661340832710266,0.009009009009009009,0.018018018018018018,0.9729729729729729
start(regen)/neutral,shadow_smoke_7,42,True,REAL,123.80303955078125,3,0.7277775406837463,0.5572020411491394,0.07207207207207207,0.34234234234234234,0.5855855855855856
start(regen)/neutral,shadow_smoke_7,43,True,REAL,116.57401275634766,0,0.8597521185874939,0.8306236267089844,0.12612612612612611,0.09009009009009009,0.7837837837837838
start(regen)/neutral,melt_transition_2,42,True,REAL,76.62857055664062,0,0.9892976880073547,0.9824032783508301,0.27927927927927926,0.09009009009009009,0.6306306306306306
start(regen)/neutral,melt_transition_2,43,False,REAL,68.10843658447266,6,0.6534146666526794,0.47908973693847656,0.10810810810810811,0.1891891891891892,0.7027027027027026
start(regen)/neutral,raven_transition_2,42,True,REAL,103.42342376708984,31,0.430573970079422,0.42645132541656494,0.0,0.11711711711711711,0.8828828828828829
start(regen)/neutral,raven_transition_2,43,True,REAL,106.71329498291016,19,0.689437985420227,0.689140796661377,0.0,0.21621621621621623,0.7837837837837838
start(regen)/neutral,air_bending_1,42,True,REAL,76.9277572631836,0,0.9849104285240173,0.9726732969284058,0.16216216216216217,0.10810810810810811,0.7297297297297297
start(regen)/neutral,air_bending_1,43,True,REAL,95.9360580444336,0,0.9246575832366943,0.9004911780357361,0.2702702702702703,0.018018018018018018,0.7117117117117117
start(regen)/neutral,giant_grab_3,42,False,REAL,28.65891456604004,18,0.8446199297904968,0.4211099445819855,0.0,0.009009009009009009,0.990990990990991
start(regen)/neutral,giant_grab_3,43,False,REAL,35.37872314453125,95,0.4491655230522156,0.24128080904483795,0.0,0.009009009009009009,0.990990990990991
GT clip (same endpoints),air_bending_1,-1,,GT,68.95417785644531,13,0.24866163730621338,0.08605271577835083,0.16346153846153846,0.125,0.7115384615384616
GT clip (same endpoints),display_transition_1,-1,,GT,45.149906158447266,31,0.16982603073120117,0.06099885702133179,0.09615384615384616,0.009615384615384616,0.8942307692307693
GT clip (same endpoints),earth_wave_3,-1,,GT,81.98289489746094,11,0.234928160905838,0.08097407221794128,0.10576923076923077,0.038461538461538464,0.8557692307692308
GT clip (same endpoints),earth_wave_5,-1,,GT,90.23703002929688,24,0.31740429997444153,0.11603596806526184,0.057692307692307696,0.0673076923076923,0.875
GT clip (same endpoints),firelava_4,-1,,GT,96.73543548583984,41,0.145595520734787,0.06049704551696777,0.028846153846153848,0.08653846153846154,0.8846153846153846
GT clip (same endpoints),flame_transition_2,-1,,GT,66.19791412353516,19,0.25081026554107666,0.11930787563323975,0.09615384615384616,0.22115384615384615,0.6826923076923077
GT clip (same endpoints),flame_transition_3,-1,,GT,75.51991271972656,24,0.24367719888687134,0.1078420877456665,0.10576923076923077,0.16346153846153846,0.7307692307692308
GT clip (same endpoints),flying_cam_transition_4,-1,,GT,76.99722290039062,59,0.14090567827224731,0.07109761238098145,0.038461538461538464,0.019230769230769232,0.9423076923076923
GT clip (same endpoints),giant_grab_3,-1,,GT,41.5112419128418,26,0.4994748532772064,0.30001458525657654,0.0,0.0,1.0
GT clip (same endpoints),giant_grab_5,-1,,GT,42.15260696411133,45,0.3005914092063904,0.16617560386657715,0.07692307692307693,0.028846153846153848,0.8942307692307693
GT clip (same endpoints),hero_flight_1,-1,,GT,87.24577331542969,48,0.43369799852371216,0.4384022355079651,0.019230769230769232,0.0,0.9807692307692307
GT clip (same endpoints),hero_flight_5,-1,,GT,79.41058349609375,67,0.1524895429611206,0.15052616596221924,0.04807692307692308,0.009615384615384616,0.9423076923076923
GT clip (same endpoints),hero_flight_6,-1,,GT,79.62259674072266,30,0.3633728623390198,0.3194758892059326,0.019230769230769232,0.0,0.9807692307692307
GT clip (same endpoints),melt_transition_2,-1,,GT,71.18402099609375,25,0.12171041965484619,0.04283475875854492,0.19230769230769232,0.14423076923076922,0.6634615384615385
GT clip (same endpoints),raven_transition_2,-1,,GT,106.36166381835938,71,0.3965160548686981,0.27653610706329346,0.0,0.0673076923076923,0.9326923076923077
GT clip (same endpoints),shadow_smoke_0,-1,,GT,75.21721649169922,13,0.2359265834093094,0.08192084729671478,0.07692307692307693,0.019230769230769232,0.9038461538461539
GT clip (same endpoints),shadow_smoke_2,-1,,GT,109.75772094726562,36,0.12639835476875305,0.04723411798477173,0.038461538461538464,0.09615384615384616,0.8653846153846154
GT clip (same endpoints),shadow_smoke_7,-1,,GT,93.57485961914062,18,0.22288325428962708,0.08197575807571411,0.038461538461538464,0.038461538461538464,0.9230769230769231
GT clip (same endpoints),water_bending_3,-1,,GT,81.90457153320312,11,0.20472969114780426,0.07402677834033966,0.0673076923076923,0.0673076923076923,0.8653846153846154
